{"type":"FeatureCollection","features":[{"type":"Feature","geometry":{"type":"Polygon","coordinates":[[[135,-15.46875],[136.40625,-15.46875],[136.40625,-14.0625],[135,-14.0625],[135,-15.46875]]]},"properties":{"n":3170}},{"type":"Feature","geometry":{"type":"Polygon","coordinates":[[[-16.875,19.6875],[-15.46875,19.6875],[-15.46875,21.09375],[-16.875,21.09375],[-16.875,19.6875]]]},"properties":{"n":1636}},{"type":"Feature","geometry":{"type":"Polygon","coordinates":[[[136.40625,-14.0625],[137.8125,-14.0625],[137.8125,-12.65625],[136.40625,-12.65625],[136.40625,-14.0625]]]},"properties":{"n":1021}},{"type":"Feature","geometry":{"type":"Polygon","coordinates":[[[140.625,-14.0625],[142.03125,-14.0625],[142.03125,-12.65625],[140.625,-12.65625],[140.625,-14.0625]]]},"properties":{"n":586}},{"type":"Feature","geometry":{"type":"Polygon","coordinates":[[[135,-14.0625],[136.40625,-14.0625],[136.40625,-12.65625],[135,-12.65625],[135,-14.0625]]]},"properties":{"n":580}},{"type":"Feature","geometry":{"type":"Polygon","coordinates":[[[-14.0625,8.4375],[-12.65625,8.4375],[-12.65625,9.84375],[-14.0625,9.84375],[-14.0625,8.4375]]]},"properties":{"n":420}},{"type":"Feature","geometry":{"type":"Polygon","coordinates":[[[136.40625,-15.46875],[137.8125,-15.46875],[137.8125,-14.0625],[136.40625,-14.0625],[136.40625,-15.46875]]]},"properties":{"n":341}},{"type":"Feature","geometry":{"type":"Polygon","coordinates":[[[140.625,-12.65625],[142.03125,-12.65625],[142.03125,-11.25],[140.625,-11.25],[140.625,-12.65625]]]},"properties":{"n":334}},{"type":"Feature","geometry":{"type":"Polygon","coordinates":[[[-78.75,32.34375],[-77.34375,32.34375],[-77.34375,33.75],[-78.75,33.75],[-78.75,32.34375]]]},"properties":{"n":221}},{"type":"Feature","geometry":{"type":"Polygon","coordinates":[[[-77.34375,33.75],[-75.9375,33.75],[-75.9375,35.15625],[-77.34375,35.15625],[-77.34375,33.75]]]},"properties":{"n":205}},{"type":"Feature","geometry":{"type":"Polygon","coordinates":[[[-81.5625,30.9375],[-80.15625,30.9375],[-80.15625,32.34375],[-81.5625,32.34375],[-81.5625,30.9375]]]},"properties":{"n":205}},{"type":"Feature","geometry":{"type":"Polygon","coordinates":[[[-80.15625,32.34375],[-78.75,32.34375],[-78.75,33.75],[-80.15625,33.75],[-80.15625,32.34375]]]},"properties":{"n":194}},{"type":"Feature","geometry":{"type":"Polygon","coordinates":[[[-81.5625,29.53125],[-80.15625,29.53125],[-80.15625,30.9375],[-81.5625,30.9375],[-81.5625,29.53125]]]},"properties":{"n":185}},{"type":"Feature","geometry":{"type":"Polygon","coordinates":[[[139.21875,-16.875],[140.625,-16.875],[140.625,-15.46875],[139.21875,-15.46875],[139.21875,-16.875]]]},"properties":{"n":165}},{"type":"Feature","geometry":{"type":"Polygon","coordinates":[[[-75.9375,35.15625],[-74.53125,35.15625],[-74.53125,36.5625],[-75.9375,36.5625],[-75.9375,35.15625]]]},"properties":{"n":164}},{"type":"Feature","geometry":{"type":"Polygon","coordinates":[[[0,42.1875],[1.40625,42.1875],[1.40625,43.59375],[0,43.59375],[0,42.1875]]]},"properties":{"n":152}},{"type":"Feature","geometry":{"type":"Polygon","coordinates":[[[32.34375,-29.53125],[33.75,-29.53125],[33.75,-28.125],[32.34375,-28.125],[32.34375,-29.53125]]]},"properties":{"n":150}},{"type":"Feature","geometry":{"type":"Polygon","coordinates":[[[12.65625,-8.4375],[14.0625,-8.4375],[14.0625,-7.03125],[12.65625,-7.03125],[12.65625,-8.4375]]]},"properties":{"n":147}},{"type":"Feature","geometry":{"type":"Polygon","coordinates":[[[-2.8125,4.21875],[-1.40625,4.21875],[-1.40625,5.625],[-2.8125,5.625],[-2.8125,4.21875]]]},"properties":{"n":143}},{"type":"Feature","geometry":{"type":"Polygon","coordinates":[[[12.65625,-12.65625],[14.0625,-12.65625],[14.0625,-11.25],[12.65625,-11.25],[12.65625,-12.65625]]]},"properties":{"n":137}},{"type":"Feature","geometry":{"type":"Polygon","coordinates":[[[-78.75,33.75],[-77.34375,33.75],[-77.34375,35.15625],[-78.75,35.15625],[-78.75,33.75]]]},"properties":{"n":134}},{"type":"Feature","geometry":{"type":"Polygon","coordinates":[[[11.25,-7.03125],[12.65625,-7.03125],[12.65625,-5.625],[11.25,-5.625],[11.25,-7.03125]]]},"properties":{"n":128}},{"type":"Feature","geometry":{"type":"Polygon","coordinates":[[[122.34375,9.84375],[123.75,9.84375],[123.75,11.25],[122.34375,11.25],[122.34375,9.84375]]]},"properties":{"n":121}},{"type":"Feature","geometry":{"type":"Polygon","coordinates":[[[137.8125,-16.875],[139.21875,-16.875],[139.21875,-15.46875],[137.8125,-15.46875],[137.8125,-16.875]]]},"properties":{"n":121}},{"type":"Feature","geometry":{"type":"Polygon","coordinates":[[[12.65625,-11.25],[14.0625,-11.25],[14.0625,-9.84375],[12.65625,-9.84375],[12.65625,-11.25]]]},"properties":{"n":110}},{"type":"Feature","geometry":{"type":"Polygon","coordinates":[[[129.375,30.9375],[130.78125,30.9375],[130.78125,32.34375],[129.375,32.34375],[129.375,30.9375]]]},"properties":{"n":109}},{"type":"Feature","geometry":{"type":"Polygon","coordinates":[[[11.25,-5.625],[12.65625,-5.625],[12.65625,-4.21875],[11.25,-4.21875],[11.25,-5.625]]]},"properties":{"n":107}},{"type":"Feature","geometry":{"type":"Polygon","coordinates":[[[35.15625,33.75],[36.5625,33.75],[36.5625,35.15625],[35.15625,35.15625],[35.15625,33.75]]]},"properties":{"n":102}},{"type":"Feature","geometry":{"type":"Polygon","coordinates":[[[1.40625,39.375],[2.8125,39.375],[2.8125,40.78125],[1.40625,40.78125],[1.40625,39.375]]]},"properties":{"n":102}},{"type":"Feature","geometry":{"type":"Polygon","coordinates":[[[-16.875,9.84375],[-15.46875,9.84375],[-15.46875,11.25],[-16.875,11.25],[-16.875,9.84375]]]},"properties":{"n":98}},{"type":"Feature","geometry":{"type":"Polygon","coordinates":[[[8.4375,2.8125],[9.84375,2.8125],[9.84375,4.21875],[8.4375,4.21875],[8.4375,2.8125]]]},"properties":{"n":97}},{"type":"Feature","geometry":{"type":"Polygon","coordinates":[[[8.4375,-1.40625],[9.84375,-1.40625],[9.84375,0],[8.4375,0],[8.4375,-1.40625]]]},"properties":{"n":94}},{"type":"Feature","geometry":{"type":"Polygon","coordinates":[[[12.65625,-9.84375],[14.0625,-9.84375],[14.0625,-8.4375],[12.65625,-8.4375],[12.65625,-9.84375]]]},"properties":{"n":92}},{"type":"Feature","geometry":{"type":"Polygon","coordinates":[[[-81.5625,28.125],[-80.15625,28.125],[-80.15625,29.53125],[-81.5625,29.53125],[-81.5625,28.125]]]},"properties":{"n":91}},{"type":"Feature","geometry":{"type":"Polygon","coordinates":[[[-7.03125,4.21875],[-5.625,4.21875],[-5.625,5.625],[-7.03125,5.625],[-7.03125,4.21875]]]},"properties":{"n":90}},{"type":"Feature","geometry":{"type":"Polygon","coordinates":[[[-75.9375,33.75],[-74.53125,33.75],[-74.53125,35.15625],[-75.9375,35.15625],[-75.9375,33.75]]]},"properties":{"n":89}},{"type":"Feature","geometry":{"type":"Polygon","coordinates":[[[9.84375,-4.21875],[11.25,-4.21875],[11.25,-2.8125],[9.84375,-2.8125],[9.84375,-4.21875]]]},"properties":{"n":81}},{"type":"Feature","geometry":{"type":"Polygon","coordinates":[[[-1.40625,4.21875],[0,4.21875],[0,5.625],[-1.40625,5.625],[-1.40625,4.21875]]]},"properties":{"n":81}},{"type":"Feature","geometry":{"type":"Polygon","coordinates":[[[-75.9375,36.5625],[-74.53125,36.5625],[-74.53125,37.96875],[-75.9375,37.96875],[-75.9375,36.5625]]]},"properties":{"n":77}},{"type":"Feature","geometry":{"type":"Polygon","coordinates":[[[7.03125,4.21875],[8.4375,4.21875],[8.4375,5.625],[7.03125,5.625],[7.03125,4.21875]]]},"properties":{"n":76}},{"type":"Feature","geometry":{"type":"Polygon","coordinates":[[[-11.25,5.625],[-9.84375,5.625],[-9.84375,7.03125],[-11.25,7.03125],[-11.25,5.625]]]},"properties":{"n":75}},{"type":"Feature","geometry":{"type":"Polygon","coordinates":[[[126.5625,33.75],[127.96875,33.75],[127.96875,35.15625],[126.5625,35.15625],[126.5625,33.75]]]},"properties":{"n":74}},{"type":"Feature","geometry":{"type":"Polygon","coordinates":[[[1.40625,5.625],[2.8125,5.625],[2.8125,7.03125],[1.40625,7.03125],[1.40625,5.625]]]},"properties":{"n":73}},{"type":"Feature","geometry":{"type":"Polygon","coordinates":[[[4.21875,5.625],[5.625,5.625],[5.625,7.03125],[4.21875,7.03125],[4.21875,5.625]]]},"properties":{"n":72}},{"type":"Feature","geometry":{"type":"Polygon","coordinates":[[[2.8125,5.625],[4.21875,5.625],[4.21875,7.03125],[2.8125,7.03125],[2.8125,5.625]]]},"properties":{"n":72}},{"type":"Feature","geometry":{"type":"Polygon","coordinates":[[[130.78125,-12.65625],[132.1875,-12.65625],[132.1875,-11.25],[130.78125,-11.25],[130.78125,-12.65625]]]},"properties":{"n":70}},{"type":"Feature","geometry":{"type":"Polygon","coordinates":[[[33.75,32.34375],[35.15625,32.34375],[35.15625,33.75],[33.75,33.75],[33.75,32.34375]]]},"properties":{"n":69}},{"type":"Feature","geometry":{"type":"Polygon","coordinates":[[[-4.21875,4.21875],[-2.8125,4.21875],[-2.8125,5.625],[-4.21875,5.625],[-4.21875,4.21875]]]},"properties":{"n":69}},{"type":"Feature","geometry":{"type":"Polygon","coordinates":[[[139.21875,35.15625],[140.625,35.15625],[140.625,36.5625],[139.21875,36.5625],[139.21875,35.15625]]]},"properties":{"n":68}},{"type":"Feature","geometry":{"type":"Polygon","coordinates":[[[-12.65625,7.03125],[-11.25,7.03125],[-11.25,8.4375],[-12.65625,8.4375],[-12.65625,7.03125]]]},"properties":{"n":67}},{"type":"Feature","geometry":{"type":"Polygon","coordinates":[[[-80.15625,30.9375],[-78.75,30.9375],[-78.75,32.34375],[-80.15625,32.34375],[-80.15625,30.9375]]]},"properties":{"n":67}},{"type":"Feature","geometry":{"type":"Polygon","coordinates":[[[8.4375,0],[9.84375,0],[9.84375,1.40625],[8.4375,1.40625],[8.4375,0]]]},"properties":{"n":66}},{"type":"Feature","geometry":{"type":"Polygon","coordinates":[[[33.75,30.9375],[35.15625,30.9375],[35.15625,32.34375],[33.75,32.34375],[33.75,30.9375]]]},"properties":{"n":63}},{"type":"Feature","geometry":{"type":"Polygon","coordinates":[[[-5.625,4.21875],[-4.21875,4.21875],[-4.21875,5.625],[-5.625,5.625],[-5.625,4.21875]]]},"properties":{"n":62}},{"type":"Feature","geometry":{"type":"Polygon","coordinates":[[[8.4375,1.40625],[9.84375,1.40625],[9.84375,2.8125],[8.4375,2.8125],[8.4375,1.40625]]]},"properties":{"n":61}},{"type":"Feature","geometry":{"type":"Polygon","coordinates":[[[-14.0625,7.03125],[-12.65625,7.03125],[-12.65625,8.4375],[-14.0625,8.4375],[-14.0625,7.03125]]]},"properties":{"n":59}},{"type":"Feature","geometry":{"type":"Polygon","coordinates":[[[-88.59375,29.53125],[-87.1875,29.53125],[-87.1875,30.9375],[-88.59375,30.9375],[-88.59375,29.53125]]]},"properties":{"n":58}},{"type":"Feature","geometry":{"type":"Polygon","coordinates":[[[0,39.375],[1.40625,39.375],[1.40625,40.78125],[0,40.78125],[0,39.375]]]},"properties":{"n":57}},{"type":"Feature","geometry":{"type":"Polygon","coordinates":[[[-80.15625,25.3125],[-78.75,25.3125],[-78.75,26.71875],[-80.15625,26.71875],[-80.15625,25.3125]]]},"properties":{"n":57}},{"type":"Feature","geometry":{"type":"Polygon","coordinates":[[[8.4375,-2.8125],[9.84375,-2.8125],[9.84375,-1.40625],[8.4375,-1.40625],[8.4375,-2.8125]]]},"properties":{"n":55}},{"type":"Feature","geometry":{"type":"Polygon","coordinates":[[[146.25,-19.6875],[147.65625,-19.6875],[147.65625,-18.28125],[146.25,-18.28125],[146.25,-19.6875]]]},"properties":{"n":53}},{"type":"Feature","geometry":{"type":"Polygon","coordinates":[[[-82.96875,26.71875],[-81.5625,26.71875],[-81.5625,28.125],[-82.96875,28.125],[-82.96875,26.71875]]]},"properties":{"n":53}},{"type":"Feature","geometry":{"type":"Polygon","coordinates":[[[-49.21875,-28.125],[-47.8125,-28.125],[-47.8125,-26.71875],[-49.21875,-26.71875],[-49.21875,-28.125]]]},"properties":{"n":52}},{"type":"Feature","geometry":{"type":"Polygon","coordinates":[[[119.53125,14.0625],[120.9375,14.0625],[120.9375,15.46875],[119.53125,15.46875],[119.53125,14.0625]]]},"properties":{"n":51}},{"type":"Feature","geometry":{"type":"Polygon","coordinates":[[[126.5625,36.5625],[127.96875,36.5625],[127.96875,37.96875],[126.5625,37.96875],[126.5625,36.5625]]]},"properties":{"n":50}},{"type":"Feature","geometry":{"type":"Polygon","coordinates":[[[120.9375,23.90625],[122.34375,23.90625],[122.34375,25.3125],[120.9375,25.3125],[120.9375,23.90625]]]},"properties":{"n":50}},{"type":"Feature","geometry":{"type":"Polygon","coordinates":[[[-9.84375,4.21875],[-8.4375,4.21875],[-8.4375,5.625],[-9.84375,5.625],[-9.84375,4.21875]]]},"properties":{"n":50}},{"type":"Feature","geometry":{"type":"Polygon","coordinates":[[[-81.5625,26.71875],[-80.15625,26.71875],[-80.15625,28.125],[-81.5625,28.125],[-81.5625,26.71875]]]},"properties":{"n":49}},{"type":"Feature","geometry":{"type":"Polygon","coordinates":[[[129.375,-11.25],[130.78125,-11.25],[130.78125,-9.84375],[129.375,-9.84375],[129.375,-11.25]]]},"properties":{"n":47}},{"type":"Feature","geometry":{"type":"Polygon","coordinates":[[[115.3125,-32.34375],[116.71875,-32.34375],[116.71875,-30.9375],[115.3125,-30.9375],[115.3125,-32.34375]]]},"properties":{"n":47}},{"type":"Feature","geometry":{"type":"Polygon","coordinates":[[[130.78125,29.53125],[132.1875,29.53125],[132.1875,30.9375],[130.78125,30.9375],[130.78125,29.53125]]]},"properties":{"n":44}},{"type":"Feature","geometry":{"type":"Polygon","coordinates":[[[-81.5625,25.3125],[-80.15625,25.3125],[-80.15625,26.71875],[-81.5625,26.71875],[-81.5625,25.3125]]]},"properties":{"n":44}},{"type":"Feature","geometry":{"type":"Polygon","coordinates":[[[99.84375,12.65625],[101.25,12.65625],[101.25,14.0625],[99.84375,14.0625],[99.84375,12.65625]]]},"properties":{"n":42}},{"type":"Feature","geometry":{"type":"Polygon","coordinates":[[[130.78125,30.9375],[132.1875,30.9375],[132.1875,32.34375],[130.78125,32.34375],[130.78125,30.9375]]]},"properties":{"n":41}},{"type":"Feature","geometry":{"type":"Polygon","coordinates":[[[-73.125,11.25],[-71.71875,11.25],[-71.71875,12.65625],[-73.125,12.65625],[-73.125,11.25]]]},"properties":{"n":41}},{"type":"Feature","geometry":{"type":"Polygon","coordinates":[[[75.9375,8.4375],[77.34375,8.4375],[77.34375,9.84375],[75.9375,9.84375],[75.9375,8.4375]]]},"properties":{"n":40}},{"type":"Feature","geometry":{"type":"Polygon","coordinates":[[[0,5.625],[1.40625,5.625],[1.40625,7.03125],[0,7.03125],[0,5.625]]]},"properties":{"n":40}},{"type":"Feature","geometry":{"type":"Polygon","coordinates":[[[-16.875,11.25],[-15.46875,11.25],[-15.46875,12.65625],[-16.875,12.65625],[-16.875,11.25]]]},"properties":{"n":40}},{"type":"Feature","geometry":{"type":"Polygon","coordinates":[[[-8.4375,4.21875],[-7.03125,4.21875],[-7.03125,5.625],[-8.4375,5.625],[-8.4375,4.21875]]]},"properties":{"n":38}},{"type":"Feature","geometry":{"type":"Polygon","coordinates":[[[-15.46875,8.4375],[-14.0625,8.4375],[-14.0625,9.84375],[-15.46875,9.84375],[-15.46875,8.4375]]]},"properties":{"n":38}},{"type":"Feature","geometry":{"type":"Polygon","coordinates":[[[-12.65625,5.625],[-11.25,5.625],[-11.25,7.03125],[-12.65625,7.03125],[-12.65625,5.625]]]},"properties":{"n":38}},{"type":"Feature","geometry":{"type":"Polygon","coordinates":[[[88.59375,21.09375],[90,21.09375],[90,22.5],[88.59375,22.5],[88.59375,21.09375]]]},"properties":{"n":37}},{"type":"Feature","geometry":{"type":"Polygon","coordinates":[[[-74.53125,39.375],[-73.125,39.375],[-73.125,40.78125],[-74.53125,40.78125],[-74.53125,39.375]]]},"properties":{"n":37}},{"type":"Feature","geometry":{"type":"Polygon","coordinates":[[[5.625,2.8125],[7.03125,2.8125],[7.03125,4.21875],[5.625,4.21875],[5.625,2.8125]]]},"properties":{"n":36}},{"type":"Feature","geometry":{"type":"Polygon","coordinates":[[[4.21875,4.21875],[5.625,4.21875],[5.625,5.625],[4.21875,5.625],[4.21875,4.21875]]]},"properties":{"n":36}},{"type":"Feature","geometry":{"type":"Polygon","coordinates":[[[4.21875,2.8125],[5.625,2.8125],[5.625,4.21875],[4.21875,4.21875],[4.21875,2.8125]]]},"properties":{"n":36}},{"type":"Feature","geometry":{"type":"Polygon","coordinates":[[[-15.46875,9.84375],[-14.0625,9.84375],[-14.0625,11.25],[-15.46875,11.25],[-15.46875,9.84375]]]},"properties":{"n":36}},{"type":"Feature","geometry":{"type":"Polygon","coordinates":[[[-87.1875,29.53125],[-85.78125,29.53125],[-85.78125,30.9375],[-87.1875,30.9375],[-87.1875,29.53125]]]},"properties":{"n":36}},{"type":"Feature","geometry":{"type":"Polygon","coordinates":[[[106.875,19.6875],[108.28125,19.6875],[108.28125,21.09375],[106.875,21.09375],[106.875,19.6875]]]},"properties":{"n":35}},{"type":"Feature","geometry":{"type":"Polygon","coordinates":[[[74.53125,11.25],[75.9375,11.25],[75.9375,12.65625],[74.53125,12.65625],[74.53125,11.25]]]},"properties":{"n":35}},{"type":"Feature","geometry":{"type":"Polygon","coordinates":[[[132.1875,-11.25],[133.59375,-11.25],[133.59375,-9.84375],[132.1875,-9.84375],[132.1875,-11.25]]]},"properties":{"n":35}},{"type":"Feature","geometry":{"type":"Polygon","coordinates":[[[-80.15625,26.71875],[-78.75,26.71875],[-78.75,28.125],[-80.15625,28.125],[-80.15625,26.71875]]]},"properties":{"n":35}},{"type":"Feature","geometry":{"type":"Polygon","coordinates":[[[-18.28125,11.25],[-16.875,11.25],[-16.875,12.65625],[-18.28125,12.65625],[-18.28125,11.25]]]},"properties":{"n":34}},{"type":"Feature","geometry":{"type":"Polygon","coordinates":[[[5.625,4.21875],[7.03125,4.21875],[7.03125,5.625],[5.625,5.625],[5.625,4.21875]]]},"properties":{"n":33}},{"type":"Feature","geometry":{"type":"Polygon","coordinates":[[[78.75,11.25],[80.15625,11.25],[80.15625,12.65625],[78.75,12.65625],[78.75,11.25]]]},"properties":{"n":32}},{"type":"Feature","geometry":{"type":"Polygon","coordinates":[[[0,4.21875],[1.40625,4.21875],[1.40625,5.625],[0,5.625],[0,4.21875]]]},"properties":{"n":32}},{"type":"Feature","geometry":{"type":"Polygon","coordinates":[[[120.9375,9.84375],[122.34375,9.84375],[122.34375,11.25],[120.9375,11.25],[120.9375,9.84375]]]},"properties":{"n":31}},{"type":"Feature","geometry":{"type":"Polygon","coordinates":[[[-95.625,28.125],[-94.21875,28.125],[-94.21875,29.53125],[-95.625,29.53125],[-95.625,28.125]]]},"properties":{"n":31}},{"type":"Feature","geometry":{"type":"Polygon","coordinates":[[[-82.96875,23.90625],[-81.5625,23.90625],[-81.5625,25.3125],[-82.96875,25.3125],[-82.96875,23.90625]]]},"properties":{"n":30}},{"type":"Feature","geometry":{"type":"Polygon","coordinates":[[[-75.9375,37.96875],[-74.53125,37.96875],[-74.53125,39.375],[-75.9375,39.375],[-75.9375,37.96875]]]},"properties":{"n":29}},{"type":"Feature","geometry":{"type":"Polygon","coordinates":[[[-43.59375,-23.90625],[-42.1875,-23.90625],[-42.1875,-22.5],[-43.59375,-22.5],[-43.59375,-23.90625]]]},"properties":{"n":29}},{"type":"Feature","geometry":{"type":"Polygon","coordinates":[[[2.8125,39.375],[4.21875,39.375],[4.21875,40.78125],[2.8125,40.78125],[2.8125,39.375]]]},"properties":{"n":28}},{"type":"Feature","geometry":{"type":"Polygon","coordinates":[[[129.375,-12.65625],[130.78125,-12.65625],[130.78125,-11.25],[129.375,-11.25],[129.375,-12.65625]]]},"properties":{"n":28}},{"type":"Feature","geometry":{"type":"Polygon","coordinates":[[[123.75,-16.875],[125.15625,-16.875],[125.15625,-15.46875],[123.75,-15.46875],[123.75,-16.875]]]},"properties":{"n":28}},{"type":"Feature","geometry":{"type":"Polygon","coordinates":[[[112.5,-26.71875],[113.90625,-26.71875],[113.90625,-25.3125],[112.5,-25.3125],[112.5,-26.71875]]]},"properties":{"n":28}},{"type":"Feature","geometry":{"type":"Polygon","coordinates":[[[-40.78125,-21.09375],[-39.375,-21.09375],[-39.375,-19.6875],[-40.78125,-19.6875],[-40.78125,-21.09375]]]},"properties":{"n":28}},{"type":"Feature","geometry":{"type":"Polygon","coordinates":[[[32.34375,-28.125],[33.75,-28.125],[33.75,-26.71875],[32.34375,-26.71875],[32.34375,-28.125]]]},"properties":{"n":27}},{"type":"Feature","geometry":{"type":"Polygon","coordinates":[[[-84.375,26.71875],[-82.96875,26.71875],[-82.96875,28.125],[-84.375,28.125],[-84.375,26.71875]]]},"properties":{"n":27}},{"type":"Feature","geometry":{"type":"Polygon","coordinates":[[[136.40625,33.75],[137.8125,33.75],[137.8125,35.15625],[136.40625,35.15625],[136.40625,33.75]]]},"properties":{"n":26}},{"type":"Feature","geometry":{"type":"Polygon","coordinates":[[[-1.40625,37.96875],[0,37.96875],[0,39.375],[-1.40625,39.375],[-1.40625,37.96875]]]},"properties":{"n":26}},{"type":"Feature","geometry":{"type":"Polygon","coordinates":[[[125.15625,36.5625],[126.5625,36.5625],[126.5625,37.96875],[125.15625,37.96875],[125.15625,36.5625]]]},"properties":{"n":25}},{"type":"Feature","geometry":{"type":"Polygon","coordinates":[[[11.25,-8.4375],[12.65625,-8.4375],[12.65625,-7.03125],[11.25,-7.03125],[11.25,-8.4375]]]},"properties":{"n":25}},{"type":"Feature","geometry":{"type":"Polygon","coordinates":[[[125.15625,35.15625],[126.5625,35.15625],[126.5625,36.5625],[125.15625,36.5625],[125.15625,35.15625]]]},"properties":{"n":24}},{"type":"Feature","geometry":{"type":"Polygon","coordinates":[[[130.78125,-11.25],[132.1875,-11.25],[132.1875,-9.84375],[130.78125,-9.84375],[130.78125,-11.25]]]},"properties":{"n":24}},{"type":"Feature","geometry":{"type":"Polygon","coordinates":[[[129.375,-14.0625],[130.78125,-14.0625],[130.78125,-12.65625],[129.375,-12.65625],[129.375,-14.0625]]]},"properties":{"n":24}},{"type":"Feature","geometry":{"type":"Polygon","coordinates":[[[-81.5625,23.90625],[-80.15625,23.90625],[-80.15625,25.3125],[-81.5625,25.3125],[-81.5625,23.90625]]]},"properties":{"n":24}},{"type":"Feature","geometry":{"type":"Polygon","coordinates":[[[119.53125,22.5],[120.9375,22.5],[120.9375,23.90625],[119.53125,23.90625],[119.53125,22.5]]]},"properties":{"n":23}},{"type":"Feature","geometry":{"type":"Polygon","coordinates":[[[113.90625,21.09375],[115.3125,21.09375],[115.3125,22.5],[113.90625,22.5],[113.90625,21.09375]]]},"properties":{"n":23}},{"type":"Feature","geometry":{"type":"Polygon","coordinates":[[[-77.34375,32.34375],[-75.9375,32.34375],[-75.9375,33.75],[-77.34375,33.75],[-77.34375,32.34375]]]},"properties":{"n":23}},{"type":"Feature","geometry":{"type":"Polygon","coordinates":[[[-82.96875,25.3125],[-81.5625,25.3125],[-81.5625,26.71875],[-82.96875,26.71875],[-82.96875,25.3125]]]},"properties":{"n":23}},{"type":"Feature","geometry":{"type":"Polygon","coordinates":[[[101.25,11.25],[102.65625,11.25],[102.65625,12.65625],[101.25,12.65625],[101.25,11.25]]]},"properties":{"n":22}},{"type":"Feature","geometry":{"type":"Polygon","coordinates":[[[1.40625,40.78125],[2.8125,40.78125],[2.8125,42.1875],[1.40625,42.1875],[1.40625,40.78125]]]},"properties":{"n":22}},{"type":"Feature","geometry":{"type":"Polygon","coordinates":[[[136.40625,-5.625],[137.8125,-5.625],[137.8125,-4.21875],[136.40625,-4.21875],[136.40625,-5.625]]]},"properties":{"n":22}},{"type":"Feature","geometry":{"type":"Polygon","coordinates":[[[119.53125,21.09375],[120.9375,21.09375],[120.9375,22.5],[119.53125,22.5],[119.53125,21.09375]]]},"properties":{"n":21}},{"type":"Feature","geometry":{"type":"Polygon","coordinates":[[[1.40625,37.96875],[2.8125,37.96875],[2.8125,39.375],[1.40625,39.375],[1.40625,37.96875]]]},"properties":{"n":21}},{"type":"Feature","geometry":{"type":"Polygon","coordinates":[[[113.90625,-9.84375],[115.3125,-9.84375],[115.3125,-8.4375],[113.90625,-8.4375],[113.90625,-9.84375]]]},"properties":{"n":21}},{"type":"Feature","geometry":{"type":"Polygon","coordinates":[[[14.0625,40.78125],[15.46875,40.78125],[15.46875,42.1875],[14.0625,42.1875],[14.0625,40.78125]]]},"properties":{"n":20}},{"type":"Feature","geometry":{"type":"Polygon","coordinates":[[[54.84375,-21.09375],[56.25,-21.09375],[56.25,-19.6875],[54.84375,-19.6875],[54.84375,-21.09375]]]},"properties":{"n":20}},{"type":"Feature","geometry":{"type":"Polygon","coordinates":[[[-140.625,-9.84375],[-139.21875,-9.84375],[-139.21875,-8.4375],[-140.625,-8.4375],[-140.625,-9.84375]]]},"properties":{"n":20}},{"type":"Feature","geometry":{"type":"Polygon","coordinates":[[[125.15625,33.75],[126.5625,33.75],[126.5625,35.15625],[125.15625,35.15625],[125.15625,33.75]]]},"properties":{"n":19}},{"type":"Feature","geometry":{"type":"Polygon","coordinates":[[[2.8125,37.96875],[4.21875,37.96875],[4.21875,39.375],[2.8125,39.375],[2.8125,37.96875]]]},"properties":{"n":19}},{"type":"Feature","geometry":{"type":"Polygon","coordinates":[[[142.03125,-11.25],[143.4375,-11.25],[143.4375,-9.84375],[142.03125,-9.84375],[142.03125,-11.25]]]},"properties":{"n":19}},{"type":"Feature","geometry":{"type":"Polygon","coordinates":[[[101.25,12.65625],[102.65625,12.65625],[102.65625,14.0625],[101.25,14.0625],[101.25,12.65625]]]},"properties":{"n":18}},{"type":"Feature","geometry":{"type":"Polygon","coordinates":[[[102.65625,0],[104.0625,0],[104.0625,1.40625],[102.65625,1.40625],[102.65625,0]]]},"properties":{"n":18}},{"type":"Feature","geometry":{"type":"Polygon","coordinates":[[[105.46875,-7.03125],[106.875,-7.03125],[106.875,-5.625],[105.46875,-5.625],[105.46875,-7.03125]]]},"properties":{"n":18}},{"type":"Feature","geometry":{"type":"Polygon","coordinates":[[[-71.71875,40.78125],[-70.3125,40.78125],[-70.3125,42.1875],[-71.71875,42.1875],[-71.71875,40.78125]]]},"properties":{"n":18}},{"type":"Feature","geometry":{"type":"Polygon","coordinates":[[[-67.5,18.28125],[-66.09375,18.28125],[-66.09375,19.6875],[-67.5,19.6875],[-67.5,18.28125]]]},"properties":{"n":18}},{"type":"Feature","geometry":{"type":"Polygon","coordinates":[[[78.75,8.4375],[80.15625,8.4375],[80.15625,9.84375],[78.75,9.84375],[78.75,8.4375]]]},"properties":{"n":17}},{"type":"Feature","geometry":{"type":"Polygon","coordinates":[[[-16.875,26.71875],[-15.46875,26.71875],[-15.46875,28.125],[-16.875,28.125],[-16.875,26.71875]]]},"properties":{"n":17}},{"type":"Feature","geometry":{"type":"Polygon","coordinates":[[[-18.28125,14.0625],[-16.875,14.0625],[-16.875,15.46875],[-18.28125,15.46875],[-18.28125,14.0625]]]},"properties":{"n":17}},{"type":"Feature","geometry":{"type":"Polygon","coordinates":[[[133.59375,33.75],[135,33.75],[135,35.15625],[133.59375,35.15625],[133.59375,33.75]]]},"properties":{"n":16}},{"type":"Feature","geometry":{"type":"Polygon","coordinates":[[[37.96875,19.6875],[39.375,19.6875],[39.375,21.09375],[37.96875,21.09375],[37.96875,19.6875]]]},"properties":{"n":16}},{"type":"Feature","geometry":{"type":"Polygon","coordinates":[[[-80.15625,28.125],[-78.75,28.125],[-78.75,29.53125],[-80.15625,29.53125],[-80.15625,28.125]]]},"properties":{"n":16}},{"type":"Feature","geometry":{"type":"Polygon","coordinates":[[[-61.875,11.25],[-60.46875,11.25],[-60.46875,12.65625],[-61.875,12.65625],[-61.875,11.25]]]},"properties":{"n":16}},{"type":"Feature","geometry":{"type":"Polygon","coordinates":[[[-97.03125,26.71875],[-95.625,26.71875],[-95.625,28.125],[-97.03125,28.125],[-97.03125,26.71875]]]},"properties":{"n":16}},{"type":"Feature","geometry":{"type":"Polygon","coordinates":[[[109.6875,19.6875],[111.09375,19.6875],[111.09375,21.09375],[109.6875,21.09375],[109.6875,19.6875]]]},"properties":{"n":15}},{"type":"Feature","geometry":{"type":"Polygon","coordinates":[[[71.71875,18.28125],[73.125,18.28125],[73.125,19.6875],[71.71875,19.6875],[71.71875,18.28125]]]},"properties":{"n":15}},{"type":"Feature","geometry":{"type":"Polygon","coordinates":[[[-61.875,9.84375],[-60.46875,9.84375],[-60.46875,11.25],[-61.875,11.25],[-61.875,9.84375]]]},"properties":{"n":15}},{"type":"Feature","geometry":{"type":"Polygon","coordinates":[[[-92.8125,28.125],[-91.40625,28.125],[-91.40625,29.53125],[-92.8125,29.53125],[-92.8125,28.125]]]},"properties":{"n":15}},{"type":"Feature","geometry":{"type":"Polygon","coordinates":[[[66.09375,23.90625],[67.5,23.90625],[67.5,25.3125],[66.09375,25.3125],[66.09375,23.90625]]]},"properties":{"n":14}},{"type":"Feature","geometry":{"type":"Polygon","coordinates":[[[133.59375,-12.65625],[135,-12.65625],[135,-11.25],[133.59375,-11.25],[133.59375,-12.65625]]]},"properties":{"n":14}},{"type":"Feature","geometry":{"type":"Polygon","coordinates":[[[-78.75,30.9375],[-77.34375,30.9375],[-77.34375,32.34375],[-78.75,32.34375],[-78.75,30.9375]]]},"properties":{"n":14}},{"type":"Feature","geometry":{"type":"Polygon","coordinates":[[[-84.375,28.125],[-82.96875,28.125],[-82.96875,29.53125],[-84.375,29.53125],[-84.375,28.125]]]},"properties":{"n":14}},{"type":"Feature","geometry":{"type":"Polygon","coordinates":[[[-85.78125,29.53125],[-84.375,29.53125],[-84.375,30.9375],[-85.78125,30.9375],[-85.78125,29.53125]]]},"properties":{"n":14}},{"type":"Feature","geometry":{"type":"Polygon","coordinates":[[[-92.8125,19.6875],[-91.40625,19.6875],[-91.40625,21.09375],[-92.8125,21.09375],[-92.8125,19.6875]]]},"properties":{"n":14}},{"type":"Feature","geometry":{"type":"Polygon","coordinates":[[[133.59375,35.15625],[135,35.15625],[135,36.5625],[133.59375,36.5625],[133.59375,35.15625]]]},"properties":{"n":13}},{"type":"Feature","geometry":{"type":"Polygon","coordinates":[[[123.75,23.90625],[125.15625,23.90625],[125.15625,25.3125],[123.75,25.3125],[123.75,23.90625]]]},"properties":{"n":13}},{"type":"Feature","geometry":{"type":"Polygon","coordinates":[[[111.09375,19.6875],[112.5,19.6875],[112.5,21.09375],[111.09375,21.09375],[111.09375,19.6875]]]},"properties":{"n":13}},{"type":"Feature","geometry":{"type":"Polygon","coordinates":[[[74.53125,9.84375],[75.9375,9.84375],[75.9375,11.25],[74.53125,11.25],[74.53125,9.84375]]]},"properties":{"n":13}},{"type":"Feature","geometry":{"type":"Polygon","coordinates":[[[0,37.96875],[1.40625,37.96875],[1.40625,39.375],[0,39.375],[0,37.96875]]]},"properties":{"n":13}},{"type":"Feature","geometry":{"type":"Polygon","coordinates":[[[140.625,-11.25],[142.03125,-11.25],[142.03125,-9.84375],[140.625,-9.84375],[140.625,-11.25]]]},"properties":{"n":13}},{"type":"Feature","geometry":{"type":"Polygon","coordinates":[[[150.46875,-22.5],[151.875,-22.5],[151.875,-21.09375],[150.46875,-21.09375],[150.46875,-22.5]]]},"properties":{"n":13}},{"type":"Feature","geometry":{"type":"Polygon","coordinates":[[[135,-12.65625],[136.40625,-12.65625],[136.40625,-11.25],[135,-11.25],[135,-12.65625]]]},"properties":{"n":13}},{"type":"Feature","geometry":{"type":"Polygon","coordinates":[[[-139.21875,-9.84375],[-137.8125,-9.84375],[-137.8125,-8.4375],[-139.21875,-8.4375],[-139.21875,-9.84375]]]},"properties":{"n":13}},{"type":"Feature","geometry":{"type":"Polygon","coordinates":[[[127.96875,33.75],[129.375,33.75],[129.375,35.15625],[127.96875,35.15625],[127.96875,33.75]]]},"properties":{"n":12}},{"type":"Feature","geometry":{"type":"Polygon","coordinates":[[[119.53125,35.15625],[120.9375,35.15625],[120.9375,36.5625],[119.53125,36.5625],[119.53125,35.15625]]]},"properties":{"n":12}},{"type":"Feature","geometry":{"type":"Polygon","coordinates":[[[99.84375,7.03125],[101.25,7.03125],[101.25,8.4375],[99.84375,8.4375],[99.84375,7.03125]]]},"properties":{"n":12}},{"type":"Feature","geometry":{"type":"Polygon","coordinates":[[[2.8125,40.78125],[4.21875,40.78125],[4.21875,42.1875],[2.8125,42.1875],[2.8125,40.78125]]]},"properties":{"n":12}},{"type":"Feature","geometry":{"type":"Polygon","coordinates":[[[142.03125,-12.65625],[143.4375,-12.65625],[143.4375,-11.25],[142.03125,-11.25],[142.03125,-12.65625]]]},"properties":{"n":12}},{"type":"Feature","geometry":{"type":"Polygon","coordinates":[[[139.21875,-18.28125],[140.625,-18.28125],[140.625,-16.875],[139.21875,-16.875],[139.21875,-18.28125]]]},"properties":{"n":12}},{"type":"Feature","geometry":{"type":"Polygon","coordinates":[[[37.96875,-18.28125],[39.375,-18.28125],[39.375,-16.875],[37.96875,-16.875],[37.96875,-18.28125]]]},"properties":{"n":12}},{"type":"Feature","geometry":{"type":"Polygon","coordinates":[[[-95.625,29.53125],[-94.21875,29.53125],[-94.21875,30.9375],[-95.625,30.9375],[-95.625,29.53125]]]},"properties":{"n":12}},{"type":"Feature","geometry":{"type":"Polygon","coordinates":[[[-97.03125,25.3125],[-95.625,25.3125],[-95.625,26.71875],[-97.03125,26.71875],[-97.03125,25.3125]]]},"properties":{"n":12}},{"type":"Feature","geometry":{"type":"Polygon","coordinates":[[[80.15625,12.65625],[81.5625,12.65625],[81.5625,14.0625],[80.15625,14.0625],[80.15625,12.65625]]]},"properties":{"n":11}},{"type":"Feature","geometry":{"type":"Polygon","coordinates":[[[75.9375,9.84375],[77.34375,9.84375],[77.34375,11.25],[75.9375,11.25],[75.9375,9.84375]]]},"properties":{"n":11}},{"type":"Feature","geometry":{"type":"Polygon","coordinates":[[[77.34375,7.03125],[78.75,7.03125],[78.75,8.4375],[77.34375,8.4375],[77.34375,7.03125]]]},"properties":{"n":11}},{"type":"Feature","geometry":{"type":"Polygon","coordinates":[[[15.46875,37.96875],[16.875,37.96875],[16.875,39.375],[15.46875,39.375],[15.46875,37.96875]]]},"properties":{"n":11}},{"type":"Feature","geometry":{"type":"Polygon","coordinates":[[[30.9375,-30.9375],[32.34375,-30.9375],[32.34375,-29.53125],[30.9375,-29.53125],[30.9375,-30.9375]]]},"properties":{"n":11}},{"type":"Feature","geometry":{"type":"Polygon","coordinates":[[[-73.125,40.78125],[-71.71875,40.78125],[-71.71875,42.1875],[-73.125,42.1875],[-73.125,40.78125]]]},"properties":{"n":11}},{"type":"Feature","geometry":{"type":"Polygon","coordinates":[[[-82.96875,22.5],[-81.5625,22.5],[-81.5625,23.90625],[-82.96875,23.90625],[-82.96875,22.5]]]},"properties":{"n":11}},{"type":"Feature","geometry":{"type":"Polygon","coordinates":[[[-64.6875,9.84375],[-63.28125,9.84375],[-63.28125,11.25],[-64.6875,11.25],[-64.6875,9.84375]]]},"properties":{"n":11}},{"type":"Feature","geometry":{"type":"Polygon","coordinates":[[[-122.34375,36.5625],[-120.9375,36.5625],[-120.9375,37.96875],[-122.34375,37.96875],[-122.34375,36.5625]]]},"properties":{"n":11}},{"type":"Feature","geometry":{"type":"Polygon","coordinates":[[[122.34375,8.4375],[123.75,8.4375],[123.75,9.84375],[122.34375,9.84375],[122.34375,8.4375]]]},"properties":{"n":10}},{"type":"Feature","geometry":{"type":"Polygon","coordinates":[[[0,40.78125],[1.40625,40.78125],[1.40625,42.1875],[0,42.1875],[0,40.78125]]]},"properties":{"n":10}},{"type":"Feature","geometry":{"type":"Polygon","coordinates":[[[167.34375,-16.875],[168.75,-16.875],[168.75,-15.46875],[167.34375,-15.46875],[167.34375,-16.875]]]},"properties":{"n":10}},{"type":"Feature","geometry":{"type":"Polygon","coordinates":[[[144.84375,-16.875],[146.25,-16.875],[146.25,-15.46875],[144.84375,-15.46875],[144.84375,-16.875]]]},"properties":{"n":10}},{"type":"Feature","geometry":{"type":"Polygon","coordinates":[[[140.625,-16.875],[142.03125,-16.875],[142.03125,-15.46875],[140.625,-15.46875],[140.625,-16.875]]]},"properties":{"n":10}},{"type":"Feature","geometry":{"type":"Polygon","coordinates":[[[136.40625,-12.65625],[137.8125,-12.65625],[137.8125,-11.25],[136.40625,-11.25],[136.40625,-12.65625]]]},"properties":{"n":10}},{"type":"Feature","geometry":{"type":"Polygon","coordinates":[[[125.15625,-15.46875],[126.5625,-15.46875],[126.5625,-14.0625],[125.15625,-14.0625],[125.15625,-15.46875]]]},"properties":{"n":10}},{"type":"Feature","geometry":{"type":"Polygon","coordinates":[[[122.34375,-16.875],[123.75,-16.875],[123.75,-15.46875],[122.34375,-15.46875],[122.34375,-16.875]]]},"properties":{"n":10}},{"type":"Feature","geometry":{"type":"Polygon","coordinates":[[[-1.40625,36.5625],[0,36.5625],[0,37.96875],[-1.40625,37.96875],[-1.40625,36.5625]]]},"properties":{"n":10}},{"type":"Feature","geometry":{"type":"Polygon","coordinates":[[[-67.5,16.875],[-66.09375,16.875],[-66.09375,18.28125],[-67.5,18.28125],[-67.5,16.875]]]},"properties":{"n":10}},{"type":"Feature","geometry":{"type":"Polygon","coordinates":[[[-98.4375,25.3125],[-97.03125,25.3125],[-97.03125,26.71875],[-98.4375,26.71875],[-98.4375,25.3125]]]},"properties":{"n":10}},{"type":"Feature","geometry":{"type":"Polygon","coordinates":[[[-46.40625,-25.3125],[-45,-25.3125],[-45,-23.90625],[-46.40625,-23.90625],[-46.40625,-25.3125]]]},"properties":{"n":10}},{"type":"Feature","geometry":{"type":"Polygon","coordinates":[[[57.65625,22.5],[59.0625,22.5],[59.0625,23.90625],[57.65625,23.90625],[57.65625,22.5]]]},"properties":{"n":9}},{"type":"Feature","geometry":{"type":"Polygon","coordinates":[[[85.78125,19.6875],[87.1875,19.6875],[87.1875,21.09375],[85.78125,21.09375],[85.78125,19.6875]]]},"properties":{"n":9}},{"type":"Feature","geometry":{"type":"Polygon","coordinates":[[[73.125,15.46875],[74.53125,15.46875],[74.53125,16.875],[73.125,16.875],[73.125,15.46875]]]},"properties":{"n":9}},{"type":"Feature","geometry":{"type":"Polygon","coordinates":[[[11.25,33.75],[12.65625,33.75],[12.65625,35.15625],[11.25,35.15625],[11.25,33.75]]]},"properties":{"n":9}},{"type":"Feature","geometry":{"type":"Polygon","coordinates":[[[2.8125,42.1875],[4.21875,42.1875],[4.21875,43.59375],[2.8125,43.59375],[2.8125,42.1875]]]},"properties":{"n":9}},{"type":"Feature","geometry":{"type":"Polygon","coordinates":[[[5.625,0],[7.03125,0],[7.03125,1.40625],[5.625,1.40625],[5.625,0]]]},"properties":{"n":9}},{"type":"Feature","geometry":{"type":"Polygon","coordinates":[[[123.75,-15.46875],[125.15625,-15.46875],[125.15625,-14.0625],[123.75,-14.0625],[123.75,-15.46875]]]},"properties":{"n":9}},{"type":"Feature","geometry":{"type":"Polygon","coordinates":[[[-2.8125,36.5625],[-1.40625,36.5625],[-1.40625,37.96875],[-2.8125,37.96875],[-2.8125,36.5625]]]},"properties":{"n":9}},{"type":"Feature","geometry":{"type":"Polygon","coordinates":[[[-16.875,28.125],[-15.46875,28.125],[-15.46875,29.53125],[-16.875,29.53125],[-16.875,28.125]]]},"properties":{"n":9}},{"type":"Feature","geometry":{"type":"Polygon","coordinates":[[[-98.4375,26.71875],[-97.03125,26.71875],[-97.03125,28.125],[-98.4375,28.125],[-98.4375,26.71875]]]},"properties":{"n":9}},{"type":"Feature","geometry":{"type":"Polygon","coordinates":[[[120.9375,12.65625],[122.34375,12.65625],[122.34375,14.0625],[120.9375,14.0625],[120.9375,12.65625]]]},"properties":{"n":8}},{"type":"Feature","geometry":{"type":"Polygon","coordinates":[[[122.34375,11.25],[123.75,11.25],[123.75,12.65625],[122.34375,12.65625],[122.34375,11.25]]]},"properties":{"n":8}},{"type":"Feature","geometry":{"type":"Polygon","coordinates":[[[99.84375,11.25],[101.25,11.25],[101.25,12.65625],[99.84375,12.65625],[99.84375,11.25]]]},"properties":{"n":8}},{"type":"Feature","geometry":{"type":"Polygon","coordinates":[[[102.65625,4.21875],[104.0625,4.21875],[104.0625,5.625],[102.65625,5.625],[102.65625,4.21875]]]},"properties":{"n":8}},{"type":"Feature","geometry":{"type":"Polygon","coordinates":[[[99.84375,8.4375],[101.25,8.4375],[101.25,9.84375],[99.84375,9.84375],[99.84375,8.4375]]]},"properties":{"n":8}},{"type":"Feature","geometry":{"type":"Polygon","coordinates":[[[92.8125,9.84375],[94.21875,9.84375],[94.21875,11.25],[92.8125,11.25],[92.8125,9.84375]]]},"properties":{"n":8}},{"type":"Feature","geometry":{"type":"Polygon","coordinates":[[[50.625,25.3125],[52.03125,25.3125],[52.03125,26.71875],[50.625,26.71875],[50.625,25.3125]]]},"properties":{"n":8}},{"type":"Feature","geometry":{"type":"Polygon","coordinates":[[[73.125,14.0625],[74.53125,14.0625],[74.53125,15.46875],[73.125,15.46875],[73.125,14.0625]]]},"properties":{"n":8}},{"type":"Feature","geometry":{"type":"Polygon","coordinates":[[[74.53125,12.65625],[75.9375,12.65625],[75.9375,14.0625],[74.53125,14.0625],[74.53125,12.65625]]]},"properties":{"n":8}},{"type":"Feature","geometry":{"type":"Polygon","coordinates":[[[5.625,36.5625],[7.03125,36.5625],[7.03125,37.96875],[5.625,37.96875],[5.625,36.5625]]]},"properties":{"n":8}},{"type":"Feature","geometry":{"type":"Polygon","coordinates":[[[9.84375,33.75],[11.25,33.75],[11.25,35.15625],[9.84375,35.15625],[9.84375,33.75]]]},"properties":{"n":8}},{"type":"Feature","geometry":{"type":"Polygon","coordinates":[[[4.21875,0],[5.625,0],[5.625,1.40625],[4.21875,1.40625],[4.21875,0]]]},"properties":{"n":8}},{"type":"Feature","geometry":{"type":"Polygon","coordinates":[[[116.71875,-21.09375],[118.125,-21.09375],[118.125,-19.6875],[116.71875,-19.6875],[116.71875,-21.09375]]]},"properties":{"n":8}},{"type":"Feature","geometry":{"type":"Polygon","coordinates":[[[56.25,-21.09375],[57.65625,-21.09375],[57.65625,-19.6875],[56.25,-19.6875],[56.25,-21.09375]]]},"properties":{"n":8}},{"type":"Feature","geometry":{"type":"Polygon","coordinates":[[[11.25,-18.28125],[12.65625,-18.28125],[12.65625,-16.875],[11.25,-16.875],[11.25,-18.28125]]]},"properties":{"n":8}},{"type":"Feature","geometry":{"type":"Polygon","coordinates":[[[-67.5,11.25],[-66.09375,11.25],[-66.09375,12.65625],[-67.5,12.65625],[-67.5,11.25]]]},"properties":{"n":8}},{"type":"Feature","geometry":{"type":"Polygon","coordinates":[[[-56.25,5.625],[-54.84375,5.625],[-54.84375,7.03125],[-56.25,7.03125],[-56.25,5.625]]]},"properties":{"n":8}},{"type":"Feature","geometry":{"type":"Polygon","coordinates":[[[-68.90625,9.84375],[-67.5,9.84375],[-67.5,11.25],[-68.90625,11.25],[-68.90625,9.84375]]]},"properties":{"n":8}},{"type":"Feature","geometry":{"type":"Polygon","coordinates":[[[-94.21875,29.53125],[-92.8125,29.53125],[-92.8125,30.9375],[-94.21875,30.9375],[-94.21875,29.53125]]]},"properties":{"n":8}},{"type":"Feature","geometry":{"type":"Polygon","coordinates":[[[125.15625,32.34375],[126.5625,32.34375],[126.5625,33.75],[125.15625,33.75],[125.15625,32.34375]]]},"properties":{"n":7}},{"type":"Feature","geometry":{"type":"Polygon","coordinates":[[[120.9375,14.0625],[122.34375,14.0625],[122.34375,15.46875],[120.9375,15.46875],[120.9375,14.0625]]]},"properties":{"n":7}},{"type":"Feature","geometry":{"type":"Polygon","coordinates":[[[73.125,12.65625],[74.53125,12.65625],[74.53125,14.0625],[73.125,14.0625],[73.125,12.65625]]]},"properties":{"n":7}},{"type":"Feature","geometry":{"type":"Polygon","coordinates":[[[78.75,9.84375],[80.15625,9.84375],[80.15625,11.25],[78.75,11.25],[78.75,9.84375]]]},"properties":{"n":7}},{"type":"Feature","geometry":{"type":"Polygon","coordinates":[[[77.34375,8.4375],[78.75,8.4375],[78.75,9.84375],[77.34375,9.84375],[77.34375,8.4375]]]},"properties":{"n":7}},{"type":"Feature","geometry":{"type":"Polygon","coordinates":[[[23.90625,40.78125],[25.3125,40.78125],[25.3125,42.1875],[23.90625,42.1875],[23.90625,40.78125]]]},"properties":{"n":7}},{"type":"Feature","geometry":{"type":"Polygon","coordinates":[[[9.84375,42.1875],[11.25,42.1875],[11.25,43.59375],[9.84375,43.59375],[9.84375,42.1875]]]},"properties":{"n":7}},{"type":"Feature","geometry":{"type":"Polygon","coordinates":[[[7.03125,43.59375],[8.4375,43.59375],[8.4375,45],[7.03125,45],[7.03125,43.59375]]]},"properties":{"n":7}},{"type":"Feature","geometry":{"type":"Polygon","coordinates":[[[177.1875,-18.28125],[178.59375,-18.28125],[178.59375,-16.875],[177.1875,-16.875],[177.1875,-18.28125]]]},"properties":{"n":7}},{"type":"Feature","geometry":{"type":"Polygon","coordinates":[[[142.03125,-9.84375],[143.4375,-9.84375],[143.4375,-8.4375],[142.03125,-8.4375],[142.03125,-9.84375]]]},"properties":{"n":7}},{"type":"Feature","geometry":{"type":"Polygon","coordinates":[[[151.875,-25.3125],[153.28125,-25.3125],[153.28125,-23.90625],[151.875,-23.90625],[151.875,-25.3125]]]},"properties":{"n":7}},{"type":"Feature","geometry":{"type":"Polygon","coordinates":[[[125.15625,-14.0625],[126.5625,-14.0625],[126.5625,-12.65625],[125.15625,-12.65625],[125.15625,-14.0625]]]},"properties":{"n":7}},{"type":"Feature","geometry":{"type":"Polygon","coordinates":[[[120.9375,-18.28125],[122.34375,-18.28125],[122.34375,-16.875],[120.9375,-16.875],[120.9375,-18.28125]]]},"properties":{"n":7}},{"type":"Feature","geometry":{"type":"Polygon","coordinates":[[[42.1875,-23.90625],[43.59375,-23.90625],[43.59375,-22.5],[42.1875,-22.5],[42.1875,-23.90625]]]},"properties":{"n":7}},{"type":"Feature","geometry":{"type":"Polygon","coordinates":[[[-66.09375,32.34375],[-64.6875,32.34375],[-64.6875,33.75],[-66.09375,33.75],[-66.09375,32.34375]]]},"properties":{"n":7}},{"type":"Feature","geometry":{"type":"Polygon","coordinates":[[[-74.53125,37.96875],[-73.125,37.96875],[-73.125,39.375],[-74.53125,39.375],[-74.53125,37.96875]]]},"properties":{"n":7}},{"type":"Feature","geometry":{"type":"Polygon","coordinates":[[[-81.5625,32.34375],[-80.15625,32.34375],[-80.15625,33.75],[-81.5625,33.75],[-81.5625,32.34375]]]},"properties":{"n":7}},{"type":"Feature","geometry":{"type":"Polygon","coordinates":[[[-80.15625,29.53125],[-78.75,29.53125],[-78.75,30.9375],[-80.15625,30.9375],[-80.15625,29.53125]]]},"properties":{"n":7}},{"type":"Feature","geometry":{"type":"Polygon","coordinates":[[[-60.46875,12.65625],[-59.0625,12.65625],[-59.0625,14.0625],[-60.46875,14.0625],[-60.46875,12.65625]]]},"properties":{"n":7}},{"type":"Feature","geometry":{"type":"Polygon","coordinates":[[[-70.3125,11.25],[-68.90625,11.25],[-68.90625,12.65625],[-70.3125,12.65625],[-70.3125,11.25]]]},"properties":{"n":7}},{"type":"Feature","geometry":{"type":"Polygon","coordinates":[[[-74.53125,11.25],[-73.125,11.25],[-73.125,12.65625],[-74.53125,12.65625],[-74.53125,11.25]]]},"properties":{"n":7}},{"type":"Feature","geometry":{"type":"Polygon","coordinates":[[[-42.1875,-23.90625],[-40.78125,-23.90625],[-40.78125,-22.5],[-42.1875,-22.5],[-42.1875,-23.90625]]]},"properties":{"n":7}},{"type":"Feature","geometry":{"type":"Polygon","coordinates":[[[-46.40625,-23.90625],[-45,-23.90625],[-45,-22.5],[-46.40625,-22.5],[-46.40625,-23.90625]]]},"properties":{"n":7}},{"type":"Feature","geometry":{"type":"Polygon","coordinates":[[[140.625,37.96875],[142.03125,37.96875],[142.03125,39.375],[140.625,39.375],[140.625,37.96875]]]},"properties":{"n":6}},{"type":"Feature","geometry":{"type":"Polygon","coordinates":[[[130.78125,32.34375],[132.1875,32.34375],[132.1875,33.75],[130.78125,33.75],[130.78125,32.34375]]]},"properties":{"n":6}},{"type":"Feature","geometry":{"type":"Polygon","coordinates":[[[119.53125,23.90625],[120.9375,23.90625],[120.9375,25.3125],[119.53125,25.3125],[119.53125,23.90625]]]},"properties":{"n":6}},{"type":"Feature","geometry":{"type":"Polygon","coordinates":[[[119.53125,15.46875],[120.9375,15.46875],[120.9375,16.875],[119.53125,16.875],[119.53125,15.46875]]]},"properties":{"n":6}},{"type":"Feature","geometry":{"type":"Polygon","coordinates":[[[98.4375,11.25],[99.84375,11.25],[99.84375,12.65625],[98.4375,12.65625],[98.4375,11.25]]]},"properties":{"n":6}},{"type":"Feature","geometry":{"type":"Polygon","coordinates":[[[102.65625,5.625],[104.0625,5.625],[104.0625,7.03125],[102.65625,7.03125],[102.65625,5.625]]]},"properties":{"n":6}},{"type":"Feature","geometry":{"type":"Polygon","coordinates":[[[98.4375,9.84375],[99.84375,9.84375],[99.84375,11.25],[98.4375,11.25],[98.4375,9.84375]]]},"properties":{"n":6}},{"type":"Feature","geometry":{"type":"Polygon","coordinates":[[[97.03125,7.03125],[98.4375,7.03125],[98.4375,8.4375],[97.03125,8.4375],[97.03125,7.03125]]]},"properties":{"n":6}},{"type":"Feature","geometry":{"type":"Polygon","coordinates":[[[84.375,18.28125],[85.78125,18.28125],[85.78125,19.6875],[84.375,19.6875],[84.375,18.28125]]]},"properties":{"n":6}},{"type":"Feature","geometry":{"type":"Polygon","coordinates":[[[80.15625,5.625],[81.5625,5.625],[81.5625,7.03125],[80.15625,7.03125],[80.15625,5.625]]]},"properties":{"n":6}},{"type":"Feature","geometry":{"type":"Polygon","coordinates":[[[22.5,36.5625],[23.90625,36.5625],[23.90625,37.96875],[22.5,37.96875],[22.5,36.5625]]]},"properties":{"n":6}},{"type":"Feature","geometry":{"type":"Polygon","coordinates":[[[32.34375,29.53125],[33.75,29.53125],[33.75,30.9375],[32.34375,30.9375],[32.34375,29.53125]]]},"properties":{"n":6}},{"type":"Feature","geometry":{"type":"Polygon","coordinates":[[[15.46875,42.1875],[16.875,42.1875],[16.875,43.59375],[15.46875,43.59375],[15.46875,42.1875]]]},"properties":{"n":6}},{"type":"Feature","geometry":{"type":"Polygon","coordinates":[[[4.21875,39.375],[5.625,39.375],[5.625,40.78125],[4.21875,40.78125],[4.21875,39.375]]]},"properties":{"n":6}},{"type":"Feature","geometry":{"type":"Polygon","coordinates":[[[137.8125,-9.84375],[139.21875,-9.84375],[139.21875,-8.4375],[137.8125,-8.4375],[137.8125,-9.84375]]]},"properties":{"n":6}},{"type":"Feature","geometry":{"type":"Polygon","coordinates":[[[149.0625,-22.5],[150.46875,-22.5],[150.46875,-21.09375],[149.0625,-21.09375],[149.0625,-22.5]]]},"properties":{"n":6}},{"type":"Feature","geometry":{"type":"Polygon","coordinates":[[[136.40625,-16.875],[137.8125,-16.875],[137.8125,-15.46875],[136.40625,-15.46875],[136.40625,-16.875]]]},"properties":{"n":6}},{"type":"Feature","geometry":{"type":"Polygon","coordinates":[[[144.84375,-18.28125],[146.25,-18.28125],[146.25,-16.875],[144.84375,-16.875],[144.84375,-18.28125]]]},"properties":{"n":6}},{"type":"Feature","geometry":{"type":"Polygon","coordinates":[[[122.34375,-11.25],[123.75,-11.25],[123.75,-9.84375],[122.34375,-9.84375],[122.34375,-11.25]]]},"properties":{"n":6}},{"type":"Feature","geometry":{"type":"Polygon","coordinates":[[[113.90625,-22.5],[115.3125,-22.5],[115.3125,-21.09375],[113.90625,-21.09375],[113.90625,-22.5]]]},"properties":{"n":6}},{"type":"Feature","geometry":{"type":"Polygon","coordinates":[[[43.59375,-21.09375],[45,-21.09375],[45,-19.6875],[43.59375,-19.6875],[43.59375,-21.09375]]]},"properties":{"n":6}},{"type":"Feature","geometry":{"type":"Polygon","coordinates":[[[11.25,-15.46875],[12.65625,-15.46875],[12.65625,-14.0625],[11.25,-14.0625],[11.25,-15.46875]]]},"properties":{"n":6}},{"type":"Feature","geometry":{"type":"Polygon","coordinates":[[[35.15625,-23.90625],[36.5625,-23.90625],[36.5625,-22.5],[35.15625,-22.5],[35.15625,-23.90625]]]},"properties":{"n":6}},{"type":"Feature","geometry":{"type":"Polygon","coordinates":[[[-14.0625,28.125],[-12.65625,28.125],[-12.65625,29.53125],[-14.0625,29.53125],[-14.0625,28.125]]]},"properties":{"n":6}},{"type":"Feature","geometry":{"type":"Polygon","coordinates":[[[-18.28125,26.71875],[-16.875,26.71875],[-16.875,28.125],[-18.28125,28.125],[-18.28125,26.71875]]]},"properties":{"n":6}},{"type":"Feature","geometry":{"type":"Polygon","coordinates":[[[-18.28125,19.6875],[-16.875,19.6875],[-16.875,21.09375],[-18.28125,21.09375],[-18.28125,19.6875]]]},"properties":{"n":6}},{"type":"Feature","geometry":{"type":"Polygon","coordinates":[[[-57.65625,7.03125],[-56.25,7.03125],[-56.25,8.4375],[-57.65625,8.4375],[-57.65625,7.03125]]]},"properties":{"n":6}},{"type":"Feature","geometry":{"type":"Polygon","coordinates":[[[-97.03125,28.125],[-95.625,28.125],[-95.625,29.53125],[-97.03125,29.53125],[-97.03125,28.125]]]},"properties":{"n":6}},{"type":"Feature","geometry":{"type":"Polygon","coordinates":[[[137.8125,33.75],[139.21875,33.75],[139.21875,35.15625],[137.8125,35.15625],[137.8125,33.75]]]},"properties":{"n":5}},{"type":"Feature","geometry":{"type":"Polygon","coordinates":[[[126.5625,32.34375],[127.96875,32.34375],[127.96875,33.75],[126.5625,33.75],[126.5625,32.34375]]]},"properties":{"n":5}},{"type":"Feature","geometry":{"type":"Polygon","coordinates":[[[123.75,12.65625],[125.15625,12.65625],[125.15625,14.0625],[123.75,14.0625],[123.75,12.65625]]]},"properties":{"n":5}},{"type":"Feature","geometry":{"type":"Polygon","coordinates":[[[119.53125,16.875],[120.9375,16.875],[120.9375,18.28125],[119.53125,18.28125],[119.53125,16.875]]]},"properties":{"n":5}},{"type":"Feature","geometry":{"type":"Polygon","coordinates":[[[119.53125,12.65625],[120.9375,12.65625],[120.9375,14.0625],[119.53125,14.0625],[119.53125,12.65625]]]},"properties":{"n":5}},{"type":"Feature","geometry":{"type":"Polygon","coordinates":[[[2.8125,36.5625],[4.21875,36.5625],[4.21875,37.96875],[2.8125,37.96875],[2.8125,36.5625]]]},"properties":{"n":5}},{"type":"Feature","geometry":{"type":"Polygon","coordinates":[[[165.9375,-12.65625],[167.34375,-12.65625],[167.34375,-11.25],[165.9375,-11.25],[165.9375,-12.65625]]]},"properties":{"n":5}},{"type":"Feature","geometry":{"type":"Polygon","coordinates":[[[147.65625,-21.09375],[149.0625,-21.09375],[149.0625,-19.6875],[147.65625,-19.6875],[147.65625,-21.09375]]]},"properties":{"n":5}},{"type":"Feature","geometry":{"type":"Polygon","coordinates":[[[153.28125,-28.125],[154.6875,-28.125],[154.6875,-26.71875],[153.28125,-26.71875],[153.28125,-28.125]]]},"properties":{"n":5}},{"type":"Feature","geometry":{"type":"Polygon","coordinates":[[[151.875,-28.125],[153.28125,-28.125],[153.28125,-26.71875],[151.875,-26.71875],[151.875,-28.125]]]},"properties":{"n":5}},{"type":"Feature","geometry":{"type":"Polygon","coordinates":[[[150.46875,-23.90625],[151.875,-23.90625],[151.875,-22.5],[150.46875,-22.5],[150.46875,-23.90625]]]},"properties":{"n":5}},{"type":"Feature","geometry":{"type":"Polygon","coordinates":[[[127.96875,-4.21875],[129.375,-4.21875],[129.375,-2.8125],[127.96875,-2.8125],[127.96875,-4.21875]]]},"properties":{"n":5}},{"type":"Feature","geometry":{"type":"Polygon","coordinates":[[[118.125,-21.09375],[119.53125,-21.09375],[119.53125,-19.6875],[118.125,-19.6875],[118.125,-21.09375]]]},"properties":{"n":5}},{"type":"Feature","geometry":{"type":"Polygon","coordinates":[[[115.3125,-21.09375],[116.71875,-21.09375],[116.71875,-19.6875],[115.3125,-19.6875],[115.3125,-21.09375]]]},"properties":{"n":5}},{"type":"Feature","geometry":{"type":"Polygon","coordinates":[[[47.8125,-14.0625],[49.21875,-14.0625],[49.21875,-12.65625],[47.8125,-12.65625],[47.8125,-14.0625]]]},"properties":{"n":5}},{"type":"Feature","geometry":{"type":"Polygon","coordinates":[[[36.5625,-1.40625],[37.96875,-1.40625],[37.96875,0],[36.5625,0],[36.5625,-1.40625]]]},"properties":{"n":5}},{"type":"Feature","geometry":{"type":"Polygon","coordinates":[[[32.34375,-26.71875],[33.75,-26.71875],[33.75,-25.3125],[32.34375,-25.3125],[32.34375,-26.71875]]]},"properties":{"n":5}},{"type":"Feature","geometry":{"type":"Polygon","coordinates":[[[-18.28125,32.34375],[-16.875,32.34375],[-16.875,33.75],[-18.28125,33.75],[-18.28125,32.34375]]]},"properties":{"n":5}},{"type":"Feature","geometry":{"type":"Polygon","coordinates":[[[-25.3125,16.875],[-23.90625,16.875],[-23.90625,18.28125],[-25.3125,18.28125],[-25.3125,16.875]]]},"properties":{"n":5}},{"type":"Feature","geometry":{"type":"Polygon","coordinates":[[[-66.09375,30.9375],[-64.6875,30.9375],[-64.6875,32.34375],[-66.09375,32.34375],[-66.09375,30.9375]]]},"properties":{"n":5}},{"type":"Feature","geometry":{"type":"Polygon","coordinates":[[[-85.78125,28.125],[-84.375,28.125],[-84.375,29.53125],[-85.78125,29.53125],[-85.78125,28.125]]]},"properties":{"n":5}},{"type":"Feature","geometry":{"type":"Polygon","coordinates":[[[-61.875,12.65625],[-60.46875,12.65625],[-60.46875,14.0625],[-61.875,14.0625],[-61.875,12.65625]]]},"properties":{"n":5}},{"type":"Feature","geometry":{"type":"Polygon","coordinates":[[[-63.28125,9.84375],[-61.875,9.84375],[-61.875,11.25],[-63.28125,11.25],[-63.28125,9.84375]]]},"properties":{"n":5}},{"type":"Feature","geometry":{"type":"Polygon","coordinates":[[[-71.71875,11.25],[-70.3125,11.25],[-70.3125,12.65625],[-71.71875,12.65625],[-71.71875,11.25]]]},"properties":{"n":5}},{"type":"Feature","geometry":{"type":"Polygon","coordinates":[[[-90,21.09375],[-88.59375,21.09375],[-88.59375,22.5],[-90,22.5],[-90,21.09375]]]},"properties":{"n":5}},{"type":"Feature","geometry":{"type":"Polygon","coordinates":[[[-45,-23.90625],[-43.59375,-23.90625],[-43.59375,-22.5],[-45,-22.5],[-45,-23.90625]]]},"properties":{"n":5}},{"type":"Feature","geometry":{"type":"Polygon","coordinates":[[[126.5625,35.15625],[127.96875,35.15625],[127.96875,36.5625],[126.5625,36.5625],[126.5625,35.15625]]]},"properties":{"n":4}},{"type":"Feature","geometry":{"type":"Polygon","coordinates":[[[120.9375,37.96875],[122.34375,37.96875],[122.34375,39.375],[120.9375,39.375],[120.9375,37.96875]]]},"properties":{"n":4}},{"type":"Feature","geometry":{"type":"Polygon","coordinates":[[[129.375,32.34375],[130.78125,32.34375],[130.78125,33.75],[129.375,33.75],[129.375,32.34375]]]},"properties":{"n":4}},{"type":"Feature","geometry":{"type":"Polygon","coordinates":[[[115.3125,22.5],[116.71875,22.5],[116.71875,23.90625],[115.3125,23.90625],[115.3125,22.5]]]},"properties":{"n":4}},{"type":"Feature","geometry":{"type":"Polygon","coordinates":[[[122.34375,12.65625],[123.75,12.65625],[123.75,14.0625],[122.34375,14.0625],[122.34375,12.65625]]]},"properties":{"n":4}},{"type":"Feature","geometry":{"type":"Polygon","coordinates":[[[118.125,9.84375],[119.53125,9.84375],[119.53125,11.25],[118.125,11.25],[118.125,9.84375]]]},"properties":{"n":4}},{"type":"Feature","geometry":{"type":"Polygon","coordinates":[[[118.125,8.4375],[119.53125,8.4375],[119.53125,9.84375],[118.125,9.84375],[118.125,8.4375]]]},"properties":{"n":4}},{"type":"Feature","geometry":{"type":"Polygon","coordinates":[[[109.6875,21.09375],[111.09375,21.09375],[111.09375,22.5],[109.6875,22.5],[109.6875,21.09375]]]},"properties":{"n":4}},{"type":"Feature","geometry":{"type":"Polygon","coordinates":[[[108.28125,11.25],[109.6875,11.25],[109.6875,12.65625],[108.28125,12.65625],[108.28125,11.25]]]},"properties":{"n":4}},{"type":"Feature","geometry":{"type":"Polygon","coordinates":[[[91.40625,11.25],[92.8125,11.25],[92.8125,12.65625],[91.40625,12.65625],[91.40625,11.25]]]},"properties":{"n":4}},{"type":"Feature","geometry":{"type":"Polygon","coordinates":[[[106.875,9.84375],[108.28125,9.84375],[108.28125,11.25],[106.875,11.25],[106.875,9.84375]]]},"properties":{"n":4}},{"type":"Feature","geometry":{"type":"Polygon","coordinates":[[[57.65625,23.90625],[59.0625,23.90625],[59.0625,25.3125],[57.65625,25.3125],[57.65625,23.90625]]]},"properties":{"n":4}},{"type":"Feature","geometry":{"type":"Polygon","coordinates":[[[50.625,26.71875],[52.03125,26.71875],[52.03125,28.125],[50.625,28.125],[50.625,26.71875]]]},"properties":{"n":4}},{"type":"Feature","geometry":{"type":"Polygon","coordinates":[[[87.1875,21.09375],[88.59375,21.09375],[88.59375,22.5],[87.1875,22.5],[87.1875,21.09375]]]},"properties":{"n":4}},{"type":"Feature","geometry":{"type":"Polygon","coordinates":[[[71.71875,19.6875],[73.125,19.6875],[73.125,21.09375],[71.71875,21.09375],[71.71875,19.6875]]]},"properties":{"n":4}},{"type":"Feature","geometry":{"type":"Polygon","coordinates":[[[74.53125,8.4375],[75.9375,8.4375],[75.9375,9.84375],[74.53125,9.84375],[74.53125,8.4375]]]},"properties":{"n":4}},{"type":"Feature","geometry":{"type":"Polygon","coordinates":[[[71.71875,9.84375],[73.125,9.84375],[73.125,11.25],[71.71875,11.25],[71.71875,9.84375]]]},"properties":{"n":4}},{"type":"Feature","geometry":{"type":"Polygon","coordinates":[[[71.71875,7.03125],[73.125,7.03125],[73.125,8.4375],[71.71875,8.4375],[71.71875,7.03125]]]},"properties":{"n":4}},{"type":"Feature","geometry":{"type":"Polygon","coordinates":[[[50.625,11.25],[52.03125,11.25],[52.03125,12.65625],[50.625,12.65625],[50.625,11.25]]]},"properties":{"n":4}},{"type":"Feature","geometry":{"type":"Polygon","coordinates":[[[26.71875,32.34375],[28.125,32.34375],[28.125,33.75],[26.71875,33.75],[26.71875,32.34375]]]},"properties":{"n":4}},{"type":"Feature","geometry":{"type":"Polygon","coordinates":[[[5.625,42.1875],[7.03125,42.1875],[7.03125,43.59375],[5.625,43.59375],[5.625,42.1875]]]},"properties":{"n":4}},{"type":"Feature","geometry":{"type":"Polygon","coordinates":[[[7.03125,36.5625],[8.4375,36.5625],[8.4375,37.96875],[7.03125,37.96875],[7.03125,36.5625]]]},"properties":{"n":4}},{"type":"Feature","geometry":{"type":"Polygon","coordinates":[[[12.65625,30.9375],[14.0625,30.9375],[14.0625,32.34375],[12.65625,32.34375],[12.65625,30.9375]]]},"properties":{"n":4}},{"type":"Feature","geometry":{"type":"Polygon","coordinates":[[[9.84375,1.40625],[11.25,1.40625],[11.25,2.8125],[9.84375,2.8125],[9.84375,1.40625]]]},"properties":{"n":4}},{"type":"Feature","geometry":{"type":"Polygon","coordinates":[[[136.40625,-11.25],[137.8125,-11.25],[137.8125,-9.84375],[136.40625,-9.84375],[136.40625,-11.25]]]},"properties":{"n":4}},{"type":"Feature","geometry":{"type":"Polygon","coordinates":[[[140.625,-18.28125],[142.03125,-18.28125],[142.03125,-16.875],[140.625,-16.875],[140.625,-18.28125]]]},"properties":{"n":4}},{"type":"Feature","geometry":{"type":"Polygon","coordinates":[[[115.3125,-9.84375],[116.71875,-9.84375],[116.71875,-8.4375],[115.3125,-8.4375],[115.3125,-9.84375]]]},"properties":{"n":4}},{"type":"Feature","geometry":{"type":"Polygon","coordinates":[[[127.96875,-15.46875],[129.375,-15.46875],[129.375,-14.0625],[127.96875,-14.0625],[127.96875,-15.46875]]]},"properties":{"n":4}},{"type":"Feature","geometry":{"type":"Polygon","coordinates":[[[112.5,-25.3125],[113.90625,-25.3125],[113.90625,-23.90625],[112.5,-23.90625],[112.5,-25.3125]]]},"properties":{"n":4}},{"type":"Feature","geometry":{"type":"Polygon","coordinates":[[[113.90625,-32.34375],[115.3125,-32.34375],[115.3125,-30.9375],[113.90625,-30.9375],[113.90625,-32.34375]]]},"properties":{"n":4}},{"type":"Feature","geometry":{"type":"Polygon","coordinates":[[[37.96875,-7.03125],[39.375,-7.03125],[39.375,-5.625],[37.96875,-5.625],[37.96875,-7.03125]]]},"properties":{"n":4}},{"type":"Feature","geometry":{"type":"Polygon","coordinates":[[[42.1875,-21.09375],[43.59375,-21.09375],[43.59375,-19.6875],[42.1875,-19.6875],[42.1875,-21.09375]]]},"properties":{"n":4}},{"type":"Feature","geometry":{"type":"Polygon","coordinates":[[[12.65625,-7.03125],[14.0625,-7.03125],[14.0625,-5.625],[12.65625,-5.625],[12.65625,-7.03125]]]},"properties":{"n":4}},{"type":"Feature","geometry":{"type":"Polygon","coordinates":[[[11.25,-16.875],[12.65625,-16.875],[12.65625,-15.46875],[11.25,-15.46875],[11.25,-16.875]]]},"properties":{"n":4}},{"type":"Feature","geometry":{"type":"Polygon","coordinates":[[[-18.28125,23.90625],[-16.875,23.90625],[-16.875,25.3125],[-18.28125,25.3125],[-18.28125,23.90625]]]},"properties":{"n":4}},{"type":"Feature","geometry":{"type":"Polygon","coordinates":[[[-16.875,12.65625],[-15.46875,12.65625],[-15.46875,14.0625],[-16.875,14.0625],[-16.875,12.65625]]]},"properties":{"n":4}},{"type":"Feature","geometry":{"type":"Polygon","coordinates":[[[-90,22.5],[-88.59375,22.5],[-88.59375,23.90625],[-90,23.90625],[-90,22.5]]]},"properties":{"n":4}},{"type":"Feature","geometry":{"type":"Polygon","coordinates":[[[-59.0625,7.03125],[-57.65625,7.03125],[-57.65625,8.4375],[-59.0625,8.4375],[-59.0625,7.03125]]]},"properties":{"n":4}},{"type":"Feature","geometry":{"type":"Polygon","coordinates":[[[-57.65625,5.625],[-56.25,5.625],[-56.25,7.03125],[-57.65625,7.03125],[-57.65625,5.625]]]},"properties":{"n":4}},{"type":"Feature","geometry":{"type":"Polygon","coordinates":[[[-74.53125,9.84375],[-73.125,9.84375],[-73.125,11.25],[-74.53125,11.25],[-74.53125,9.84375]]]},"properties":{"n":4}},{"type":"Feature","geometry":{"type":"Polygon","coordinates":[[[-97.03125,29.53125],[-95.625,29.53125],[-95.625,30.9375],[-97.03125,30.9375],[-97.03125,29.53125]]]},"properties":{"n":4}},{"type":"Feature","geometry":{"type":"Polygon","coordinates":[[[-123.75,36.5625],[-122.34375,36.5625],[-122.34375,37.96875],[-123.75,37.96875],[-123.75,36.5625]]]},"properties":{"n":4}},{"type":"Feature","geometry":{"type":"Polygon","coordinates":[[[-157.5,19.6875],[-156.09375,19.6875],[-156.09375,21.09375],[-157.5,21.09375],[-157.5,19.6875]]]},"properties":{"n":4}},{"type":"Feature","geometry":{"type":"Polygon","coordinates":[[[-171.5625,-15.46875],[-170.15625,-15.46875],[-170.15625,-14.0625],[-171.5625,-14.0625],[-171.5625,-15.46875]]]},"properties":{"n":4}},{"type":"Feature","geometry":{"type":"Polygon","coordinates":[[[135,35.15625],[136.40625,35.15625],[136.40625,36.5625],[135,36.5625],[135,35.15625]]]},"properties":{"n":3}},{"type":"Feature","geometry":{"type":"Polygon","coordinates":[[[123.75,37.96875],[125.15625,37.96875],[125.15625,39.375],[123.75,39.375],[123.75,37.96875]]]},"properties":{"n":3}},{"type":"Feature","geometry":{"type":"Polygon","coordinates":[[[116.71875,22.5],[118.125,22.5],[118.125,23.90625],[116.71875,23.90625],[116.71875,22.5]]]},"properties":{"n":3}},{"type":"Feature","geometry":{"type":"Polygon","coordinates":[[[120.9375,11.25],[122.34375,11.25],[122.34375,12.65625],[120.9375,12.65625],[120.9375,11.25]]]},"properties":{"n":3}},{"type":"Feature","geometry":{"type":"Polygon","coordinates":[[[119.53125,11.25],[120.9375,11.25],[120.9375,12.65625],[119.53125,12.65625],[119.53125,11.25]]]},"properties":{"n":3}},{"type":"Feature","geometry":{"type":"Polygon","coordinates":[[[123.75,8.4375],[125.15625,8.4375],[125.15625,9.84375],[123.75,9.84375],[123.75,8.4375]]]},"properties":{"n":3}},{"type":"Feature","geometry":{"type":"Polygon","coordinates":[[[102.65625,11.25],[104.0625,11.25],[104.0625,12.65625],[102.65625,12.65625],[102.65625,11.25]]]},"properties":{"n":3}},{"type":"Feature","geometry":{"type":"Polygon","coordinates":[[[105.46875,9.84375],[106.875,9.84375],[106.875,11.25],[105.46875,11.25],[105.46875,9.84375]]]},"properties":{"n":3}},{"type":"Feature","geometry":{"type":"Polygon","coordinates":[[[105.46875,8.4375],[106.875,8.4375],[106.875,9.84375],[105.46875,9.84375],[105.46875,8.4375]]]},"properties":{"n":3}},{"type":"Feature","geometry":{"type":"Polygon","coordinates":[[[102.65625,1.40625],[104.0625,1.40625],[104.0625,2.8125],[102.65625,2.8125],[102.65625,1.40625]]]},"properties":{"n":3}},{"type":"Feature","geometry":{"type":"Polygon","coordinates":[[[47.8125,28.125],[49.21875,28.125],[49.21875,29.53125],[47.8125,29.53125],[47.8125,28.125]]]},"properties":{"n":3}},{"type":"Feature","geometry":{"type":"Polygon","coordinates":[[[82.96875,16.875],[84.375,16.875],[84.375,18.28125],[82.96875,18.28125],[82.96875,16.875]]]},"properties":{"n":3}},{"type":"Feature","geometry":{"type":"Polygon","coordinates":[[[75.9375,7.03125],[77.34375,7.03125],[77.34375,8.4375],[75.9375,8.4375],[75.9375,7.03125]]]},"properties":{"n":3}},{"type":"Feature","geometry":{"type":"Polygon","coordinates":[[[21.09375,37.96875],[22.5,37.96875],[22.5,39.375],[21.09375,39.375],[21.09375,37.96875]]]},"properties":{"n":3}},{"type":"Feature","geometry":{"type":"Polygon","coordinates":[[[19.6875,37.96875],[21.09375,37.96875],[21.09375,39.375],[19.6875,39.375],[19.6875,37.96875]]]},"properties":{"n":3}},{"type":"Feature","geometry":{"type":"Polygon","coordinates":[[[14.0625,37.96875],[15.46875,37.96875],[15.46875,39.375],[14.0625,39.375],[14.0625,37.96875]]]},"properties":{"n":3}},{"type":"Feature","geometry":{"type":"Polygon","coordinates":[[[9.84375,36.5625],[11.25,36.5625],[11.25,37.96875],[9.84375,37.96875],[9.84375,36.5625]]]},"properties":{"n":3}},{"type":"Feature","geometry":{"type":"Polygon","coordinates":[[[1.40625,4.21875],[2.8125,4.21875],[2.8125,5.625],[1.40625,5.625],[1.40625,4.21875]]]},"properties":{"n":3}},{"type":"Feature","geometry":{"type":"Polygon","coordinates":[[[147.65625,-7.03125],[149.0625,-7.03125],[149.0625,-5.625],[147.65625,-5.625],[147.65625,-7.03125]]]},"properties":{"n":3}},{"type":"Feature","geometry":{"type":"Polygon","coordinates":[[[147.65625,-8.4375],[149.0625,-8.4375],[149.0625,-7.03125],[147.65625,-7.03125],[147.65625,-8.4375]]]},"properties":{"n":3}},{"type":"Feature","geometry":{"type":"Polygon","coordinates":[[[143.4375,-4.21875],[144.84375,-4.21875],[144.84375,-2.8125],[143.4375,-2.8125],[143.4375,-4.21875]]]},"properties":{"n":3}},{"type":"Feature","geometry":{"type":"Polygon","coordinates":[[[144.84375,-5.625],[146.25,-5.625],[146.25,-4.21875],[144.84375,-4.21875],[144.84375,-5.625]]]},"properties":{"n":3}},{"type":"Feature","geometry":{"type":"Polygon","coordinates":[[[132.1875,-2.8125],[133.59375,-2.8125],[133.59375,-1.40625],[132.1875,-1.40625],[132.1875,-2.8125]]]},"properties":{"n":3}},{"type":"Feature","geometry":{"type":"Polygon","coordinates":[[[99.84375,-1.40625],[101.25,-1.40625],[101.25,0],[99.84375,0],[99.84375,-1.40625]]]},"properties":{"n":3}},{"type":"Feature","geometry":{"type":"Polygon","coordinates":[[[112.5,-23.90625],[113.90625,-23.90625],[113.90625,-22.5],[112.5,-22.5],[112.5,-23.90625]]]},"properties":{"n":3}},{"type":"Feature","geometry":{"type":"Polygon","coordinates":[[[113.90625,-26.71875],[115.3125,-26.71875],[115.3125,-25.3125],[113.90625,-25.3125],[113.90625,-26.71875]]]},"properties":{"n":3}},{"type":"Feature","geometry":{"type":"Polygon","coordinates":[[[63.28125,-19.6875],[64.6875,-19.6875],[64.6875,-18.28125],[63.28125,-18.28125],[63.28125,-19.6875]]]},"properties":{"n":3}},{"type":"Feature","geometry":{"type":"Polygon","coordinates":[[[39.375,-2.8125],[40.78125,-2.8125],[40.78125,-1.40625],[39.375,-1.40625],[39.375,-2.8125]]]},"properties":{"n":3}},{"type":"Feature","geometry":{"type":"Polygon","coordinates":[[[39.375,-4.21875],[40.78125,-4.21875],[40.78125,-2.8125],[39.375,-2.8125],[39.375,-4.21875]]]},"properties":{"n":3}},{"type":"Feature","geometry":{"type":"Polygon","coordinates":[[[39.375,-5.625],[40.78125,-5.625],[40.78125,-4.21875],[39.375,-4.21875],[39.375,-5.625]]]},"properties":{"n":3}},{"type":"Feature","geometry":{"type":"Polygon","coordinates":[[[42.1875,-12.65625],[43.59375,-12.65625],[43.59375,-11.25],[42.1875,-11.25],[42.1875,-12.65625]]]},"properties":{"n":3}},{"type":"Feature","geometry":{"type":"Polygon","coordinates":[[[43.59375,-14.0625],[45,-14.0625],[45,-12.65625],[43.59375,-12.65625],[43.59375,-14.0625]]]},"properties":{"n":3}},{"type":"Feature","geometry":{"type":"Polygon","coordinates":[[[12.65625,-14.0625],[14.0625,-14.0625],[14.0625,-12.65625],[12.65625,-12.65625],[12.65625,-14.0625]]]},"properties":{"n":3}},{"type":"Feature","geometry":{"type":"Polygon","coordinates":[[[43.59375,-23.90625],[45,-23.90625],[45,-22.5],[43.59375,-22.5],[43.59375,-23.90625]]]},"properties":{"n":3}},{"type":"Feature","geometry":{"type":"Polygon","coordinates":[[[-5.625,35.15625],[-4.21875,35.15625],[-4.21875,36.5625],[-5.625,36.5625],[-5.625,35.15625]]]},"properties":{"n":3}},{"type":"Feature","geometry":{"type":"Polygon","coordinates":[[[-18.28125,28.125],[-16.875,28.125],[-16.875,29.53125],[-18.28125,29.53125],[-18.28125,28.125]]]},"properties":{"n":3}},{"type":"Feature","geometry":{"type":"Polygon","coordinates":[[[-15.46875,26.71875],[-14.0625,26.71875],[-14.0625,28.125],[-15.46875,28.125],[-15.46875,26.71875]]]},"properties":{"n":3}},{"type":"Feature","geometry":{"type":"Polygon","coordinates":[[[-12.65625,8.4375],[-11.25,8.4375],[-11.25,9.84375],[-12.65625,9.84375],[-12.65625,8.4375]]]},"properties":{"n":3}},{"type":"Feature","geometry":{"type":"Polygon","coordinates":[[[-90,29.53125],[-88.59375,29.53125],[-88.59375,30.9375],[-90,30.9375],[-90,29.53125]]]},"properties":{"n":3}},{"type":"Feature","geometry":{"type":"Polygon","coordinates":[[[-64.6875,16.875],[-63.28125,16.875],[-63.28125,18.28125],[-64.6875,18.28125],[-64.6875,16.875]]]},"properties":{"n":3}},{"type":"Feature","geometry":{"type":"Polygon","coordinates":[[[-66.09375,18.28125],[-64.6875,18.28125],[-64.6875,19.6875],[-66.09375,19.6875],[-66.09375,18.28125]]]},"properties":{"n":3}},{"type":"Feature","geometry":{"type":"Polygon","coordinates":[[[-66.09375,9.84375],[-64.6875,9.84375],[-64.6875,11.25],[-66.09375,11.25],[-66.09375,9.84375]]]},"properties":{"n":3}},{"type":"Feature","geometry":{"type":"Polygon","coordinates":[[[-77.34375,16.875],[-75.9375,16.875],[-75.9375,18.28125],[-77.34375,18.28125],[-77.34375,16.875]]]},"properties":{"n":3}},{"type":"Feature","geometry":{"type":"Polygon","coordinates":[[[-68.90625,11.25],[-67.5,11.25],[-67.5,12.65625],[-68.90625,12.65625],[-68.90625,11.25]]]},"properties":{"n":3}},{"type":"Feature","geometry":{"type":"Polygon","coordinates":[[[-80.15625,8.4375],[-78.75,8.4375],[-78.75,9.84375],[-80.15625,9.84375],[-80.15625,8.4375]]]},"properties":{"n":3}},{"type":"Feature","geometry":{"type":"Polygon","coordinates":[[[-98.4375,28.125],[-97.03125,28.125],[-97.03125,29.53125],[-98.4375,29.53125],[-98.4375,28.125]]]},"properties":{"n":3}},{"type":"Feature","geometry":{"type":"Polygon","coordinates":[[[-98.4375,23.90625],[-97.03125,23.90625],[-97.03125,25.3125],[-98.4375,25.3125],[-98.4375,23.90625]]]},"properties":{"n":3}},{"type":"Feature","geometry":{"type":"Polygon","coordinates":[[[-118.125,32.34375],[-116.71875,32.34375],[-116.71875,33.75],[-118.125,33.75],[-118.125,32.34375]]]},"properties":{"n":3}},{"type":"Feature","geometry":{"type":"Polygon","coordinates":[[[-91.40625,21.09375],[-90,21.09375],[-90,22.5],[-91.40625,22.5],[-91.40625,21.09375]]]},"properties":{"n":3}},{"type":"Feature","geometry":{"type":"Polygon","coordinates":[[[-98.4375,21.09375],[-97.03125,21.09375],[-97.03125,22.5],[-98.4375,22.5],[-98.4375,21.09375]]]},"properties":{"n":3}},{"type":"Feature","geometry":{"type":"Polygon","coordinates":[[[-158.90625,21.09375],[-157.5,21.09375],[-157.5,22.5],[-158.90625,22.5],[-158.90625,21.09375]]]},"properties":{"n":3}},{"type":"Feature","geometry":{"type":"Polygon","coordinates":[[[-45,-25.3125],[-43.59375,-25.3125],[-43.59375,-23.90625],[-45,-23.90625],[-45,-25.3125]]]},"properties":{"n":3}},{"type":"Feature","geometry":{"type":"Polygon","coordinates":[[[-91.40625,-1.40625],[-90,-1.40625],[-90,0],[-91.40625,0],[-91.40625,-1.40625]]]},"properties":{"n":3}},{"type":"Feature","geometry":{"type":"Polygon","coordinates":[[[135,33.75],[136.40625,33.75],[136.40625,35.15625],[135,35.15625],[135,33.75]]]},"properties":{"n":2}},{"type":"Feature","geometry":{"type":"Polygon","coordinates":[[[142.03125,26.71875],[143.4375,26.71875],[143.4375,28.125],[142.03125,28.125],[142.03125,26.71875]]]},"properties":{"n":2}},{"type":"Feature","geometry":{"type":"Polygon","coordinates":[[[161.71875,11.25],[163.125,11.25],[163.125,12.65625],[161.71875,12.65625],[161.71875,11.25]]]},"properties":{"n":2}},{"type":"Feature","geometry":{"type":"Polygon","coordinates":[[[132.1875,33.75],[133.59375,33.75],[133.59375,35.15625],[132.1875,35.15625],[132.1875,33.75]]]},"properties":{"n":2}},{"type":"Feature","geometry":{"type":"Polygon","coordinates":[[[120.9375,36.5625],[122.34375,36.5625],[122.34375,37.96875],[120.9375,37.96875],[120.9375,36.5625]]]},"properties":{"n":2}},{"type":"Feature","geometry":{"type":"Polygon","coordinates":[[[122.34375,33.75],[123.75,33.75],[123.75,35.15625],[122.34375,35.15625],[122.34375,33.75]]]},"properties":{"n":2}},{"type":"Feature","geometry":{"type":"Polygon","coordinates":[[[116.71875,23.90625],[118.125,23.90625],[118.125,25.3125],[116.71875,25.3125],[116.71875,23.90625]]]},"properties":{"n":2}},{"type":"Feature","geometry":{"type":"Polygon","coordinates":[[[123.75,11.25],[125.15625,11.25],[125.15625,12.65625],[123.75,12.65625],[123.75,11.25]]]},"properties":{"n":2}},{"type":"Feature","geometry":{"type":"Polygon","coordinates":[[[125.15625,8.4375],[126.5625,8.4375],[126.5625,9.84375],[125.15625,9.84375],[125.15625,8.4375]]]},"properties":{"n":2}},{"type":"Feature","geometry":{"type":"Polygon","coordinates":[[[123.75,7.03125],[125.15625,7.03125],[125.15625,8.4375],[123.75,8.4375],[123.75,7.03125]]]},"properties":{"n":2}},{"type":"Feature","geometry":{"type":"Polygon","coordinates":[[[119.53125,8.4375],[120.9375,8.4375],[120.9375,9.84375],[119.53125,9.84375],[119.53125,8.4375]]]},"properties":{"n":2}},{"type":"Feature","geometry":{"type":"Polygon","coordinates":[[[118.125,5.625],[119.53125,5.625],[119.53125,7.03125],[118.125,7.03125],[118.125,5.625]]]},"properties":{"n":2}},{"type":"Feature","geometry":{"type":"Polygon","coordinates":[[[115.3125,4.21875],[116.71875,4.21875],[116.71875,5.625],[115.3125,5.625],[115.3125,4.21875]]]},"properties":{"n":2}},{"type":"Feature","geometry":{"type":"Polygon","coordinates":[[[108.28125,21.09375],[109.6875,21.09375],[109.6875,22.5],[108.28125,22.5],[108.28125,21.09375]]]},"properties":{"n":2}},{"type":"Feature","geometry":{"type":"Polygon","coordinates":[[[104.0625,9.84375],[105.46875,9.84375],[105.46875,11.25],[104.0625,11.25],[104.0625,9.84375]]]},"properties":{"n":2}},{"type":"Feature","geometry":{"type":"Polygon","coordinates":[[[109.6875,1.40625],[111.09375,1.40625],[111.09375,2.8125],[109.6875,2.8125],[109.6875,1.40625]]]},"properties":{"n":2}},{"type":"Feature","geometry":{"type":"Polygon","coordinates":[[[102.65625,2.8125],[104.0625,2.8125],[104.0625,4.21875],[102.65625,4.21875],[102.65625,2.8125]]]},"properties":{"n":2}},{"type":"Feature","geometry":{"type":"Polygon","coordinates":[[[101.25,2.8125],[102.65625,2.8125],[102.65625,4.21875],[101.25,4.21875],[101.25,2.8125]]]},"properties":{"n":2}},{"type":"Feature","geometry":{"type":"Polygon","coordinates":[[[104.0625,0],[105.46875,0],[105.46875,1.40625],[104.0625,1.40625],[104.0625,0]]]},"properties":{"n":2}},{"type":"Feature","geometry":{"type":"Polygon","coordinates":[[[99.84375,4.21875],[101.25,4.21875],[101.25,5.625],[99.84375,5.625],[99.84375,4.21875]]]},"properties":{"n":2}},{"type":"Feature","geometry":{"type":"Polygon","coordinates":[[[68.90625,22.5],[70.3125,22.5],[70.3125,23.90625],[68.90625,23.90625],[68.90625,22.5]]]},"properties":{"n":2}},{"type":"Feature","geometry":{"type":"Polygon","coordinates":[[[49.21875,25.3125],[50.625,25.3125],[50.625,26.71875],[49.21875,26.71875],[49.21875,25.3125]]]},"properties":{"n":2}},{"type":"Feature","geometry":{"type":"Polygon","coordinates":[[[84.375,19.6875],[85.78125,19.6875],[85.78125,21.09375],[84.375,21.09375],[84.375,19.6875]]]},"properties":{"n":2}},{"type":"Feature","geometry":{"type":"Polygon","coordinates":[[[81.5625,16.875],[82.96875,16.875],[82.96875,18.28125],[81.5625,18.28125],[81.5625,16.875]]]},"properties":{"n":2}},{"type":"Feature","geometry":{"type":"Polygon","coordinates":[[[78.75,7.03125],[80.15625,7.03125],[80.15625,8.4375],[78.75,8.4375],[78.75,7.03125]]]},"properties":{"n":2}},{"type":"Feature","geometry":{"type":"Polygon","coordinates":[[[46.40625,9.84375],[47.8125,9.84375],[47.8125,11.25],[46.40625,11.25],[46.40625,9.84375]]]},"properties":{"n":2}},{"type":"Feature","geometry":{"type":"Polygon","coordinates":[[[28.125,35.15625],[29.53125,35.15625],[29.53125,36.5625],[28.125,36.5625],[28.125,35.15625]]]},"properties":{"n":2}},{"type":"Feature","geometry":{"type":"Polygon","coordinates":[[[26.71875,36.5625],[28.125,36.5625],[28.125,37.96875],[26.71875,37.96875],[26.71875,36.5625]]]},"properties":{"n":2}},{"type":"Feature","geometry":{"type":"Polygon","coordinates":[[[23.90625,35.15625],[25.3125,35.15625],[25.3125,36.5625],[23.90625,36.5625],[23.90625,35.15625]]]},"properties":{"n":2}},{"type":"Feature","geometry":{"type":"Polygon","coordinates":[[[18.28125,42.1875],[19.6875,42.1875],[19.6875,43.59375],[18.28125,43.59375],[18.28125,42.1875]]]},"properties":{"n":2}},{"type":"Feature","geometry":{"type":"Polygon","coordinates":[[[19.6875,39.375],[21.09375,39.375],[21.09375,40.78125],[19.6875,40.78125],[19.6875,39.375]]]},"properties":{"n":2}},{"type":"Feature","geometry":{"type":"Polygon","coordinates":[[[21.09375,36.5625],[22.5,36.5625],[22.5,37.96875],[21.09375,37.96875],[21.09375,36.5625]]]},"properties":{"n":2}},{"type":"Feature","geometry":{"type":"Polygon","coordinates":[[[14.0625,36.5625],[15.46875,36.5625],[15.46875,37.96875],[14.0625,37.96875],[14.0625,36.5625]]]},"properties":{"n":2}},{"type":"Feature","geometry":{"type":"Polygon","coordinates":[[[12.65625,37.96875],[14.0625,37.96875],[14.0625,39.375],[12.65625,39.375],[12.65625,37.96875]]]},"properties":{"n":2}},{"type":"Feature","geometry":{"type":"Polygon","coordinates":[[[12.65625,33.75],[14.0625,33.75],[14.0625,35.15625],[12.65625,35.15625],[12.65625,33.75]]]},"properties":{"n":2}},{"type":"Feature","geometry":{"type":"Polygon","coordinates":[[[8.4375,43.59375],[9.84375,43.59375],[9.84375,45],[8.4375,45],[8.4375,43.59375]]]},"properties":{"n":2}},{"type":"Feature","geometry":{"type":"Polygon","coordinates":[[[8.4375,42.1875],[9.84375,42.1875],[9.84375,43.59375],[8.4375,43.59375],[8.4375,42.1875]]]},"properties":{"n":2}},{"type":"Feature","geometry":{"type":"Polygon","coordinates":[[[4.21875,42.1875],[5.625,42.1875],[5.625,43.59375],[4.21875,43.59375],[4.21875,42.1875]]]},"properties":{"n":2}},{"type":"Feature","geometry":{"type":"Polygon","coordinates":[[[9.84375,35.15625],[11.25,35.15625],[11.25,36.5625],[9.84375,36.5625],[9.84375,35.15625]]]},"properties":{"n":2}},{"type":"Feature","geometry":{"type":"Polygon","coordinates":[[[0,35.15625],[1.40625,35.15625],[1.40625,36.5625],[0,36.5625],[0,35.15625]]]},"properties":{"n":2}},{"type":"Feature","geometry":{"type":"Polygon","coordinates":[[[0,33.75],[1.40625,33.75],[1.40625,35.15625],[0,35.15625],[0,33.75]]]},"properties":{"n":2}},{"type":"Feature","geometry":{"type":"Polygon","coordinates":[[[9.84375,2.8125],[11.25,2.8125],[11.25,4.21875],[9.84375,4.21875],[9.84375,2.8125]]]},"properties":{"n":2}},{"type":"Feature","geometry":{"type":"Polygon","coordinates":[[[7.03125,1.40625],[8.4375,1.40625],[8.4375,2.8125],[7.03125,2.8125],[7.03125,1.40625]]]},"properties":{"n":2}},{"type":"Feature","geometry":{"type":"Polygon","coordinates":[[[2.8125,1.40625],[4.21875,1.40625],[4.21875,2.8125],[2.8125,2.8125],[2.8125,1.40625]]]},"properties":{"n":2}},{"type":"Feature","geometry":{"type":"Polygon","coordinates":[[[160.3125,-8.4375],[161.71875,-8.4375],[161.71875,-7.03125],[160.3125,-7.03125],[160.3125,-8.4375]]]},"properties":{"n":2}},{"type":"Feature","geometry":{"type":"Polygon","coordinates":[[[160.3125,-9.84375],[161.71875,-9.84375],[161.71875,-8.4375],[160.3125,-8.4375],[160.3125,-9.84375]]]},"properties":{"n":2}},{"type":"Feature","geometry":{"type":"Polygon","coordinates":[[[167.34375,-18.28125],[168.75,-18.28125],[168.75,-16.875],[167.34375,-16.875],[167.34375,-18.28125]]]},"properties":{"n":2}},{"type":"Feature","geometry":{"type":"Polygon","coordinates":[[[165.9375,-22.5],[167.34375,-22.5],[167.34375,-21.09375],[165.9375,-21.09375],[165.9375,-22.5]]]},"properties":{"n":2}},{"type":"Feature","geometry":{"type":"Polygon","coordinates":[[[164.53125,-21.09375],[165.9375,-21.09375],[165.9375,-19.6875],[164.53125,-19.6875],[164.53125,-21.09375]]]},"properties":{"n":2}},{"type":"Feature","geometry":{"type":"Polygon","coordinates":[[[151.875,-4.21875],[153.28125,-4.21875],[153.28125,-2.8125],[151.875,-2.8125],[151.875,-4.21875]]]},"properties":{"n":2}},{"type":"Feature","geometry":{"type":"Polygon","coordinates":[[[151.875,-9.84375],[153.28125,-9.84375],[153.28125,-8.4375],[151.875,-8.4375],[151.875,-9.84375]]]},"properties":{"n":2}},{"type":"Feature","geometry":{"type":"Polygon","coordinates":[[[150.46875,-9.84375],[151.875,-9.84375],[151.875,-8.4375],[150.46875,-8.4375],[150.46875,-9.84375]]]},"properties":{"n":2}},{"type":"Feature","geometry":{"type":"Polygon","coordinates":[[[136.40625,-9.84375],[137.8125,-9.84375],[137.8125,-8.4375],[136.40625,-8.4375],[136.40625,-9.84375]]]},"properties":{"n":2}},{"type":"Feature","geometry":{"type":"Polygon","coordinates":[[[135,-11.25],[136.40625,-11.25],[136.40625,-9.84375],[135,-9.84375],[135,-11.25]]]},"properties":{"n":2}},{"type":"Feature","geometry":{"type":"Polygon","coordinates":[[[143.4375,-14.0625],[144.84375,-14.0625],[144.84375,-12.65625],[143.4375,-12.65625],[143.4375,-14.0625]]]},"properties":{"n":2}},{"type":"Feature","geometry":{"type":"Polygon","coordinates":[[[143.4375,-15.46875],[144.84375,-15.46875],[144.84375,-14.0625],[143.4375,-14.0625],[143.4375,-15.46875]]]},"properties":{"n":2}},{"type":"Feature","geometry":{"type":"Polygon","coordinates":[[[137.8125,-14.0625],[139.21875,-14.0625],[139.21875,-12.65625],[137.8125,-12.65625],[137.8125,-14.0625]]]},"properties":{"n":2}},{"type":"Feature","geometry":{"type":"Polygon","coordinates":[[[144.84375,-19.6875],[146.25,-19.6875],[146.25,-18.28125],[144.84375,-18.28125],[144.84375,-19.6875]]]},"properties":{"n":2}},{"type":"Feature","geometry":{"type":"Polygon","coordinates":[[[150.46875,-25.3125],[151.875,-25.3125],[151.875,-23.90625],[150.46875,-23.90625],[150.46875,-25.3125]]]},"properties":{"n":2}},{"type":"Feature","geometry":{"type":"Polygon","coordinates":[[[151.875,-29.53125],[153.28125,-29.53125],[153.28125,-28.125],[151.875,-28.125],[151.875,-29.53125]]]},"properties":{"n":2}},{"type":"Feature","geometry":{"type":"Polygon","coordinates":[[[151.875,-32.34375],[153.28125,-32.34375],[153.28125,-30.9375],[151.875,-30.9375],[151.875,-32.34375]]]},"properties":{"n":2}},{"type":"Feature","geometry":{"type":"Polygon","coordinates":[[[149.0625,-36.5625],[150.46875,-36.5625],[150.46875,-35.15625],[149.0625,-35.15625],[149.0625,-36.5625]]]},"properties":{"n":2}},{"type":"Feature","geometry":{"type":"Polygon","coordinates":[[[120.9375,-9.84375],[122.34375,-9.84375],[122.34375,-8.4375],[120.9375,-8.4375],[120.9375,-9.84375]]]},"properties":{"n":2}},{"type":"Feature","geometry":{"type":"Polygon","coordinates":[[[119.53125,-11.25],[120.9375,-11.25],[120.9375,-9.84375],[119.53125,-9.84375],[119.53125,-11.25]]]},"properties":{"n":2}},{"type":"Feature","geometry":{"type":"Polygon","coordinates":[[[113.90625,-8.4375],[115.3125,-8.4375],[115.3125,-7.03125],[113.90625,-7.03125],[113.90625,-8.4375]]]},"properties":{"n":2}},{"type":"Feature","geometry":{"type":"Polygon","coordinates":[[[116.71875,-9.84375],[118.125,-9.84375],[118.125,-8.4375],[116.71875,-8.4375],[116.71875,-9.84375]]]},"properties":{"n":2}},{"type":"Feature","geometry":{"type":"Polygon","coordinates":[[[106.875,-11.25],[108.28125,-11.25],[108.28125,-9.84375],[106.875,-9.84375],[106.875,-11.25]]]},"properties":{"n":2}},{"type":"Feature","geometry":{"type":"Polygon","coordinates":[[[95.625,-12.65625],[97.03125,-12.65625],[97.03125,-11.25],[95.625,-11.25],[95.625,-12.65625]]]},"properties":{"n":2}},{"type":"Feature","geometry":{"type":"Polygon","coordinates":[[[127.96875,-33.75],[129.375,-33.75],[129.375,-32.34375],[127.96875,-32.34375],[127.96875,-33.75]]]},"properties":{"n":2}},{"type":"Feature","geometry":{"type":"Polygon","coordinates":[[[113.90625,-29.53125],[115.3125,-29.53125],[115.3125,-28.125],[113.90625,-28.125],[113.90625,-29.53125]]]},"properties":{"n":2}},{"type":"Feature","geometry":{"type":"Polygon","coordinates":[[[116.71875,-35.15625],[118.125,-35.15625],[118.125,-33.75],[116.71875,-33.75],[116.71875,-35.15625]]]},"properties":{"n":2}},{"type":"Feature","geometry":{"type":"Polygon","coordinates":[[[54.84375,-5.625],[56.25,-5.625],[56.25,-4.21875],[54.84375,-4.21875],[54.84375,-5.625]]]},"properties":{"n":2}},{"type":"Feature","geometry":{"type":"Polygon","coordinates":[[[54.84375,-22.5],[56.25,-22.5],[56.25,-21.09375],[54.84375,-21.09375],[54.84375,-22.5]]]},"properties":{"n":2}},{"type":"Feature","geometry":{"type":"Polygon","coordinates":[[[46.40625,-25.3125],[47.8125,-25.3125],[47.8125,-23.90625],[46.40625,-23.90625],[46.40625,-25.3125]]]},"properties":{"n":2}},{"type":"Feature","geometry":{"type":"Polygon","coordinates":[[[39.375,-16.875],[40.78125,-16.875],[40.78125,-15.46875],[39.375,-15.46875],[39.375,-16.875]]]},"properties":{"n":2}},{"type":"Feature","geometry":{"type":"Polygon","coordinates":[[[7.03125,-2.8125],[8.4375,-2.8125],[8.4375,-1.40625],[7.03125,-1.40625],[7.03125,-2.8125]]]},"properties":{"n":2}},{"type":"Feature","geometry":{"type":"Polygon","coordinates":[[[11.25,-12.65625],[12.65625,-12.65625],[12.65625,-11.25],[11.25,-11.25],[11.25,-12.65625]]]},"properties":{"n":2}},{"type":"Feature","geometry":{"type":"Polygon","coordinates":[[[-4.21875,36.5625],[-2.8125,36.5625],[-2.8125,37.96875],[-4.21875,37.96875],[-4.21875,36.5625]]]},"properties":{"n":2}},{"type":"Feature","geometry":{"type":"Polygon","coordinates":[[[-5.625,36.5625],[-4.21875,36.5625],[-4.21875,37.96875],[-5.625,37.96875],[-5.625,36.5625]]]},"properties":{"n":2}},{"type":"Feature","geometry":{"type":"Polygon","coordinates":[[[-16.875,32.34375],[-15.46875,32.34375],[-15.46875,33.75],[-16.875,33.75],[-16.875,32.34375]]]},"properties":{"n":2}},{"type":"Feature","geometry":{"type":"Polygon","coordinates":[[[-18.28125,12.65625],[-16.875,12.65625],[-16.875,14.0625],[-18.28125,14.0625],[-18.28125,12.65625]]]},"properties":{"n":2}},{"type":"Feature","geometry":{"type":"Polygon","coordinates":[[[-23.90625,15.46875],[-22.5,15.46875],[-22.5,16.875],[-23.90625,16.875],[-23.90625,15.46875]]]},"properties":{"n":2}},{"type":"Feature","geometry":{"type":"Polygon","coordinates":[[[-73.125,39.375],[-71.71875,39.375],[-71.71875,40.78125],[-73.125,40.78125],[-73.125,39.375]]]},"properties":{"n":2}},{"type":"Feature","geometry":{"type":"Polygon","coordinates":[[[-77.34375,23.90625],[-75.9375,23.90625],[-75.9375,25.3125],[-77.34375,25.3125],[-77.34375,23.90625]]]},"properties":{"n":2}},{"type":"Feature","geometry":{"type":"Polygon","coordinates":[[[-90,28.125],[-88.59375,28.125],[-88.59375,29.53125],[-90,29.53125],[-90,28.125]]]},"properties":{"n":2}},{"type":"Feature","geometry":{"type":"Polygon","coordinates":[[[-84.375,25.3125],[-82.96875,25.3125],[-82.96875,26.71875],[-84.375,26.71875],[-84.375,25.3125]]]},"properties":{"n":2}},{"type":"Feature","geometry":{"type":"Polygon","coordinates":[[[-61.875,14.0625],[-60.46875,14.0625],[-60.46875,15.46875],[-61.875,15.46875],[-61.875,14.0625]]]},"properties":{"n":2}},{"type":"Feature","geometry":{"type":"Polygon","coordinates":[[[-56.25,9.84375],[-54.84375,9.84375],[-54.84375,11.25],[-56.25,11.25],[-56.25,9.84375]]]},"properties":{"n":2}},{"type":"Feature","geometry":{"type":"Polygon","coordinates":[[[-80.15625,21.09375],[-78.75,21.09375],[-78.75,22.5],[-80.15625,22.5],[-80.15625,21.09375]]]},"properties":{"n":2}},{"type":"Feature","geometry":{"type":"Polygon","coordinates":[[[-88.59375,21.09375],[-87.1875,21.09375],[-87.1875,22.5],[-88.59375,22.5],[-88.59375,21.09375]]]},"properties":{"n":2}},{"type":"Feature","geometry":{"type":"Polygon","coordinates":[[[-75.9375,9.84375],[-74.53125,9.84375],[-74.53125,11.25],[-75.9375,11.25],[-75.9375,9.84375]]]},"properties":{"n":2}},{"type":"Feature","geometry":{"type":"Polygon","coordinates":[[[-84.375,9.84375],[-82.96875,9.84375],[-82.96875,11.25],[-84.375,11.25],[-84.375,9.84375]]]},"properties":{"n":2}},{"type":"Feature","geometry":{"type":"Polygon","coordinates":[[[-92.8125,21.09375],[-91.40625,21.09375],[-91.40625,22.5],[-92.8125,22.5],[-92.8125,21.09375]]]},"properties":{"n":2}},{"type":"Feature","geometry":{"type":"Polygon","coordinates":[[[-91.40625,19.6875],[-90,19.6875],[-90,21.09375],[-91.40625,21.09375],[-91.40625,19.6875]]]},"properties":{"n":2}},{"type":"Feature","geometry":{"type":"Polygon","coordinates":[[[-92.8125,18.28125],[-91.40625,18.28125],[-91.40625,19.6875],[-92.8125,19.6875],[-92.8125,18.28125]]]},"properties":{"n":2}},{"type":"Feature","geometry":{"type":"Polygon","coordinates":[[[-95.625,18.28125],[-94.21875,18.28125],[-94.21875,19.6875],[-95.625,19.6875],[-95.625,18.28125]]]},"properties":{"n":2}},{"type":"Feature","geometry":{"type":"Polygon","coordinates":[[[-168.75,9.84375],[-167.34375,9.84375],[-167.34375,11.25],[-168.75,11.25],[-168.75,9.84375]]]},"properties":{"n":2}},{"type":"Feature","geometry":{"type":"Polygon","coordinates":[[[-47.8125,-25.3125],[-46.40625,-25.3125],[-46.40625,-23.90625],[-47.8125,-23.90625],[-47.8125,-25.3125]]]},"properties":{"n":2}},{"type":"Feature","geometry":{"type":"Polygon","coordinates":[[[-150.46875,-18.28125],[-149.0625,-18.28125],[-149.0625,-16.875],[-150.46875,-16.875],[-150.46875,-18.28125]]]},"properties":{"n":2}},{"type":"Feature","geometry":{"type":"Polygon","coordinates":[[[-172.96875,-14.0625],[-171.5625,-14.0625],[-171.5625,-12.65625],[-172.96875,-12.65625],[-172.96875,-14.0625]]]},"properties":{"n":2}},{"type":"Feature","geometry":{"type":"Polygon","coordinates":[[[-170.15625,-19.6875],[-168.75,-19.6875],[-168.75,-18.28125],[-170.15625,-18.28125],[-170.15625,-19.6875]]]},"properties":{"n":2}},{"type":"Feature","geometry":{"type":"Polygon","coordinates":[[[-175.78125,-21.09375],[-174.375,-21.09375],[-174.375,-19.6875],[-175.78125,-19.6875],[-175.78125,-21.09375]]]},"properties":{"n":2}},{"type":"Feature","geometry":{"type":"Polygon","coordinates":[[[144.84375,16.875],[146.25,16.875],[146.25,18.28125],[144.84375,18.28125],[144.84375,16.875]]]},"properties":{"n":1}},{"type":"Feature","geometry":{"type":"Polygon","coordinates":[[[130.78125,33.75],[132.1875,33.75],[132.1875,35.15625],[130.78125,35.15625],[130.78125,33.75]]]},"properties":{"n":1}},{"type":"Feature","geometry":{"type":"Polygon","coordinates":[[[129.375,29.53125],[130.78125,29.53125],[130.78125,30.9375],[129.375,30.9375],[129.375,29.53125]]]},"properties":{"n":1}},{"type":"Feature","geometry":{"type":"Polygon","coordinates":[[[119.53125,25.3125],[120.9375,25.3125],[120.9375,26.71875],[119.53125,26.71875],[119.53125,25.3125]]]},"properties":{"n":1}},{"type":"Feature","geometry":{"type":"Polygon","coordinates":[[[120.9375,22.5],[122.34375,22.5],[122.34375,23.90625],[120.9375,23.90625],[120.9375,22.5]]]},"properties":{"n":1}},{"type":"Feature","geometry":{"type":"Polygon","coordinates":[[[92.8125,26.71875],[94.21875,26.71875],[94.21875,28.125],[92.8125,28.125],[92.8125,26.71875]]]},"properties":{"n":1}},{"type":"Feature","geometry":{"type":"Polygon","coordinates":[[[118.125,21.09375],[119.53125,21.09375],[119.53125,22.5],[118.125,22.5],[118.125,21.09375]]]},"properties":{"n":1}},{"type":"Feature","geometry":{"type":"Polygon","coordinates":[[[119.53125,19.6875],[120.9375,19.6875],[120.9375,21.09375],[119.53125,21.09375],[119.53125,19.6875]]]},"properties":{"n":1}},{"type":"Feature","geometry":{"type":"Polygon","coordinates":[[[112.5,18.28125],[113.90625,18.28125],[113.90625,19.6875],[112.5,19.6875],[112.5,18.28125]]]},"properties":{"n":1}},{"type":"Feature","geometry":{"type":"Polygon","coordinates":[[[133.59375,7.03125],[135,7.03125],[135,8.4375],[133.59375,8.4375],[133.59375,7.03125]]]},"properties":{"n":1}},{"type":"Feature","geometry":{"type":"Polygon","coordinates":[[[126.5625,0],[127.96875,0],[127.96875,1.40625],[126.5625,1.40625],[126.5625,0]]]},"properties":{"n":1}},{"type":"Feature","geometry":{"type":"Polygon","coordinates":[[[94.21875,15.46875],[95.625,15.46875],[95.625,16.875],[94.21875,16.875],[94.21875,15.46875]]]},"properties":{"n":1}},{"type":"Feature","geometry":{"type":"Polygon","coordinates":[[[106.875,8.4375],[108.28125,8.4375],[108.28125,9.84375],[106.875,9.84375],[106.875,8.4375]]]},"properties":{"n":1}},{"type":"Feature","geometry":{"type":"Polygon","coordinates":[[[101.25,9.84375],[102.65625,9.84375],[102.65625,11.25],[101.25,11.25],[101.25,9.84375]]]},"properties":{"n":1}},{"type":"Feature","geometry":{"type":"Polygon","coordinates":[[[102.65625,8.4375],[104.0625,8.4375],[104.0625,9.84375],[102.65625,9.84375],[102.65625,8.4375]]]},"properties":{"n":1}},{"type":"Feature","geometry":{"type":"Polygon","coordinates":[[[101.25,1.40625],[102.65625,1.40625],[102.65625,2.8125],[101.25,2.8125],[101.25,1.40625]]]},"properties":{"n":1}},{"type":"Feature","geometry":{"type":"Polygon","coordinates":[[[98.4375,7.03125],[99.84375,7.03125],[99.84375,8.4375],[98.4375,8.4375],[98.4375,7.03125]]]},"properties":{"n":1}},{"type":"Feature","geometry":{"type":"Polygon","coordinates":[[[12.65625,45],[14.0625,45],[14.0625,46.40625],[12.65625,46.40625],[12.65625,45]]]},"properties":{"n":1}},{"type":"Feature","geometry":{"type":"Polygon","coordinates":[[[78.75,32.34375],[80.15625,32.34375],[80.15625,33.75],[78.75,33.75],[78.75,32.34375]]]},"properties":{"n":1}},{"type":"Feature","geometry":{"type":"Polygon","coordinates":[[[56.25,26.71875],[57.65625,26.71875],[57.65625,28.125],[56.25,28.125],[56.25,26.71875]]]},"properties":{"n":1}},{"type":"Feature","geometry":{"type":"Polygon","coordinates":[[[47.8125,29.53125],[49.21875,29.53125],[49.21875,30.9375],[47.8125,30.9375],[47.8125,29.53125]]]},"properties":{"n":1}},{"type":"Feature","geometry":{"type":"Polygon","coordinates":[[[54.84375,23.90625],[56.25,23.90625],[56.25,25.3125],[54.84375,25.3125],[54.84375,23.90625]]]},"properties":{"n":1}},{"type":"Feature","geometry":{"type":"Polygon","coordinates":[[[81.5625,15.46875],[82.96875,15.46875],[82.96875,16.875],[81.5625,16.875],[81.5625,15.46875]]]},"properties":{"n":1}},{"type":"Feature","geometry":{"type":"Polygon","coordinates":[[[80.15625,14.0625],[81.5625,14.0625],[81.5625,15.46875],[80.15625,15.46875],[80.15625,14.0625]]]},"properties":{"n":1}},{"type":"Feature","geometry":{"type":"Polygon","coordinates":[[[78.75,5.625],[80.15625,5.625],[80.15625,7.03125],[78.75,7.03125],[78.75,5.625]]]},"properties":{"n":1}},{"type":"Feature","geometry":{"type":"Polygon","coordinates":[[[73.125,9.84375],[74.53125,9.84375],[74.53125,11.25],[73.125,11.25],[73.125,9.84375]]]},"properties":{"n":1}},{"type":"Feature","geometry":{"type":"Polygon","coordinates":[[[57.65625,19.6875],[59.0625,19.6875],[59.0625,21.09375],[57.65625,21.09375],[57.65625,19.6875]]]},"properties":{"n":1}},{"type":"Feature","geometry":{"type":"Polygon","coordinates":[[[53.4375,12.65625],[54.84375,12.65625],[54.84375,14.0625],[53.4375,14.0625],[53.4375,12.65625]]]},"properties":{"n":1}},{"type":"Feature","geometry":{"type":"Polygon","coordinates":[[[52.03125,11.25],[53.4375,11.25],[53.4375,12.65625],[52.03125,12.65625],[52.03125,11.25]]]},"properties":{"n":1}},{"type":"Feature","geometry":{"type":"Polygon","coordinates":[[[49.21875,11.25],[50.625,11.25],[50.625,12.65625],[49.21875,12.65625],[49.21875,11.25]]]},"properties":{"n":1}},{"type":"Feature","geometry":{"type":"Polygon","coordinates":[[[45,12.65625],[46.40625,12.65625],[46.40625,14.0625],[45,14.0625],[45,12.65625]]]},"properties":{"n":1}},{"type":"Feature","geometry":{"type":"Polygon","coordinates":[[[46.40625,11.25],[47.8125,11.25],[47.8125,12.65625],[46.40625,12.65625],[46.40625,11.25]]]},"properties":{"n":1}},{"type":"Feature","geometry":{"type":"Polygon","coordinates":[[[50.625,9.84375],[52.03125,9.84375],[52.03125,11.25],[50.625,11.25],[50.625,9.84375]]]},"properties":{"n":1}},{"type":"Feature","geometry":{"type":"Polygon","coordinates":[[[35.15625,35.15625],[36.5625,35.15625],[36.5625,36.5625],[35.15625,36.5625],[35.15625,35.15625]]]},"properties":{"n":1}},{"type":"Feature","geometry":{"type":"Polygon","coordinates":[[[28.125,43.59375],[29.53125,43.59375],[29.53125,45],[28.125,45],[28.125,43.59375]]]},"properties":{"n":1}},{"type":"Feature","geometry":{"type":"Polygon","coordinates":[[[28.125,39.375],[29.53125,39.375],[29.53125,40.78125],[28.125,40.78125],[28.125,39.375]]]},"properties":{"n":1}},{"type":"Feature","geometry":{"type":"Polygon","coordinates":[[[28.125,36.5625],[29.53125,36.5625],[29.53125,37.96875],[28.125,37.96875],[28.125,36.5625]]]},"properties":{"n":1}},{"type":"Feature","geometry":{"type":"Polygon","coordinates":[[[23.90625,36.5625],[25.3125,36.5625],[25.3125,37.96875],[23.90625,37.96875],[23.90625,36.5625]]]},"properties":{"n":1}},{"type":"Feature","geometry":{"type":"Polygon","coordinates":[[[33.75,29.53125],[35.15625,29.53125],[35.15625,30.9375],[33.75,30.9375],[33.75,29.53125]]]},"properties":{"n":1}},{"type":"Feature","geometry":{"type":"Polygon","coordinates":[[[18.28125,40.78125],[19.6875,40.78125],[19.6875,42.1875],[18.28125,42.1875],[18.28125,40.78125]]]},"properties":{"n":1}},{"type":"Feature","geometry":{"type":"Polygon","coordinates":[[[14.0625,43.59375],[15.46875,43.59375],[15.46875,45],[14.0625,45],[14.0625,43.59375]]]},"properties":{"n":1}},{"type":"Feature","geometry":{"type":"Polygon","coordinates":[[[12.65625,43.59375],[14.0625,43.59375],[14.0625,45],[12.65625,45],[12.65625,43.59375]]]},"properties":{"n":1}},{"type":"Feature","geometry":{"type":"Polygon","coordinates":[[[14.0625,39.375],[15.46875,39.375],[15.46875,40.78125],[14.0625,40.78125],[14.0625,39.375]]]},"properties":{"n":1}},{"type":"Feature","geometry":{"type":"Polygon","coordinates":[[[12.65625,40.78125],[14.0625,40.78125],[14.0625,42.1875],[12.65625,42.1875],[12.65625,40.78125]]]},"properties":{"n":1}},{"type":"Feature","geometry":{"type":"Polygon","coordinates":[[[16.875,36.5625],[18.28125,36.5625],[18.28125,37.96875],[16.875,37.96875],[16.875,36.5625]]]},"properties":{"n":1}},{"type":"Feature","geometry":{"type":"Polygon","coordinates":[[[11.25,36.5625],[12.65625,36.5625],[12.65625,37.96875],[11.25,37.96875],[11.25,36.5625]]]},"properties":{"n":1}},{"type":"Feature","geometry":{"type":"Polygon","coordinates":[[[11.25,35.15625],[12.65625,35.15625],[12.65625,36.5625],[11.25,36.5625],[11.25,35.15625]]]},"properties":{"n":1}},{"type":"Feature","geometry":{"type":"Polygon","coordinates":[[[4.21875,36.5625],[5.625,36.5625],[5.625,37.96875],[4.21875,37.96875],[4.21875,36.5625]]]},"properties":{"n":1}},{"type":"Feature","geometry":{"type":"Polygon","coordinates":[[[9.84375,32.34375],[11.25,32.34375],[11.25,33.75],[9.84375,33.75],[9.84375,32.34375]]]},"properties":{"n":1}},{"type":"Feature","geometry":{"type":"Polygon","coordinates":[[[7.03125,9.84375],[8.4375,9.84375],[8.4375,11.25],[7.03125,11.25],[7.03125,9.84375]]]},"properties":{"n":1}},{"type":"Feature","geometry":{"type":"Polygon","coordinates":[[[0,2.8125],[1.40625,2.8125],[1.40625,4.21875],[0,4.21875],[0,2.8125]]]},"properties":{"n":1}},{"type":"Feature","geometry":{"type":"Polygon","coordinates":[[[178.59375,-18.28125],[180,-18.28125],[180,-16.875],[178.59375,-16.875],[178.59375,-18.28125]]]},"properties":{"n":1}},{"type":"Feature","geometry":{"type":"Polygon","coordinates":[[[168.75,-19.6875],[170.15625,-19.6875],[170.15625,-18.28125],[168.75,-18.28125],[168.75,-19.6875]]]},"properties":{"n":1}},{"type":"Feature","geometry":{"type":"Polygon","coordinates":[[[136.40625,-2.8125],[137.8125,-2.8125],[137.8125,-1.40625],[136.40625,-1.40625],[136.40625,-2.8125]]]},"properties":{"n":1}},{"type":"Feature","geometry":{"type":"Polygon","coordinates":[[[144.84375,-8.4375],[146.25,-8.4375],[146.25,-7.03125],[144.84375,-7.03125],[144.84375,-8.4375]]]},"properties":{"n":1}},{"type":"Feature","geometry":{"type":"Polygon","coordinates":[[[149.0625,-21.09375],[150.46875,-21.09375],[150.46875,-19.6875],[149.0625,-19.6875],[149.0625,-21.09375]]]},"properties":{"n":1}},{"type":"Feature","geometry":{"type":"Polygon","coordinates":[[[140.625,-15.46875],[142.03125,-15.46875],[142.03125,-14.0625],[140.625,-14.0625],[140.625,-15.46875]]]},"properties":{"n":1}},{"type":"Feature","geometry":{"type":"Polygon","coordinates":[[[139.21875,-12.65625],[140.625,-12.65625],[140.625,-11.25],[139.21875,-11.25],[139.21875,-12.65625]]]},"properties":{"n":1}},{"type":"Feature","geometry":{"type":"Polygon","coordinates":[[[172.96875,-40.78125],[174.375,-40.78125],[174.375,-39.375],[172.96875,-39.375],[172.96875,-40.78125]]]},"properties":{"n":1}},{"type":"Feature","geometry":{"type":"Polygon","coordinates":[[[151.875,-30.9375],[153.28125,-30.9375],[153.28125,-29.53125],[151.875,-29.53125],[151.875,-30.9375]]]},"properties":{"n":1}},{"type":"Feature","geometry":{"type":"Polygon","coordinates":[[[150.46875,-35.15625],[151.875,-35.15625],[151.875,-33.75],[150.46875,-33.75],[150.46875,-35.15625]]]},"properties":{"n":1}},{"type":"Feature","geometry":{"type":"Polygon","coordinates":[[[129.375,-1.40625],[130.78125,-1.40625],[130.78125,0],[129.375,0],[129.375,-1.40625]]]},"properties":{"n":1}},{"type":"Feature","geometry":{"type":"Polygon","coordinates":[[[119.53125,-1.40625],[120.9375,-1.40625],[120.9375,0],[119.53125,0],[119.53125,-1.40625]]]},"properties":{"n":1}},{"type":"Feature","geometry":{"type":"Polygon","coordinates":[[[127.96875,-14.0625],[129.375,-14.0625],[129.375,-12.65625],[127.96875,-12.65625],[127.96875,-14.0625]]]},"properties":{"n":1}},{"type":"Feature","geometry":{"type":"Polygon","coordinates":[[[126.5625,-14.0625],[127.96875,-14.0625],[127.96875,-12.65625],[126.5625,-12.65625],[126.5625,-14.0625]]]},"properties":{"n":1}},{"type":"Feature","geometry":{"type":"Polygon","coordinates":[[[125.15625,-16.875],[126.5625,-16.875],[126.5625,-15.46875],[125.15625,-15.46875],[125.15625,-16.875]]]},"properties":{"n":1}},{"type":"Feature","geometry":{"type":"Polygon","coordinates":[[[122.34375,-15.46875],[123.75,-15.46875],[123.75,-14.0625],[122.34375,-14.0625],[122.34375,-15.46875]]]},"properties":{"n":1}},{"type":"Feature","geometry":{"type":"Polygon","coordinates":[[[115.3125,-19.6875],[116.71875,-19.6875],[116.71875,-18.28125],[115.3125,-18.28125],[115.3125,-19.6875]]]},"properties":{"n":1}},{"type":"Feature","geometry":{"type":"Polygon","coordinates":[[[111.09375,-1.40625],[112.5,-1.40625],[112.5,0],[111.09375,0],[111.09375,-1.40625]]]},"properties":{"n":1}},{"type":"Feature","geometry":{"type":"Polygon","coordinates":[[[129.375,-33.75],[130.78125,-33.75],[130.78125,-32.34375],[129.375,-32.34375],[129.375,-33.75]]]},"properties":{"n":1}},{"type":"Feature","geometry":{"type":"Polygon","coordinates":[[[113.90625,-30.9375],[115.3125,-30.9375],[115.3125,-29.53125],[113.90625,-29.53125],[113.90625,-30.9375]]]},"properties":{"n":1}},{"type":"Feature","geometry":{"type":"Polygon","coordinates":[[[115.3125,-33.75],[116.71875,-33.75],[116.71875,-32.34375],[115.3125,-32.34375],[115.3125,-33.75]]]},"properties":{"n":1}},{"type":"Feature","geometry":{"type":"Polygon","coordinates":[[[130.78125,-35.15625],[132.1875,-35.15625],[132.1875,-33.75],[130.78125,-33.75],[130.78125,-35.15625]]]},"properties":{"n":1}},{"type":"Feature","geometry":{"type":"Polygon","coordinates":[[[57.65625,-21.09375],[59.0625,-21.09375],[59.0625,-19.6875],[57.65625,-19.6875],[57.65625,-21.09375]]]},"properties":{"n":1}},{"type":"Feature","geometry":{"type":"Polygon","coordinates":[[[47.8125,-21.09375],[49.21875,-21.09375],[49.21875,-19.6875],[47.8125,-19.6875],[47.8125,-21.09375]]]},"properties":{"n":1}},{"type":"Feature","geometry":{"type":"Polygon","coordinates":[[[40.78125,-2.8125],[42.1875,-2.8125],[42.1875,-1.40625],[40.78125,-1.40625],[40.78125,-2.8125]]]},"properties":{"n":1}},{"type":"Feature","geometry":{"type":"Polygon","coordinates":[[[28.125,-4.21875],[29.53125,-4.21875],[29.53125,-2.8125],[28.125,-2.8125],[28.125,-4.21875]]]},"properties":{"n":1}},{"type":"Feature","geometry":{"type":"Polygon","coordinates":[[[43.59375,-12.65625],[45,-12.65625],[45,-11.25],[43.59375,-11.25],[43.59375,-12.65625]]]},"properties":{"n":1}},{"type":"Feature","geometry":{"type":"Polygon","coordinates":[[[40.78125,-16.875],[42.1875,-16.875],[42.1875,-15.46875],[40.78125,-15.46875],[40.78125,-16.875]]]},"properties":{"n":1}},{"type":"Feature","geometry":{"type":"Polygon","coordinates":[[[5.625,-2.8125],[7.03125,-2.8125],[7.03125,-1.40625],[5.625,-1.40625],[5.625,-2.8125]]]},"properties":{"n":1}},{"type":"Feature","geometry":{"type":"Polygon","coordinates":[[[8.4375,-4.21875],[9.84375,-4.21875],[9.84375,-2.8125],[8.4375,-2.8125],[8.4375,-4.21875]]]},"properties":{"n":1}},{"type":"Feature","geometry":{"type":"Polygon","coordinates":[[[11.25,-14.0625],[12.65625,-14.0625],[12.65625,-12.65625],[11.25,-12.65625],[11.25,-14.0625]]]},"properties":{"n":1}},{"type":"Feature","geometry":{"type":"Polygon","coordinates":[[[11.25,-19.6875],[12.65625,-19.6875],[12.65625,-18.28125],[11.25,-18.28125],[11.25,-19.6875]]]},"properties":{"n":1}},{"type":"Feature","geometry":{"type":"Polygon","coordinates":[[[35.15625,-25.3125],[36.5625,-25.3125],[36.5625,-23.90625],[35.15625,-23.90625],[35.15625,-25.3125]]]},"properties":{"n":1}},{"type":"Feature","geometry":{"type":"Polygon","coordinates":[[[30.9375,-29.53125],[32.34375,-29.53125],[32.34375,-28.125],[30.9375,-28.125],[30.9375,-29.53125]]]},"properties":{"n":1}},{"type":"Feature","geometry":{"type":"Polygon","coordinates":[[[14.0625,-23.90625],[15.46875,-23.90625],[15.46875,-22.5],[14.0625,-22.5],[14.0625,-23.90625]]]},"properties":{"n":1}},{"type":"Feature","geometry":{"type":"Polygon","coordinates":[[[-1.40625,39.375],[0,39.375],[0,40.78125],[-1.40625,40.78125],[-1.40625,39.375]]]},"properties":{"n":1}},{"type":"Feature","geometry":{"type":"Polygon","coordinates":[[[-1.40625,35.15625],[0,35.15625],[0,36.5625],[-1.40625,36.5625],[-1.40625,35.15625]]]},"properties":{"n":1}},{"type":"Feature","geometry":{"type":"Polygon","coordinates":[[[-2.8125,35.15625],[-1.40625,35.15625],[-1.40625,36.5625],[-2.8125,36.5625],[-2.8125,35.15625]]]},"properties":{"n":1}},{"type":"Feature","geometry":{"type":"Polygon","coordinates":[[[-2.8125,33.75],[-1.40625,33.75],[-1.40625,35.15625],[-2.8125,35.15625],[-2.8125,33.75]]]},"properties":{"n":1}},{"type":"Feature","geometry":{"type":"Polygon","coordinates":[[[-4.21875,35.15625],[-2.8125,35.15625],[-2.8125,36.5625],[-4.21875,36.5625],[-4.21875,35.15625]]]},"properties":{"n":1}},{"type":"Feature","geometry":{"type":"Polygon","coordinates":[[[-7.03125,36.5625],[-5.625,36.5625],[-5.625,37.96875],[-7.03125,37.96875],[-7.03125,36.5625]]]},"properties":{"n":1}},{"type":"Feature","geometry":{"type":"Polygon","coordinates":[[[-9.84375,37.96875],[-8.4375,37.96875],[-8.4375,39.375],[-9.84375,39.375],[-9.84375,37.96875]]]},"properties":{"n":1}},{"type":"Feature","geometry":{"type":"Polygon","coordinates":[[[-7.03125,35.15625],[-5.625,35.15625],[-5.625,36.5625],[-7.03125,36.5625],[-7.03125,35.15625]]]},"properties":{"n":1}},{"type":"Feature","geometry":{"type":"Polygon","coordinates":[[[-16.875,25.3125],[-15.46875,25.3125],[-15.46875,26.71875],[-16.875,26.71875],[-16.875,25.3125]]]},"properties":{"n":1}},{"type":"Feature","geometry":{"type":"Polygon","coordinates":[[[-15.46875,23.90625],[-14.0625,23.90625],[-14.0625,25.3125],[-15.46875,25.3125],[-15.46875,23.90625]]]},"properties":{"n":1}},{"type":"Feature","geometry":{"type":"Polygon","coordinates":[[[-28.125,37.96875],[-26.71875,37.96875],[-26.71875,39.375],[-28.125,39.375],[-28.125,37.96875]]]},"properties":{"n":1}},{"type":"Feature","geometry":{"type":"Polygon","coordinates":[[[-26.71875,36.5625],[-25.3125,36.5625],[-25.3125,37.96875],[-26.71875,37.96875],[-26.71875,36.5625]]]},"properties":{"n":1}},{"type":"Feature","geometry":{"type":"Polygon","coordinates":[[[-16.875,14.0625],[-15.46875,14.0625],[-15.46875,15.46875],[-16.875,15.46875],[-16.875,14.0625]]]},"properties":{"n":1}},{"type":"Feature","geometry":{"type":"Polygon","coordinates":[[[-2.8125,7.03125],[-1.40625,7.03125],[-1.40625,8.4375],[-2.8125,8.4375],[-2.8125,7.03125]]]},"properties":{"n":1}},{"type":"Feature","geometry":{"type":"Polygon","coordinates":[[[-15.46875,7.03125],[-14.0625,7.03125],[-14.0625,8.4375],[-15.46875,8.4375],[-15.46875,7.03125]]]},"properties":{"n":1}},{"type":"Feature","geometry":{"type":"Polygon","coordinates":[[[-25.3125,15.46875],[-23.90625,15.46875],[-23.90625,16.875],[-25.3125,16.875],[-25.3125,15.46875]]]},"properties":{"n":1}},{"type":"Feature","geometry":{"type":"Polygon","coordinates":[[[-23.90625,14.0625],[-22.5,14.0625],[-22.5,15.46875],[-23.90625,15.46875],[-23.90625,14.0625]]]},"properties":{"n":1}},{"type":"Feature","geometry":{"type":"Polygon","coordinates":[[[-64.6875,32.34375],[-63.28125,32.34375],[-63.28125,33.75],[-64.6875,33.75],[-64.6875,32.34375]]]},"properties":{"n":1}},{"type":"Feature","geometry":{"type":"Polygon","coordinates":[[[-70.3125,40.78125],[-68.90625,40.78125],[-68.90625,42.1875],[-70.3125,42.1875],[-70.3125,40.78125]]]},"properties":{"n":1}},{"type":"Feature","geometry":{"type":"Polygon","coordinates":[[[-77.34375,36.5625],[-75.9375,36.5625],[-75.9375,37.96875],[-77.34375,37.96875],[-77.34375,36.5625]]]},"properties":{"n":1}},{"type":"Feature","geometry":{"type":"Polygon","coordinates":[[[-73.125,28.125],[-71.71875,28.125],[-71.71875,29.53125],[-73.125,29.53125],[-73.125,28.125]]]},"properties":{"n":1}},{"type":"Feature","geometry":{"type":"Polygon","coordinates":[[[-74.53125,30.9375],[-73.125,30.9375],[-73.125,32.34375],[-74.53125,32.34375],[-74.53125,30.9375]]]},"properties":{"n":1}},{"type":"Feature","geometry":{"type":"Polygon","coordinates":[[[-77.34375,29.53125],[-75.9375,29.53125],[-75.9375,30.9375],[-77.34375,30.9375],[-77.34375,29.53125]]]},"properties":{"n":1}},{"type":"Feature","geometry":{"type":"Polygon","coordinates":[[[-84.375,29.53125],[-82.96875,29.53125],[-82.96875,30.9375],[-84.375,30.9375],[-84.375,29.53125]]]},"properties":{"n":1}},{"type":"Feature","geometry":{"type":"Polygon","coordinates":[[[-80.15625,23.90625],[-78.75,23.90625],[-78.75,25.3125],[-80.15625,25.3125],[-80.15625,23.90625]]]},"properties":{"n":1}},{"type":"Feature","geometry":{"type":"Polygon","coordinates":[[[-84.375,23.90625],[-82.96875,23.90625],[-82.96875,25.3125],[-84.375,25.3125],[-84.375,23.90625]]]},"properties":{"n":1}},{"type":"Feature","geometry":{"type":"Polygon","coordinates":[[[-64.6875,18.28125],[-63.28125,18.28125],[-63.28125,19.6875],[-64.6875,19.6875],[-64.6875,18.28125]]]},"properties":{"n":1}},{"type":"Feature","geometry":{"type":"Polygon","coordinates":[[[-66.09375,16.875],[-64.6875,16.875],[-64.6875,18.28125],[-66.09375,18.28125],[-66.09375,16.875]]]},"properties":{"n":1}},{"type":"Feature","geometry":{"type":"Polygon","coordinates":[[[-63.28125,11.25],[-61.875,11.25],[-61.875,12.65625],[-63.28125,12.65625],[-63.28125,11.25]]]},"properties":{"n":1}},{"type":"Feature","geometry":{"type":"Polygon","coordinates":[[[-52.03125,4.21875],[-50.625,4.21875],[-50.625,5.625],[-52.03125,5.625],[-52.03125,4.21875]]]},"properties":{"n":1}},{"type":"Feature","geometry":{"type":"Polygon","coordinates":[[[-61.875,8.4375],[-60.46875,8.4375],[-60.46875,9.84375],[-61.875,9.84375],[-61.875,8.4375]]]},"properties":{"n":1}},{"type":"Feature","geometry":{"type":"Polygon","coordinates":[[[-75.9375,19.6875],[-74.53125,19.6875],[-74.53125,21.09375],[-75.9375,21.09375],[-75.9375,19.6875]]]},"properties":{"n":1}},{"type":"Feature","geometry":{"type":"Polygon","coordinates":[[[-82.96875,15.46875],[-81.5625,15.46875],[-81.5625,16.875],[-82.96875,16.875],[-82.96875,15.46875]]]},"properties":{"n":1}},{"type":"Feature","geometry":{"type":"Polygon","coordinates":[[[-75.9375,8.4375],[-74.53125,8.4375],[-74.53125,9.84375],[-75.9375,9.84375],[-75.9375,8.4375]]]},"properties":{"n":1}},{"type":"Feature","geometry":{"type":"Polygon","coordinates":[[[-80.15625,7.03125],[-78.75,7.03125],[-78.75,8.4375],[-80.15625,8.4375],[-80.15625,7.03125]]]},"properties":{"n":1}},{"type":"Feature","geometry":{"type":"Polygon","coordinates":[[[-157.5,70.3125],[-156.09375,70.3125],[-156.09375,71.71875],[-157.5,71.71875],[-157.5,70.3125]]]},"properties":{"n":1}},{"type":"Feature","geometry":{"type":"Polygon","coordinates":[[[-91.40625,28.125],[-90,28.125],[-90,29.53125],[-91.40625,29.53125],[-91.40625,28.125]]]},"properties":{"n":1}},{"type":"Feature","geometry":{"type":"Polygon","coordinates":[[[-91.40625,26.71875],[-90,26.71875],[-90,28.125],[-91.40625,28.125],[-91.40625,26.71875]]]},"properties":{"n":1}},{"type":"Feature","geometry":{"type":"Polygon","coordinates":[[[-120.9375,33.75],[-119.53125,33.75],[-119.53125,35.15625],[-120.9375,35.15625],[-120.9375,33.75]]]},"properties":{"n":1}},{"type":"Feature","geometry":{"type":"Polygon","coordinates":[[[-94.21875,18.28125],[-92.8125,18.28125],[-92.8125,19.6875],[-94.21875,19.6875],[-94.21875,18.28125]]]},"properties":{"n":1}},{"type":"Feature","geometry":{"type":"Polygon","coordinates":[[[-94.21875,16.875],[-92.8125,16.875],[-92.8125,18.28125],[-94.21875,18.28125],[-94.21875,16.875]]]},"properties":{"n":1}},{"type":"Feature","geometry":{"type":"Polygon","coordinates":[[[-97.03125,18.28125],[-95.625,18.28125],[-95.625,19.6875],[-97.03125,19.6875],[-97.03125,18.28125]]]},"properties":{"n":1}},{"type":"Feature","geometry":{"type":"Polygon","coordinates":[[[-123.75,11.25],[-122.34375,11.25],[-122.34375,12.65625],[-123.75,12.65625],[-123.75,11.25]]]},"properties":{"n":1}},{"type":"Feature","geometry":{"type":"Polygon","coordinates":[[[-140.625,35.15625],[-139.21875,35.15625],[-139.21875,36.5625],[-140.625,36.5625],[-140.625,35.15625]]]},"properties":{"n":1}},{"type":"Feature","geometry":{"type":"Polygon","coordinates":[[[-146.25,14.0625],[-144.84375,14.0625],[-144.84375,15.46875],[-146.25,15.46875],[-146.25,14.0625]]]},"properties":{"n":1}},{"type":"Feature","geometry":{"type":"Polygon","coordinates":[[[-160.3125,21.09375],[-158.90625,21.09375],[-158.90625,22.5],[-160.3125,22.5],[-160.3125,21.09375]]]},"properties":{"n":1}},{"type":"Feature","geometry":{"type":"Polygon","coordinates":[[[-45,-4.21875],[-43.59375,-4.21875],[-43.59375,-2.8125],[-45,-2.8125],[-45,-4.21875]]]},"properties":{"n":1}},{"type":"Feature","geometry":{"type":"Polygon","coordinates":[[[-39.375,-18.28125],[-37.96875,-18.28125],[-37.96875,-16.875],[-39.375,-16.875],[-39.375,-18.28125]]]},"properties":{"n":1}},{"type":"Feature","geometry":{"type":"Polygon","coordinates":[[[-40.78125,-19.6875],[-39.375,-19.6875],[-39.375,-18.28125],[-40.78125,-18.28125],[-40.78125,-19.6875]]]},"properties":{"n":1}},{"type":"Feature","geometry":{"type":"Polygon","coordinates":[[[-42.1875,-21.09375],[-40.78125,-21.09375],[-40.78125,-19.6875],[-42.1875,-19.6875],[-42.1875,-21.09375]]]},"properties":{"n":1}},{"type":"Feature","geometry":{"type":"Polygon","coordinates":[[[-43.59375,-25.3125],[-42.1875,-25.3125],[-42.1875,-23.90625],[-43.59375,-23.90625],[-43.59375,-25.3125]]]},"properties":{"n":1}},{"type":"Feature","geometry":{"type":"Polygon","coordinates":[[[-49.21875,-25.3125],[-47.8125,-25.3125],[-47.8125,-23.90625],[-49.21875,-23.90625],[-49.21875,-25.3125]]]},"properties":{"n":1}},{"type":"Feature","geometry":{"type":"Polygon","coordinates":[[[-49.21875,-30.9375],[-47.8125,-30.9375],[-47.8125,-29.53125],[-49.21875,-29.53125],[-49.21875,-30.9375]]]},"properties":{"n":1}},{"type":"Feature","geometry":{"type":"Polygon","coordinates":[[[-52.03125,-32.34375],[-50.625,-32.34375],[-50.625,-30.9375],[-52.03125,-30.9375],[-52.03125,-32.34375]]]},"properties":{"n":1}},{"type":"Feature","geometry":{"type":"Polygon","coordinates":[[[-53.4375,-32.34375],[-52.03125,-32.34375],[-52.03125,-30.9375],[-53.4375,-30.9375],[-53.4375,-32.34375]]]},"properties":{"n":1}},{"type":"Feature","geometry":{"type":"Polygon","coordinates":[[[-57.65625,-37.96875],[-56.25,-37.96875],[-56.25,-36.5625],[-57.65625,-36.5625],[-57.65625,-37.96875]]]},"properties":{"n":1}},{"type":"Feature","geometry":{"type":"Polygon","coordinates":[[[-151.875,-16.875],[-150.46875,-16.875],[-150.46875,-15.46875],[-151.875,-15.46875],[-151.875,-16.875]]]},"properties":{"n":1}},{"type":"Feature","geometry":{"type":"Polygon","coordinates":[[[-174.375,-21.09375],[-172.96875,-21.09375],[-172.96875,-19.6875],[-174.375,-19.6875],[-174.375,-21.09375]]]},"properties":{"n":1}}]}