{"type":"FeatureCollection","features":[{"type":"Feature","geometry":{"type":"Polygon","coordinates":[[[-63.28125,-52.03125],[-61.875,-52.03125],[-61.875,-50.625],[-63.28125,-50.625],[-63.28125,-52.03125]]]},"properties":{"n":94201}},{"type":"Feature","geometry":{"type":"Polygon","coordinates":[[[-61.875,-50.625],[-60.46875,-50.625],[-60.46875,-49.21875],[-61.875,-49.21875],[-61.875,-50.625]]]},"properties":{"n":74789}},{"type":"Feature","geometry":{"type":"Polygon","coordinates":[[[21.09375,-35.15625],[22.5,-35.15625],[22.5,-33.75],[21.09375,-33.75],[21.09375,-35.15625]]]},"properties":{"n":51738}},{"type":"Feature","geometry":{"type":"Polygon","coordinates":[[[22.5,-35.15625],[23.90625,-35.15625],[23.90625,-33.75],[22.5,-33.75],[22.5,-35.15625]]]},"properties":{"n":45985}},{"type":"Feature","geometry":{"type":"Polygon","coordinates":[[[-61.875,43.59375],[-60.46875,43.59375],[-60.46875,45],[-61.875,45],[-61.875,43.59375]]]},"properties":{"n":45601}},{"type":"Feature","geometry":{"type":"Polygon","coordinates":[[[-67.5,42.1875],[-66.09375,42.1875],[-66.09375,43.59375],[-67.5,43.59375],[-67.5,42.1875]]]},"properties":{"n":44461}},{"type":"Feature","geometry":{"type":"Polygon","coordinates":[[[-63.28125,43.59375],[-61.875,43.59375],[-61.875,45],[-63.28125,45],[-63.28125,43.59375]]]},"properties":{"n":43729}},{"type":"Feature","geometry":{"type":"Polygon","coordinates":[[[-63.28125,-50.625],[-61.875,-50.625],[-61.875,-49.21875],[-63.28125,-49.21875],[-63.28125,-50.625]]]},"properties":{"n":39043}},{"type":"Feature","geometry":{"type":"Polygon","coordinates":[[[-67.5,43.59375],[-66.09375,43.59375],[-66.09375,45],[-67.5,45],[-67.5,43.59375]]]},"properties":{"n":36093}},{"type":"Feature","geometry":{"type":"Polygon","coordinates":[[[-61.875,-46.40625],[-60.46875,-46.40625],[-60.46875,-45],[-61.875,-45],[-61.875,-46.40625]]]},"properties":{"n":33584}},{"type":"Feature","geometry":{"type":"Polygon","coordinates":[[[-61.875,-49.21875],[-60.46875,-49.21875],[-60.46875,-47.8125],[-61.875,-47.8125],[-61.875,-49.21875]]]},"properties":{"n":31804}},{"type":"Feature","geometry":{"type":"Polygon","coordinates":[[[-64.6875,43.59375],[-63.28125,43.59375],[-63.28125,45],[-64.6875,45],[-64.6875,43.59375]]]},"properties":{"n":30924}},{"type":"Feature","geometry":{"type":"Polygon","coordinates":[[[-60.46875,-50.625],[-59.0625,-50.625],[-59.0625,-49.21875],[-60.46875,-49.21875],[-60.46875,-50.625]]]},"properties":{"n":28856}},{"type":"Feature","geometry":{"type":"Polygon","coordinates":[[[-63.28125,42.1875],[-61.875,42.1875],[-61.875,43.59375],[-63.28125,43.59375],[-63.28125,42.1875]]]},"properties":{"n":27511}},{"type":"Feature","geometry":{"type":"Polygon","coordinates":[[[-66.09375,42.1875],[-64.6875,42.1875],[-64.6875,43.59375],[-66.09375,43.59375],[-66.09375,42.1875]]]},"properties":{"n":26239}},{"type":"Feature","geometry":{"type":"Polygon","coordinates":[[[-64.6875,42.1875],[-63.28125,42.1875],[-63.28125,43.59375],[-64.6875,43.59375],[-64.6875,42.1875]]]},"properties":{"n":25760}},{"type":"Feature","geometry":{"type":"Polygon","coordinates":[[[-64.6875,-52.03125],[-63.28125,-52.03125],[-63.28125,-50.625],[-64.6875,-50.625],[-64.6875,-52.03125]]]},"properties":{"n":22172}},{"type":"Feature","geometry":{"type":"Polygon","coordinates":[[[-61.875,-47.8125],[-60.46875,-47.8125],[-60.46875,-46.40625],[-61.875,-46.40625],[-61.875,-47.8125]]]},"properties":{"n":21822}},{"type":"Feature","geometry":{"type":"Polygon","coordinates":[[[-60.46875,43.59375],[-59.0625,43.59375],[-59.0625,45],[-60.46875,45],[-60.46875,43.59375]]]},"properties":{"n":18538}},{"type":"Feature","geometry":{"type":"Polygon","coordinates":[[[23.90625,-35.15625],[25.3125,-35.15625],[25.3125,-33.75],[23.90625,-33.75],[23.90625,-35.15625]]]},"properties":{"n":17505}},{"type":"Feature","geometry":{"type":"Polygon","coordinates":[[[-61.875,42.1875],[-60.46875,42.1875],[-60.46875,43.59375],[-61.875,43.59375],[-61.875,42.1875]]]},"properties":{"n":15985}},{"type":"Feature","geometry":{"type":"Polygon","coordinates":[[[-63.28125,-53.4375],[-61.875,-53.4375],[-61.875,-52.03125],[-63.28125,-52.03125],[-63.28125,-53.4375]]]},"properties":{"n":15701}},{"type":"Feature","geometry":{"type":"Polygon","coordinates":[[[-12.65625,52.03125],[-11.25,52.03125],[-11.25,53.4375],[-12.65625,53.4375],[-12.65625,52.03125]]]},"properties":{"n":11931}},{"type":"Feature","geometry":{"type":"Polygon","coordinates":[[[-60.46875,-53.4375],[-59.0625,-53.4375],[-59.0625,-52.03125],[-60.46875,-52.03125],[-60.46875,-53.4375]]]},"properties":{"n":11922}},{"type":"Feature","geometry":{"type":"Polygon","coordinates":[[[-59.0625,-50.625],[-57.65625,-50.625],[-57.65625,-49.21875],[-59.0625,-49.21875],[-59.0625,-50.625]]]},"properties":{"n":11555}},{"type":"Feature","geometry":{"type":"Polygon","coordinates":[[[-60.46875,-46.40625],[-59.0625,-46.40625],[-59.0625,-45],[-60.46875,-45],[-60.46875,-46.40625]]]},"properties":{"n":11227}},{"type":"Feature","geometry":{"type":"Polygon","coordinates":[[[-14.0625,52.03125],[-12.65625,52.03125],[-12.65625,53.4375],[-14.0625,53.4375],[-14.0625,52.03125]]]},"properties":{"n":10737}},{"type":"Feature","geometry":{"type":"Polygon","coordinates":[[[-67.5,40.78125],[-66.09375,40.78125],[-66.09375,42.1875],[-67.5,42.1875],[-67.5,40.78125]]]},"properties":{"n":10542}},{"type":"Feature","geometry":{"type":"Polygon","coordinates":[[[-8.4375,50.625],[-7.03125,50.625],[-7.03125,52.03125],[-8.4375,52.03125],[-8.4375,50.625]]]},"properties":{"n":10363}},{"type":"Feature","geometry":{"type":"Polygon","coordinates":[[[25.3125,-35.15625],[26.71875,-35.15625],[26.71875,-33.75],[25.3125,-33.75],[25.3125,-35.15625]]]},"properties":{"n":10334}},{"type":"Feature","geometry":{"type":"Polygon","coordinates":[[[-61.875,-52.03125],[-60.46875,-52.03125],[-60.46875,-50.625],[-61.875,-50.625],[-61.875,-52.03125]]]},"properties":{"n":10055}},{"type":"Feature","geometry":{"type":"Polygon","coordinates":[[[-68.90625,40.78125],[-67.5,40.78125],[-67.5,42.1875],[-68.90625,42.1875],[-68.90625,40.78125]]]},"properties":{"n":9662}},{"type":"Feature","geometry":{"type":"Polygon","coordinates":[[[26.71875,-33.75],[28.125,-33.75],[28.125,-32.34375],[26.71875,-32.34375],[26.71875,-33.75]]]},"properties":{"n":9294}},{"type":"Feature","geometry":{"type":"Polygon","coordinates":[[[-60.46875,-52.03125],[-59.0625,-52.03125],[-59.0625,-50.625],[-60.46875,-50.625],[-60.46875,-52.03125]]]},"properties":{"n":9156}},{"type":"Feature","geometry":{"type":"Polygon","coordinates":[[[-11.25,50.625],[-9.84375,50.625],[-9.84375,52.03125],[-11.25,52.03125],[-11.25,50.625]]]},"properties":{"n":8792}},{"type":"Feature","geometry":{"type":"Polygon","coordinates":[[[-4.21875,46.40625],[-2.8125,46.40625],[-2.8125,47.8125],[-4.21875,47.8125],[-4.21875,46.40625]]]},"properties":{"n":8772}},{"type":"Feature","geometry":{"type":"Polygon","coordinates":[[[-126.5625,47.8125],[-125.15625,47.8125],[-125.15625,49.21875],[-126.5625,49.21875],[-126.5625,47.8125]]]},"properties":{"n":8104}},{"type":"Feature","geometry":{"type":"Polygon","coordinates":[[[-59.0625,43.59375],[-57.65625,43.59375],[-57.65625,45],[-59.0625,45],[-59.0625,43.59375]]]},"properties":{"n":8047}},{"type":"Feature","geometry":{"type":"Polygon","coordinates":[[[-9.84375,50.625],[-8.4375,50.625],[-8.4375,52.03125],[-9.84375,52.03125],[-9.84375,50.625]]]},"properties":{"n":7978}},{"type":"Feature","geometry":{"type":"Polygon","coordinates":[[[-61.875,-53.4375],[-60.46875,-53.4375],[-60.46875,-52.03125],[-61.875,-52.03125],[-61.875,-53.4375]]]},"properties":{"n":7928}},{"type":"Feature","geometry":{"type":"Polygon","coordinates":[[[-12.65625,53.4375],[-11.25,53.4375],[-11.25,54.84375],[-12.65625,54.84375],[-12.65625,53.4375]]]},"properties":{"n":7239}},{"type":"Feature","geometry":{"type":"Polygon","coordinates":[[[-11.25,49.21875],[-9.84375,49.21875],[-9.84375,50.625],[-11.25,50.625],[-11.25,49.21875]]]},"properties":{"n":7160}},{"type":"Feature","geometry":{"type":"Polygon","coordinates":[[[-2.8125,45],[-1.40625,45],[-1.40625,46.40625],[-2.8125,46.40625],[-2.8125,45]]]},"properties":{"n":7076}},{"type":"Feature","geometry":{"type":"Polygon","coordinates":[[[-125.15625,47.8125],[-123.75,47.8125],[-123.75,49.21875],[-125.15625,49.21875],[-125.15625,47.8125]]]},"properties":{"n":6995}},{"type":"Feature","geometry":{"type":"Polygon","coordinates":[[[-57.65625,-52.03125],[-56.25,-52.03125],[-56.25,-50.625],[-57.65625,-50.625],[-57.65625,-52.03125]]]},"properties":{"n":6878}},{"type":"Feature","geometry":{"type":"Polygon","coordinates":[[[-66.09375,45],[-64.6875,45],[-64.6875,46.40625],[-66.09375,46.40625],[-66.09375,45]]]},"properties":{"n":6795}},{"type":"Feature","geometry":{"type":"Polygon","coordinates":[[[-9.84375,49.21875],[-8.4375,49.21875],[-8.4375,50.625],[-9.84375,50.625],[-9.84375,49.21875]]]},"properties":{"n":6514}},{"type":"Feature","geometry":{"type":"Polygon","coordinates":[[[-2.8125,43.59375],[-1.40625,43.59375],[-1.40625,45],[-2.8125,45],[-2.8125,43.59375]]]},"properties":{"n":6470}},{"type":"Feature","geometry":{"type":"Polygon","coordinates":[[[-66.09375,-46.40625],[-64.6875,-46.40625],[-64.6875,-45],[-66.09375,-45],[-66.09375,-46.40625]]]},"properties":{"n":6308}},{"type":"Feature","geometry":{"type":"Polygon","coordinates":[[[-8.4375,54.84375],[-7.03125,54.84375],[-7.03125,56.25],[-8.4375,56.25],[-8.4375,54.84375]]]},"properties":{"n":5713}},{"type":"Feature","geometry":{"type":"Polygon","coordinates":[[[-70.3125,40.78125],[-68.90625,40.78125],[-68.90625,42.1875],[-70.3125,42.1875],[-70.3125,40.78125]]]},"properties":{"n":5607}},{"type":"Feature","geometry":{"type":"Polygon","coordinates":[[[-7.03125,50.625],[-5.625,50.625],[-5.625,52.03125],[-7.03125,52.03125],[-7.03125,50.625]]]},"properties":{"n":5581}},{"type":"Feature","geometry":{"type":"Polygon","coordinates":[[[-129.375,50.625],[-127.96875,50.625],[-127.96875,52.03125],[-129.375,52.03125],[-129.375,50.625]]]},"properties":{"n":5443}},{"type":"Feature","geometry":{"type":"Polygon","coordinates":[[[-5.625,46.40625],[-4.21875,46.40625],[-4.21875,47.8125],[-5.625,47.8125],[-5.625,46.40625]]]},"properties":{"n":5410}},{"type":"Feature","geometry":{"type":"Polygon","coordinates":[[[-15.46875,52.03125],[-14.0625,52.03125],[-14.0625,53.4375],[-15.46875,53.4375],[-15.46875,52.03125]]]},"properties":{"n":5394}},{"type":"Feature","geometry":{"type":"Polygon","coordinates":[[[-130.78125,50.625],[-129.375,50.625],[-129.375,52.03125],[-130.78125,52.03125],[-130.78125,50.625]]]},"properties":{"n":5341}},{"type":"Feature","geometry":{"type":"Polygon","coordinates":[[[11.25,56.25],[12.65625,56.25],[12.65625,57.65625],[11.25,57.65625],[11.25,56.25]]]},"properties":{"n":5066}},{"type":"Feature","geometry":{"type":"Polygon","coordinates":[[[-8.4375,56.25],[-7.03125,56.25],[-7.03125,57.65625],[-8.4375,57.65625],[-8.4375,56.25]]]},"properties":{"n":4971}},{"type":"Feature","geometry":{"type":"Polygon","coordinates":[[[-64.6875,-53.4375],[-63.28125,-53.4375],[-63.28125,-52.03125],[-64.6875,-52.03125],[-64.6875,-53.4375]]]},"properties":{"n":4862}},{"type":"Feature","geometry":{"type":"Polygon","coordinates":[[[-68.90625,42.1875],[-67.5,42.1875],[-67.5,43.59375],[-68.90625,43.59375],[-68.90625,42.1875]]]},"properties":{"n":4724}},{"type":"Feature","geometry":{"type":"Polygon","coordinates":[[[-4.21875,45],[-2.8125,45],[-2.8125,46.40625],[-4.21875,46.40625],[-4.21875,45]]]},"properties":{"n":4648}},{"type":"Feature","geometry":{"type":"Polygon","coordinates":[[[-66.09375,43.59375],[-64.6875,43.59375],[-64.6875,45],[-66.09375,45],[-66.09375,43.59375]]]},"properties":{"n":4504}},{"type":"Feature","geometry":{"type":"Polygon","coordinates":[[[-8.4375,49.21875],[-7.03125,49.21875],[-7.03125,50.625],[-8.4375,50.625],[-8.4375,49.21875]]]},"properties":{"n":4260}},{"type":"Feature","geometry":{"type":"Polygon","coordinates":[[[-133.59375,53.4375],[-132.1875,53.4375],[-132.1875,54.84375],[-133.59375,54.84375],[-133.59375,53.4375]]]},"properties":{"n":4230}},{"type":"Feature","geometry":{"type":"Polygon","coordinates":[[[-7.03125,57.65625],[-5.625,57.65625],[-5.625,59.0625],[-7.03125,59.0625],[-7.03125,57.65625]]]},"properties":{"n":4190}},{"type":"Feature","geometry":{"type":"Polygon","coordinates":[[[-130.78125,52.03125],[-129.375,52.03125],[-129.375,53.4375],[-130.78125,53.4375],[-130.78125,52.03125]]]},"properties":{"n":4157}},{"type":"Feature","geometry":{"type":"Polygon","coordinates":[[[0,60.46875],[1.40625,60.46875],[1.40625,61.875],[0,61.875],[0,60.46875]]]},"properties":{"n":4002}},{"type":"Feature","geometry":{"type":"Polygon","coordinates":[[[19.6875,-35.15625],[21.09375,-35.15625],[21.09375,-33.75],[19.6875,-33.75],[19.6875,-35.15625]]]},"properties":{"n":3810}},{"type":"Feature","geometry":{"type":"Polygon","coordinates":[[[-81.5625,-7.03125],[-80.15625,-7.03125],[-80.15625,-5.625],[-81.5625,-5.625],[-81.5625,-7.03125]]]},"properties":{"n":3794}},{"type":"Feature","geometry":{"type":"Polygon","coordinates":[[[-9.84375,54.84375],[-8.4375,54.84375],[-8.4375,56.25],[-9.84375,56.25],[-9.84375,54.84375]]]},"properties":{"n":3750}},{"type":"Feature","geometry":{"type":"Polygon","coordinates":[[[-125.15625,49.21875],[-123.75,49.21875],[-123.75,50.625],[-125.15625,50.625],[-125.15625,49.21875]]]},"properties":{"n":3651}},{"type":"Feature","geometry":{"type":"Polygon","coordinates":[[[-67.5,45],[-66.09375,45],[-66.09375,46.40625],[-67.5,46.40625],[-67.5,45]]]},"properties":{"n":3534}},{"type":"Feature","geometry":{"type":"Polygon","coordinates":[[[-11.25,52.03125],[-9.84375,52.03125],[-9.84375,53.4375],[-11.25,53.4375],[-11.25,52.03125]]]},"properties":{"n":3432}},{"type":"Feature","geometry":{"type":"Polygon","coordinates":[[[-68.90625,39.375],[-67.5,39.375],[-67.5,40.78125],[-68.90625,40.78125],[-68.90625,39.375]]]},"properties":{"n":3351}},{"type":"Feature","geometry":{"type":"Polygon","coordinates":[[[-59.0625,-53.4375],[-57.65625,-53.4375],[-57.65625,-52.03125],[-59.0625,-52.03125],[-59.0625,-53.4375]]]},"properties":{"n":3256}},{"type":"Feature","geometry":{"type":"Polygon","coordinates":[[[-11.25,53.4375],[-9.84375,53.4375],[-9.84375,54.84375],[-11.25,54.84375],[-11.25,53.4375]]]},"properties":{"n":3248}},{"type":"Feature","geometry":{"type":"Polygon","coordinates":[[[-9.84375,56.25],[-8.4375,56.25],[-8.4375,57.65625],[-9.84375,57.65625],[-9.84375,56.25]]]},"properties":{"n":3167}},{"type":"Feature","geometry":{"type":"Polygon","coordinates":[[[-70.3125,42.1875],[-68.90625,42.1875],[-68.90625,43.59375],[-70.3125,43.59375],[-70.3125,42.1875]]]},"properties":{"n":3149}},{"type":"Feature","geometry":{"type":"Polygon","coordinates":[[[-60.46875,42.1875],[-59.0625,42.1875],[-59.0625,43.59375],[-60.46875,43.59375],[-60.46875,42.1875]]]},"properties":{"n":3012}},{"type":"Feature","geometry":{"type":"Polygon","coordinates":[[[-67.5,-46.40625],[-66.09375,-46.40625],[-66.09375,-45],[-67.5,-45],[-67.5,-46.40625]]]},"properties":{"n":3011}},{"type":"Feature","geometry":{"type":"Polygon","coordinates":[[[-7.03125,56.25],[-5.625,56.25],[-5.625,57.65625],[-7.03125,57.65625],[-7.03125,56.25]]]},"properties":{"n":2944}},{"type":"Feature","geometry":{"type":"Polygon","coordinates":[[[9.84375,57.65625],[11.25,57.65625],[11.25,59.0625],[9.84375,59.0625],[9.84375,57.65625]]]},"properties":{"n":2855}},{"type":"Feature","geometry":{"type":"Polygon","coordinates":[[[-73.125,39.375],[-71.71875,39.375],[-71.71875,40.78125],[-73.125,40.78125],[-73.125,39.375]]]},"properties":{"n":2772}},{"type":"Feature","geometry":{"type":"Polygon","coordinates":[[[-15.46875,50.625],[-14.0625,50.625],[-14.0625,52.03125],[-15.46875,52.03125],[-15.46875,50.625]]]},"properties":{"n":2734}},{"type":"Feature","geometry":{"type":"Polygon","coordinates":[[[-123.75,47.8125],[-122.34375,47.8125],[-122.34375,49.21875],[-123.75,49.21875],[-123.75,47.8125]]]},"properties":{"n":2650}},{"type":"Feature","geometry":{"type":"Polygon","coordinates":[[[-9.84375,57.65625],[-8.4375,57.65625],[-8.4375,59.0625],[-9.84375,59.0625],[-9.84375,57.65625]]]},"properties":{"n":2577}},{"type":"Feature","geometry":{"type":"Polygon","coordinates":[[[-68.90625,43.59375],[-67.5,43.59375],[-67.5,45],[-68.90625,45],[-68.90625,43.59375]]]},"properties":{"n":2530}},{"type":"Feature","geometry":{"type":"Polygon","coordinates":[[[-70.3125,39.375],[-68.90625,39.375],[-68.90625,40.78125],[-70.3125,40.78125],[-70.3125,39.375]]]},"properties":{"n":2446}},{"type":"Feature","geometry":{"type":"Polygon","coordinates":[[[-123.75,49.21875],[-122.34375,49.21875],[-122.34375,50.625],[-123.75,50.625],[-123.75,49.21875]]]},"properties":{"n":2378}},{"type":"Feature","geometry":{"type":"Polygon","coordinates":[[[-9.84375,47.8125],[-8.4375,47.8125],[-8.4375,49.21875],[-9.84375,49.21875],[-9.84375,47.8125]]]},"properties":{"n":2365}},{"type":"Feature","geometry":{"type":"Polygon","coordinates":[[[-66.09375,40.78125],[-64.6875,40.78125],[-64.6875,42.1875],[-66.09375,42.1875],[-66.09375,40.78125]]]},"properties":{"n":2344}},{"type":"Feature","geometry":{"type":"Polygon","coordinates":[[[16.875,-33.75],[18.28125,-33.75],[18.28125,-32.34375],[16.875,-32.34375],[16.875,-33.75]]]},"properties":{"n":2237}},{"type":"Feature","geometry":{"type":"Polygon","coordinates":[[[-71.71875,39.375],[-70.3125,39.375],[-70.3125,40.78125],[-71.71875,40.78125],[-71.71875,39.375]]]},"properties":{"n":2172}},{"type":"Feature","geometry":{"type":"Polygon","coordinates":[[[-74.53125,37.96875],[-73.125,37.96875],[-73.125,39.375],[-74.53125,39.375],[-74.53125,37.96875]]]},"properties":{"n":2157}},{"type":"Feature","geometry":{"type":"Polygon","coordinates":[[[2.8125,42.1875],[4.21875,42.1875],[4.21875,43.59375],[2.8125,43.59375],[2.8125,42.1875]]]},"properties":{"n":2156}},{"type":"Feature","geometry":{"type":"Polygon","coordinates":[[[2.8125,59.0625],[4.21875,59.0625],[4.21875,60.46875],[2.8125,60.46875],[2.8125,59.0625]]]},"properties":{"n":2144}},{"type":"Feature","geometry":{"type":"Polygon","coordinates":[[[-14.0625,50.625],[-12.65625,50.625],[-12.65625,52.03125],[-14.0625,52.03125],[-14.0625,50.625]]]},"properties":{"n":2110}},{"type":"Feature","geometry":{"type":"Polygon","coordinates":[[[-120.9375,33.75],[-119.53125,33.75],[-119.53125,35.15625],[-120.9375,35.15625],[-120.9375,33.75]]]},"properties":{"n":2050}},{"type":"Feature","geometry":{"type":"Polygon","coordinates":[[[-60.46875,-49.21875],[-59.0625,-49.21875],[-59.0625,-47.8125],[-60.46875,-47.8125],[-60.46875,-49.21875]]]},"properties":{"n":1991}},{"type":"Feature","geometry":{"type":"Polygon","coordinates":[[[-12.65625,50.625],[-11.25,50.625],[-11.25,52.03125],[-12.65625,52.03125],[-12.65625,50.625]]]},"properties":{"n":1955}},{"type":"Feature","geometry":{"type":"Polygon","coordinates":[[[18.28125,-35.15625],[19.6875,-35.15625],[19.6875,-33.75],[18.28125,-33.75],[18.28125,-35.15625]]]},"properties":{"n":1917}},{"type":"Feature","geometry":{"type":"Polygon","coordinates":[[[-8.4375,47.8125],[-7.03125,47.8125],[-7.03125,49.21875],[-8.4375,49.21875],[-8.4375,47.8125]]]},"properties":{"n":1899}},{"type":"Feature","geometry":{"type":"Polygon","coordinates":[[[16.875,-32.34375],[18.28125,-32.34375],[18.28125,-30.9375],[16.875,-30.9375],[16.875,-32.34375]]]},"properties":{"n":1818}},{"type":"Feature","geometry":{"type":"Polygon","coordinates":[[[-60.46875,-45],[-59.0625,-45],[-59.0625,-43.59375],[-60.46875,-43.59375],[-60.46875,-45]]]},"properties":{"n":1818}},{"type":"Feature","geometry":{"type":"Polygon","coordinates":[[[-14.0625,53.4375],[-12.65625,53.4375],[-12.65625,54.84375],[-14.0625,54.84375],[-14.0625,53.4375]]]},"properties":{"n":1711}},{"type":"Feature","geometry":{"type":"Polygon","coordinates":[[[-74.53125,39.375],[-73.125,39.375],[-73.125,40.78125],[-74.53125,40.78125],[-74.53125,39.375]]]},"properties":{"n":1697}},{"type":"Feature","geometry":{"type":"Polygon","coordinates":[[[25.3125,-33.75],[26.71875,-33.75],[26.71875,-32.34375],[25.3125,-32.34375],[25.3125,-33.75]]]},"properties":{"n":1652}},{"type":"Feature","geometry":{"type":"Polygon","coordinates":[[[-119.53125,32.34375],[-118.125,32.34375],[-118.125,33.75],[-119.53125,33.75],[-119.53125,32.34375]]]},"properties":{"n":1580}},{"type":"Feature","geometry":{"type":"Polygon","coordinates":[[[-66.09375,-47.8125],[-64.6875,-47.8125],[-64.6875,-46.40625],[-66.09375,-46.40625],[-66.09375,-47.8125]]]},"properties":{"n":1557}},{"type":"Feature","geometry":{"type":"Polygon","coordinates":[[[-127.96875,47.8125],[-126.5625,47.8125],[-126.5625,49.21875],[-127.96875,49.21875],[-127.96875,47.8125]]]},"properties":{"n":1545}},{"type":"Feature","geometry":{"type":"Polygon","coordinates":[[[-71.71875,40.78125],[-70.3125,40.78125],[-70.3125,42.1875],[-71.71875,42.1875],[-71.71875,40.78125]]]},"properties":{"n":1452}},{"type":"Feature","geometry":{"type":"Polygon","coordinates":[[[-122.34375,36.5625],[-120.9375,36.5625],[-120.9375,37.96875],[-122.34375,37.96875],[-122.34375,36.5625]]]},"properties":{"n":1449}},{"type":"Feature","geometry":{"type":"Polygon","coordinates":[[[-59.0625,45],[-57.65625,45],[-57.65625,46.40625],[-59.0625,46.40625],[-59.0625,45]]]},"properties":{"n":1446}},{"type":"Feature","geometry":{"type":"Polygon","coordinates":[[[-5.625,50.625],[-4.21875,50.625],[-4.21875,52.03125],[-5.625,52.03125],[-5.625,50.625]]]},"properties":{"n":1396}},{"type":"Feature","geometry":{"type":"Polygon","coordinates":[[[15.46875,-32.34375],[16.875,-32.34375],[16.875,-30.9375],[15.46875,-30.9375],[15.46875,-32.34375]]]},"properties":{"n":1377}},{"type":"Feature","geometry":{"type":"Polygon","coordinates":[[[-75.9375,36.5625],[-74.53125,36.5625],[-74.53125,37.96875],[-75.9375,37.96875],[-75.9375,36.5625]]]},"properties":{"n":1360}},{"type":"Feature","geometry":{"type":"Polygon","coordinates":[[[0,59.0625],[1.40625,59.0625],[1.40625,60.46875],[0,60.46875],[0,59.0625]]]},"properties":{"n":1339}},{"type":"Feature","geometry":{"type":"Polygon","coordinates":[[[-127.96875,49.21875],[-126.5625,49.21875],[-126.5625,50.625],[-127.96875,50.625],[-127.96875,49.21875]]]},"properties":{"n":1324}},{"type":"Feature","geometry":{"type":"Polygon","coordinates":[[[-120.9375,32.34375],[-119.53125,32.34375],[-119.53125,33.75],[-120.9375,33.75],[-120.9375,32.34375]]]},"properties":{"n":1302}},{"type":"Feature","geometry":{"type":"Polygon","coordinates":[[[-5.625,54.84375],[-4.21875,54.84375],[-4.21875,56.25],[-5.625,56.25],[-5.625,54.84375]]]},"properties":{"n":1288}},{"type":"Feature","geometry":{"type":"Polygon","coordinates":[[[-57.65625,-50.625],[-56.25,-50.625],[-56.25,-49.21875],[-57.65625,-49.21875],[-57.65625,-50.625]]]},"properties":{"n":1282}},{"type":"Feature","geometry":{"type":"Polygon","coordinates":[[[15.46875,-30.9375],[16.875,-30.9375],[16.875,-29.53125],[15.46875,-29.53125],[15.46875,-30.9375]]]},"properties":{"n":1256}},{"type":"Feature","geometry":{"type":"Polygon","coordinates":[[[-71.71875,42.1875],[-70.3125,42.1875],[-70.3125,43.59375],[-71.71875,43.59375],[-71.71875,42.1875]]]},"properties":{"n":1246}},{"type":"Feature","geometry":{"type":"Polygon","coordinates":[[[-1.40625,59.0625],[0,59.0625],[0,60.46875],[-1.40625,60.46875],[-1.40625,59.0625]]]},"properties":{"n":1188}},{"type":"Feature","geometry":{"type":"Polygon","coordinates":[[[-59.0625,-42.1875],[-57.65625,-42.1875],[-57.65625,-40.78125],[-59.0625,-40.78125],[-59.0625,-42.1875]]]},"properties":{"n":1146}},{"type":"Feature","geometry":{"type":"Polygon","coordinates":[[[-60.46875,46.40625],[-59.0625,46.40625],[-59.0625,47.8125],[-60.46875,47.8125],[-60.46875,46.40625]]]},"properties":{"n":1140}},{"type":"Feature","geometry":{"type":"Polygon","coordinates":[[[-123.75,36.5625],[-122.34375,36.5625],[-122.34375,37.96875],[-123.75,37.96875],[-123.75,36.5625]]]},"properties":{"n":1095}},{"type":"Feature","geometry":{"type":"Polygon","coordinates":[[[-1.40625,60.46875],[0,60.46875],[0,61.875],[-1.40625,61.875],[-1.40625,60.46875]]]},"properties":{"n":1076}},{"type":"Feature","geometry":{"type":"Polygon","coordinates":[[[-67.5,39.375],[-66.09375,39.375],[-66.09375,40.78125],[-67.5,40.78125],[-67.5,39.375]]]},"properties":{"n":1071}},{"type":"Feature","geometry":{"type":"Polygon","coordinates":[[[-7.03125,47.8125],[-5.625,47.8125],[-5.625,49.21875],[-7.03125,49.21875],[-7.03125,47.8125]]]},"properties":{"n":1060}},{"type":"Feature","geometry":{"type":"Polygon","coordinates":[[[-60.46875,-47.8125],[-59.0625,-47.8125],[-59.0625,-46.40625],[-60.46875,-46.40625],[-60.46875,-47.8125]]]},"properties":{"n":1059}},{"type":"Feature","geometry":{"type":"Polygon","coordinates":[[[8.4375,57.65625],[9.84375,57.65625],[9.84375,59.0625],[8.4375,59.0625],[8.4375,57.65625]]]},"properties":{"n":1057}},{"type":"Feature","geometry":{"type":"Polygon","coordinates":[[[0,57.65625],[1.40625,57.65625],[1.40625,59.0625],[0,59.0625],[0,57.65625]]]},"properties":{"n":1046}},{"type":"Feature","geometry":{"type":"Polygon","coordinates":[[[16.875,-35.15625],[18.28125,-35.15625],[18.28125,-33.75],[16.875,-33.75],[16.875,-35.15625]]]},"properties":{"n":1045}},{"type":"Feature","geometry":{"type":"Polygon","coordinates":[[[-70.3125,43.59375],[-68.90625,43.59375],[-68.90625,45],[-70.3125,45],[-70.3125,43.59375]]]},"properties":{"n":1045}},{"type":"Feature","geometry":{"type":"Polygon","coordinates":[[[-122.34375,33.75],[-120.9375,33.75],[-120.9375,35.15625],[-122.34375,35.15625],[-122.34375,33.75]]]},"properties":{"n":1022}},{"type":"Feature","geometry":{"type":"Polygon","coordinates":[[[-11.25,47.8125],[-9.84375,47.8125],[-9.84375,49.21875],[-11.25,49.21875],[-11.25,47.8125]]]},"properties":{"n":1009}},{"type":"Feature","geometry":{"type":"Polygon","coordinates":[[[-2.8125,46.40625],[-1.40625,46.40625],[-1.40625,47.8125],[-2.8125,47.8125],[-2.8125,46.40625]]]},"properties":{"n":999}},{"type":"Feature","geometry":{"type":"Polygon","coordinates":[[[-57.65625,45],[-56.25,45],[-56.25,46.40625],[-57.65625,46.40625],[-57.65625,45]]]},"properties":{"n":996}},{"type":"Feature","geometry":{"type":"Polygon","coordinates":[[[-57.65625,43.59375],[-56.25,43.59375],[-56.25,45],[-57.65625,45],[-57.65625,43.59375]]]},"properties":{"n":978}},{"type":"Feature","geometry":{"type":"Polygon","coordinates":[[[-59.0625,-52.03125],[-57.65625,-52.03125],[-57.65625,-50.625],[-59.0625,-50.625],[-59.0625,-52.03125]]]},"properties":{"n":978}},{"type":"Feature","geometry":{"type":"Polygon","coordinates":[[[19.6875,-36.5625],[21.09375,-36.5625],[21.09375,-35.15625],[19.6875,-35.15625],[19.6875,-36.5625]]]},"properties":{"n":954}},{"type":"Feature","geometry":{"type":"Polygon","coordinates":[[[-11.25,54.84375],[-9.84375,54.84375],[-9.84375,56.25],[-11.25,56.25],[-11.25,54.84375]]]},"properties":{"n":941}},{"type":"Feature","geometry":{"type":"Polygon","coordinates":[[[-1.40625,57.65625],[0,57.65625],[0,59.0625],[-1.40625,59.0625],[-1.40625,57.65625]]]},"properties":{"n":926}},{"type":"Feature","geometry":{"type":"Polygon","coordinates":[[[1.40625,59.0625],[2.8125,59.0625],[2.8125,60.46875],[1.40625,60.46875],[1.40625,59.0625]]]},"properties":{"n":916}},{"type":"Feature","geometry":{"type":"Polygon","coordinates":[[[4.21875,42.1875],[5.625,42.1875],[5.625,43.59375],[4.21875,43.59375],[4.21875,42.1875]]]},"properties":{"n":906}},{"type":"Feature","geometry":{"type":"Polygon","coordinates":[[[-9.84375,53.4375],[-8.4375,53.4375],[-8.4375,54.84375],[-9.84375,54.84375],[-9.84375,53.4375]]]},"properties":{"n":898}},{"type":"Feature","geometry":{"type":"Polygon","coordinates":[[[-129.375,52.03125],[-127.96875,52.03125],[-127.96875,53.4375],[-129.375,53.4375],[-129.375,52.03125]]]},"properties":{"n":893}},{"type":"Feature","geometry":{"type":"Polygon","coordinates":[[[-8.4375,57.65625],[-7.03125,57.65625],[-7.03125,59.0625],[-8.4375,59.0625],[-8.4375,57.65625]]]},"properties":{"n":892}},{"type":"Feature","geometry":{"type":"Polygon","coordinates":[[[1.40625,40.78125],[2.8125,40.78125],[2.8125,42.1875],[1.40625,42.1875],[1.40625,40.78125]]]},"properties":{"n":884}},{"type":"Feature","geometry":{"type":"Polygon","coordinates":[[[174.375,-43.59375],[175.78125,-43.59375],[175.78125,-42.1875],[174.375,-42.1875],[174.375,-43.59375]]]},"properties":{"n":876}},{"type":"Feature","geometry":{"type":"Polygon","coordinates":[[[-75.9375,35.15625],[-74.53125,35.15625],[-74.53125,36.5625],[-75.9375,36.5625],[-75.9375,35.15625]]]},"properties":{"n":849}},{"type":"Feature","geometry":{"type":"Polygon","coordinates":[[[15.46875,42.1875],[16.875,42.1875],[16.875,43.59375],[15.46875,43.59375],[15.46875,42.1875]]]},"properties":{"n":832}},{"type":"Feature","geometry":{"type":"Polygon","coordinates":[[[-132.1875,52.03125],[-130.78125,52.03125],[-130.78125,53.4375],[-132.1875,53.4375],[-132.1875,52.03125]]]},"properties":{"n":829}},{"type":"Feature","geometry":{"type":"Polygon","coordinates":[[[4.21875,57.65625],[5.625,57.65625],[5.625,59.0625],[4.21875,59.0625],[4.21875,57.65625]]]},"properties":{"n":826}},{"type":"Feature","geometry":{"type":"Polygon","coordinates":[[[-73.125,37.96875],[-71.71875,37.96875],[-71.71875,39.375],[-73.125,39.375],[-73.125,37.96875]]]},"properties":{"n":825}},{"type":"Feature","geometry":{"type":"Polygon","coordinates":[[[-67.5,-47.8125],[-66.09375,-47.8125],[-66.09375,-46.40625],[-67.5,-46.40625],[-67.5,-47.8125]]]},"properties":{"n":823}},{"type":"Feature","geometry":{"type":"Polygon","coordinates":[[[-7.03125,59.0625],[-5.625,59.0625],[-5.625,60.46875],[-7.03125,60.46875],[-7.03125,59.0625]]]},"properties":{"n":817}},{"type":"Feature","geometry":{"type":"Polygon","coordinates":[[[15.46875,-29.53125],[16.875,-29.53125],[16.875,-28.125],[15.46875,-28.125],[15.46875,-29.53125]]]},"properties":{"n":814}},{"type":"Feature","geometry":{"type":"Polygon","coordinates":[[[1.40625,60.46875],[2.8125,60.46875],[2.8125,61.875],[1.40625,61.875],[1.40625,60.46875]]]},"properties":{"n":804}},{"type":"Feature","geometry":{"type":"Polygon","coordinates":[[[-118.125,32.34375],[-116.71875,32.34375],[-116.71875,33.75],[-118.125,33.75],[-118.125,32.34375]]]},"properties":{"n":796}},{"type":"Feature","geometry":{"type":"Polygon","coordinates":[[[-177.1875,-43.59375],[-175.78125,-43.59375],[-175.78125,-42.1875],[-177.1875,-42.1875],[-177.1875,-43.59375]]]},"properties":{"n":734}},{"type":"Feature","geometry":{"type":"Polygon","coordinates":[[[21.09375,-36.5625],[22.5,-36.5625],[22.5,-35.15625],[21.09375,-35.15625],[21.09375,-36.5625]]]},"properties":{"n":730}},{"type":"Feature","geometry":{"type":"Polygon","coordinates":[[[-75.9375,37.96875],[-74.53125,37.96875],[-74.53125,39.375],[-75.9375,39.375],[-75.9375,37.96875]]]},"properties":{"n":714}},{"type":"Feature","geometry":{"type":"Polygon","coordinates":[[[14.0625,-30.9375],[15.46875,-30.9375],[15.46875,-29.53125],[14.0625,-29.53125],[14.0625,-30.9375]]]},"properties":{"n":711}},{"type":"Feature","geometry":{"type":"Polygon","coordinates":[[[9.84375,56.25],[11.25,56.25],[11.25,57.65625],[9.84375,57.65625],[9.84375,56.25]]]},"properties":{"n":683}},{"type":"Feature","geometry":{"type":"Polygon","coordinates":[[[-60.46875,45],[-59.0625,45],[-59.0625,46.40625],[-60.46875,46.40625],[-60.46875,45]]]},"properties":{"n":679}},{"type":"Feature","geometry":{"type":"Polygon","coordinates":[[[-64.6875,-46.40625],[-63.28125,-46.40625],[-63.28125,-45],[-64.6875,-45],[-64.6875,-46.40625]]]},"properties":{"n":624}},{"type":"Feature","geometry":{"type":"Polygon","coordinates":[[[-7.03125,49.21875],[-5.625,49.21875],[-5.625,50.625],[-7.03125,50.625],[-7.03125,49.21875]]]},"properties":{"n":613}},{"type":"Feature","geometry":{"type":"Polygon","coordinates":[[[-119.53125,30.9375],[-118.125,30.9375],[-118.125,32.34375],[-119.53125,32.34375],[-119.53125,30.9375]]]},"properties":{"n":601}},{"type":"Feature","geometry":{"type":"Polygon","coordinates":[[[-5.625,59.0625],[-4.21875,59.0625],[-4.21875,60.46875],[-5.625,60.46875],[-5.625,59.0625]]]},"properties":{"n":597}},{"type":"Feature","geometry":{"type":"Polygon","coordinates":[[[-119.53125,33.75],[-118.125,33.75],[-118.125,35.15625],[-119.53125,35.15625],[-119.53125,33.75]]]},"properties":{"n":596}},{"type":"Feature","geometry":{"type":"Polygon","coordinates":[[[-74.53125,36.5625],[-73.125,36.5625],[-73.125,37.96875],[-74.53125,37.96875],[-74.53125,36.5625]]]},"properties":{"n":593}},{"type":"Feature","geometry":{"type":"Polygon","coordinates":[[[-135,53.4375],[-133.59375,53.4375],[-133.59375,54.84375],[-135,54.84375],[-135,53.4375]]]},"properties":{"n":570}},{"type":"Feature","geometry":{"type":"Polygon","coordinates":[[[18.28125,-36.5625],[19.6875,-36.5625],[19.6875,-35.15625],[18.28125,-35.15625],[18.28125,-36.5625]]]},"properties":{"n":564}},{"type":"Feature","geometry":{"type":"Polygon","coordinates":[[[-12.65625,49.21875],[-11.25,49.21875],[-11.25,50.625],[-12.65625,50.625],[-12.65625,49.21875]]]},"properties":{"n":550}},{"type":"Feature","geometry":{"type":"Polygon","coordinates":[[[-122.34375,35.15625],[-120.9375,35.15625],[-120.9375,36.5625],[-122.34375,36.5625],[-122.34375,35.15625]]]},"properties":{"n":547}},{"type":"Feature","geometry":{"type":"Polygon","coordinates":[[[-118.125,30.9375],[-116.71875,30.9375],[-116.71875,32.34375],[-118.125,32.34375],[-118.125,30.9375]]]},"properties":{"n":540}},{"type":"Feature","geometry":{"type":"Polygon","coordinates":[[[0,56.25],[1.40625,56.25],[1.40625,57.65625],[0,57.65625],[0,56.25]]]},"properties":{"n":538}},{"type":"Feature","geometry":{"type":"Polygon","coordinates":[[[168.75,-43.59375],[170.15625,-43.59375],[170.15625,-42.1875],[168.75,-42.1875],[168.75,-43.59375]]]},"properties":{"n":524}},{"type":"Feature","geometry":{"type":"Polygon","coordinates":[[[2.8125,57.65625],[4.21875,57.65625],[4.21875,59.0625],[2.8125,59.0625],[2.8125,57.65625]]]},"properties":{"n":514}},{"type":"Feature","geometry":{"type":"Polygon","coordinates":[[[-73.125,40.78125],[-71.71875,40.78125],[-71.71875,42.1875],[-73.125,42.1875],[-73.125,40.78125]]]},"properties":{"n":511}},{"type":"Feature","geometry":{"type":"Polygon","coordinates":[[[1.40625,57.65625],[2.8125,57.65625],[2.8125,59.0625],[1.40625,59.0625],[1.40625,57.65625]]]},"properties":{"n":509}},{"type":"Feature","geometry":{"type":"Polygon","coordinates":[[[0,42.1875],[1.40625,42.1875],[1.40625,43.59375],[0,43.59375],[0,42.1875]]]},"properties":{"n":507}},{"type":"Feature","geometry":{"type":"Polygon","coordinates":[[[-127.96875,50.625],[-126.5625,50.625],[-126.5625,52.03125],[-127.96875,52.03125],[-127.96875,50.625]]]},"properties":{"n":492}},{"type":"Feature","geometry":{"type":"Polygon","coordinates":[[[174.375,-45],[175.78125,-45],[175.78125,-43.59375],[174.375,-43.59375],[174.375,-45]]]},"properties":{"n":491}},{"type":"Feature","geometry":{"type":"Polygon","coordinates":[[[-57.65625,-53.4375],[-56.25,-53.4375],[-56.25,-52.03125],[-57.65625,-52.03125],[-57.65625,-53.4375]]]},"properties":{"n":473}},{"type":"Feature","geometry":{"type":"Polygon","coordinates":[[[170.15625,-42.1875],[171.5625,-42.1875],[171.5625,-40.78125],[170.15625,-40.78125],[170.15625,-42.1875]]]},"properties":{"n":468}},{"type":"Feature","geometry":{"type":"Polygon","coordinates":[[[-7.03125,46.40625],[-5.625,46.40625],[-5.625,47.8125],[-7.03125,47.8125],[-7.03125,46.40625]]]},"properties":{"n":464}},{"type":"Feature","geometry":{"type":"Polygon","coordinates":[[[-129.375,49.21875],[-127.96875,49.21875],[-127.96875,50.625],[-129.375,50.625],[-129.375,49.21875]]]},"properties":{"n":458}},{"type":"Feature","geometry":{"type":"Polygon","coordinates":[[[-120.9375,30.9375],[-119.53125,30.9375],[-119.53125,32.34375],[-120.9375,32.34375],[-120.9375,30.9375]]]},"properties":{"n":455}},{"type":"Feature","geometry":{"type":"Polygon","coordinates":[[[-53.4375,43.59375],[-52.03125,43.59375],[-52.03125,45],[-53.4375,45],[-53.4375,43.59375]]]},"properties":{"n":434}},{"type":"Feature","geometry":{"type":"Polygon","coordinates":[[[-2.8125,59.0625],[-1.40625,59.0625],[-1.40625,60.46875],[-2.8125,60.46875],[-2.8125,59.0625]]]},"properties":{"n":424}},{"type":"Feature","geometry":{"type":"Polygon","coordinates":[[[-2.8125,57.65625],[-1.40625,57.65625],[-1.40625,59.0625],[-2.8125,59.0625],[-2.8125,57.65625]]]},"properties":{"n":420}},{"type":"Feature","geometry":{"type":"Polygon","coordinates":[[[-61.875,45],[-60.46875,45],[-60.46875,46.40625],[-61.875,46.40625],[-61.875,45]]]},"properties":{"n":397}},{"type":"Feature","geometry":{"type":"Polygon","coordinates":[[[-116.71875,28.125],[-115.3125,28.125],[-115.3125,29.53125],[-116.71875,29.53125],[-116.71875,28.125]]]},"properties":{"n":397}},{"type":"Feature","geometry":{"type":"Polygon","coordinates":[[[-5.625,53.4375],[-4.21875,53.4375],[-4.21875,54.84375],[-5.625,54.84375],[-5.625,53.4375]]]},"properties":{"n":389}},{"type":"Feature","geometry":{"type":"Polygon","coordinates":[[[170.15625,-43.59375],[171.5625,-43.59375],[171.5625,-42.1875],[170.15625,-42.1875],[170.15625,-43.59375]]]},"properties":{"n":388}},{"type":"Feature","geometry":{"type":"Polygon","coordinates":[[[-113.90625,25.3125],[-112.5,25.3125],[-112.5,26.71875],[-113.90625,26.71875],[-113.90625,25.3125]]]},"properties":{"n":379}},{"type":"Feature","geometry":{"type":"Polygon","coordinates":[[[0,39.375],[1.40625,39.375],[1.40625,40.78125],[0,40.78125],[0,39.375]]]},"properties":{"n":376}},{"type":"Feature","geometry":{"type":"Polygon","coordinates":[[[-9.84375,52.03125],[-8.4375,52.03125],[-8.4375,53.4375],[-9.84375,53.4375],[-9.84375,52.03125]]]},"properties":{"n":376}},{"type":"Feature","geometry":{"type":"Polygon","coordinates":[[[-122.34375,32.34375],[-120.9375,32.34375],[-120.9375,33.75],[-122.34375,33.75],[-122.34375,32.34375]]]},"properties":{"n":375}},{"type":"Feature","geometry":{"type":"Polygon","coordinates":[[[-178.59375,-43.59375],[-177.1875,-43.59375],[-177.1875,-42.1875],[-178.59375,-42.1875],[-178.59375,-43.59375]]]},"properties":{"n":374}},{"type":"Feature","geometry":{"type":"Polygon","coordinates":[[[-116.71875,29.53125],[-115.3125,29.53125],[-115.3125,30.9375],[-116.71875,30.9375],[-116.71875,29.53125]]]},"properties":{"n":372}},{"type":"Feature","geometry":{"type":"Polygon","coordinates":[[[-1.40625,43.59375],[0,43.59375],[0,45],[-1.40625,45],[-1.40625,43.59375]]]},"properties":{"n":368}},{"type":"Feature","geometry":{"type":"Polygon","coordinates":[[[170.15625,-53.4375],[171.5625,-53.4375],[171.5625,-52.03125],[170.15625,-52.03125],[170.15625,-53.4375]]]},"properties":{"n":367}},{"type":"Feature","geometry":{"type":"Polygon","coordinates":[[[-59.0625,46.40625],[-57.65625,46.40625],[-57.65625,47.8125],[-59.0625,47.8125],[-59.0625,46.40625]]]},"properties":{"n":360}},{"type":"Feature","geometry":{"type":"Polygon","coordinates":[[[175.78125,-43.59375],[177.1875,-43.59375],[177.1875,-42.1875],[175.78125,-42.1875],[175.78125,-43.59375]]]},"properties":{"n":350}},{"type":"Feature","geometry":{"type":"Polygon","coordinates":[[[-180,-43.59375],[-178.59375,-43.59375],[-178.59375,-42.1875],[-180,-42.1875],[-180,-43.59375]]]},"properties":{"n":345}},{"type":"Feature","geometry":{"type":"Polygon","coordinates":[[[-57.65625,46.40625],[-56.25,46.40625],[-56.25,47.8125],[-57.65625,47.8125],[-57.65625,46.40625]]]},"properties":{"n":337}},{"type":"Feature","geometry":{"type":"Polygon","coordinates":[[[-4.21875,59.0625],[-2.8125,59.0625],[-2.8125,60.46875],[-4.21875,60.46875],[-4.21875,59.0625]]]},"properties":{"n":334}},{"type":"Feature","geometry":{"type":"Polygon","coordinates":[[[-132.1875,53.4375],[-130.78125,53.4375],[-130.78125,54.84375],[-132.1875,54.84375],[-132.1875,53.4375]]]},"properties":{"n":332}},{"type":"Feature","geometry":{"type":"Polygon","coordinates":[[[165.9375,-47.8125],[167.34375,-47.8125],[167.34375,-46.40625],[165.9375,-46.40625],[165.9375,-47.8125]]]},"properties":{"n":327}},{"type":"Feature","geometry":{"type":"Polygon","coordinates":[[[172.96875,-43.59375],[174.375,-43.59375],[174.375,-42.1875],[172.96875,-42.1875],[172.96875,-43.59375]]]},"properties":{"n":321}},{"type":"Feature","geometry":{"type":"Polygon","coordinates":[[[12.65625,-11.25],[14.0625,-11.25],[14.0625,-9.84375],[12.65625,-9.84375],[12.65625,-11.25]]]},"properties":{"n":320}},{"type":"Feature","geometry":{"type":"Polygon","coordinates":[[[5.625,57.65625],[7.03125,57.65625],[7.03125,59.0625],[5.625,59.0625],[5.625,57.65625]]]},"properties":{"n":315}},{"type":"Feature","geometry":{"type":"Polygon","coordinates":[[[2.8125,40.78125],[4.21875,40.78125],[4.21875,42.1875],[2.8125,42.1875],[2.8125,40.78125]]]},"properties":{"n":314}},{"type":"Feature","geometry":{"type":"Polygon","coordinates":[[[172.96875,-45],[174.375,-45],[174.375,-43.59375],[172.96875,-43.59375],[172.96875,-45]]]},"properties":{"n":314}},{"type":"Feature","geometry":{"type":"Polygon","coordinates":[[[-115.3125,28.125],[-113.90625,28.125],[-113.90625,29.53125],[-115.3125,29.53125],[-115.3125,28.125]]]},"properties":{"n":314}},{"type":"Feature","geometry":{"type":"Polygon","coordinates":[[[-133.59375,52.03125],[-132.1875,52.03125],[-132.1875,53.4375],[-133.59375,53.4375],[-133.59375,52.03125]]]},"properties":{"n":312}},{"type":"Feature","geometry":{"type":"Polygon","coordinates":[[[171.5625,-53.4375],[172.96875,-53.4375],[172.96875,-52.03125],[171.5625,-52.03125],[171.5625,-53.4375]]]},"properties":{"n":310}},{"type":"Feature","geometry":{"type":"Polygon","coordinates":[[[-123.75,35.15625],[-122.34375,35.15625],[-122.34375,36.5625],[-123.75,36.5625],[-123.75,35.15625]]]},"properties":{"n":307}},{"type":"Feature","geometry":{"type":"Polygon","coordinates":[[[178.59375,-43.59375],[180,-43.59375],[180,-42.1875],[178.59375,-42.1875],[178.59375,-43.59375]]]},"properties":{"n":305}},{"type":"Feature","geometry":{"type":"Polygon","coordinates":[[[-5.625,49.21875],[-4.21875,49.21875],[-4.21875,50.625],[-5.625,50.625],[-5.625,49.21875]]]},"properties":{"n":302}},{"type":"Feature","geometry":{"type":"Polygon","coordinates":[[[-60.46875,47.8125],[-59.0625,47.8125],[-59.0625,49.21875],[-60.46875,49.21875],[-60.46875,47.8125]]]},"properties":{"n":301}},{"type":"Feature","geometry":{"type":"Polygon","coordinates":[[[5.625,56.25],[7.03125,56.25],[7.03125,57.65625],[5.625,57.65625],[5.625,56.25]]]},"properties":{"n":300}},{"type":"Feature","geometry":{"type":"Polygon","coordinates":[[[2.8125,39.375],[4.21875,39.375],[4.21875,40.78125],[2.8125,40.78125],[2.8125,39.375]]]},"properties":{"n":300}},{"type":"Feature","geometry":{"type":"Polygon","coordinates":[[[8.4375,56.25],[9.84375,56.25],[9.84375,57.65625],[8.4375,57.65625],[8.4375,56.25]]]},"properties":{"n":298}},{"type":"Feature","geometry":{"type":"Polygon","coordinates":[[[-5.625,47.8125],[-4.21875,47.8125],[-4.21875,49.21875],[-5.625,49.21875],[-5.625,47.8125]]]},"properties":{"n":298}},{"type":"Feature","geometry":{"type":"Polygon","coordinates":[[[14.0625,-29.53125],[15.46875,-29.53125],[15.46875,-28.125],[14.0625,-28.125],[14.0625,-29.53125]]]},"properties":{"n":297}},{"type":"Feature","geometry":{"type":"Polygon","coordinates":[[[-63.28125,47.8125],[-61.875,47.8125],[-61.875,49.21875],[-63.28125,49.21875],[-63.28125,47.8125]]]},"properties":{"n":295}},{"type":"Feature","geometry":{"type":"Polygon","coordinates":[[[2.8125,60.46875],[4.21875,60.46875],[4.21875,61.875],[2.8125,61.875],[2.8125,60.46875]]]},"properties":{"n":292}},{"type":"Feature","geometry":{"type":"Polygon","coordinates":[[[-118.125,29.53125],[-116.71875,29.53125],[-116.71875,30.9375],[-118.125,30.9375],[-118.125,29.53125]]]},"properties":{"n":288}},{"type":"Feature","geometry":{"type":"Polygon","coordinates":[[[7.03125,56.25],[8.4375,56.25],[8.4375,57.65625],[7.03125,57.65625],[7.03125,56.25]]]},"properties":{"n":284}},{"type":"Feature","geometry":{"type":"Polygon","coordinates":[[[-130.78125,53.4375],[-129.375,53.4375],[-129.375,54.84375],[-130.78125,54.84375],[-130.78125,53.4375]]]},"properties":{"n":280}},{"type":"Feature","geometry":{"type":"Polygon","coordinates":[[[-115.3125,26.71875],[-113.90625,26.71875],[-113.90625,28.125],[-115.3125,28.125],[-115.3125,26.71875]]]},"properties":{"n":276}},{"type":"Feature","geometry":{"type":"Polygon","coordinates":[[[16.875,-30.9375],[18.28125,-30.9375],[18.28125,-29.53125],[16.875,-29.53125],[16.875,-30.9375]]]},"properties":{"n":269}},{"type":"Feature","geometry":{"type":"Polygon","coordinates":[[[167.34375,-40.78125],[168.75,-40.78125],[168.75,-39.375],[167.34375,-39.375],[167.34375,-40.78125]]]},"properties":{"n":265}},{"type":"Feature","geometry":{"type":"Polygon","coordinates":[[[-123.75,32.34375],[-122.34375,32.34375],[-122.34375,33.75],[-123.75,33.75],[-123.75,32.34375]]]},"properties":{"n":263}},{"type":"Feature","geometry":{"type":"Polygon","coordinates":[[[-7.03125,54.84375],[-5.625,54.84375],[-5.625,56.25],[-7.03125,56.25],[-7.03125,54.84375]]]},"properties":{"n":262}},{"type":"Feature","geometry":{"type":"Polygon","coordinates":[[[-5.625,57.65625],[-4.21875,57.65625],[-4.21875,59.0625],[-5.625,59.0625],[-5.625,57.65625]]]},"properties":{"n":258}},{"type":"Feature","geometry":{"type":"Polygon","coordinates":[[[1.40625,39.375],[2.8125,39.375],[2.8125,40.78125],[1.40625,40.78125],[1.40625,39.375]]]},"properties":{"n":253}},{"type":"Feature","geometry":{"type":"Polygon","coordinates":[[[12.65625,-9.84375],[14.0625,-9.84375],[14.0625,-8.4375],[12.65625,-8.4375],[12.65625,-9.84375]]]},"properties":{"n":250}},{"type":"Feature","geometry":{"type":"Polygon","coordinates":[[[-2.8125,60.46875],[-1.40625,60.46875],[-1.40625,61.875],[-2.8125,61.875],[-2.8125,60.46875]]]},"properties":{"n":250}},{"type":"Feature","geometry":{"type":"Polygon","coordinates":[[[-123.75,37.96875],[-122.34375,37.96875],[-122.34375,39.375],[-123.75,39.375],[-123.75,37.96875]]]},"properties":{"n":248}},{"type":"Feature","geometry":{"type":"Polygon","coordinates":[[[-61.875,47.8125],[-60.46875,47.8125],[-60.46875,49.21875],[-61.875,49.21875],[-61.875,47.8125]]]},"properties":{"n":246}},{"type":"Feature","geometry":{"type":"Polygon","coordinates":[[[177.1875,-43.59375],[178.59375,-43.59375],[178.59375,-42.1875],[177.1875,-42.1875],[177.1875,-43.59375]]]},"properties":{"n":244}},{"type":"Feature","geometry":{"type":"Polygon","coordinates":[[[12.65625,-12.65625],[14.0625,-12.65625],[14.0625,-11.25],[12.65625,-11.25],[12.65625,-12.65625]]]},"properties":{"n":244}},{"type":"Feature","geometry":{"type":"Polygon","coordinates":[[[11.25,-8.4375],[12.65625,-8.4375],[12.65625,-7.03125],[11.25,-7.03125],[11.25,-8.4375]]]},"properties":{"n":239}},{"type":"Feature","geometry":{"type":"Polygon","coordinates":[[[-175.78125,-43.59375],[-174.375,-43.59375],[-174.375,-42.1875],[-175.78125,-42.1875],[-175.78125,-43.59375]]]},"properties":{"n":238}},{"type":"Feature","geometry":{"type":"Polygon","coordinates":[[[-122.34375,30.9375],[-120.9375,30.9375],[-120.9375,32.34375],[-122.34375,32.34375],[-122.34375,30.9375]]]},"properties":{"n":235}},{"type":"Feature","geometry":{"type":"Polygon","coordinates":[[[-115.3125,25.3125],[-113.90625,25.3125],[-113.90625,26.71875],[-115.3125,26.71875],[-115.3125,25.3125]]]},"properties":{"n":233}},{"type":"Feature","geometry":{"type":"Polygon","coordinates":[[[15.46875,-33.75],[16.875,-33.75],[16.875,-32.34375],[15.46875,-32.34375],[15.46875,-33.75]]]},"properties":{"n":226}},{"type":"Feature","geometry":{"type":"Polygon","coordinates":[[[-15.46875,53.4375],[-14.0625,53.4375],[-14.0625,54.84375],[-15.46875,54.84375],[-15.46875,53.4375]]]},"properties":{"n":225}},{"type":"Feature","geometry":{"type":"Polygon","coordinates":[[[-54.84375,43.59375],[-53.4375,43.59375],[-53.4375,45],[-54.84375,45],[-54.84375,43.59375]]]},"properties":{"n":224}},{"type":"Feature","geometry":{"type":"Polygon","coordinates":[[[1.40625,56.25],[2.8125,56.25],[2.8125,57.65625],[1.40625,57.65625],[1.40625,56.25]]]},"properties":{"n":222}},{"type":"Feature","geometry":{"type":"Polygon","coordinates":[[[-8.4375,52.03125],[-7.03125,52.03125],[-7.03125,53.4375],[-8.4375,53.4375],[-8.4375,52.03125]]]},"properties":{"n":210}},{"type":"Feature","geometry":{"type":"Polygon","coordinates":[[[1.40625,37.96875],[2.8125,37.96875],[2.8125,39.375],[1.40625,39.375],[1.40625,37.96875]]]},"properties":{"n":209}},{"type":"Feature","geometry":{"type":"Polygon","coordinates":[[[4.21875,54.84375],[5.625,54.84375],[5.625,56.25],[4.21875,56.25],[4.21875,54.84375]]]},"properties":{"n":208}},{"type":"Feature","geometry":{"type":"Polygon","coordinates":[[[-4.21875,49.21875],[-2.8125,49.21875],[-2.8125,50.625],[-4.21875,50.625],[-4.21875,49.21875]]]},"properties":{"n":208}},{"type":"Feature","geometry":{"type":"Polygon","coordinates":[[[-116.71875,26.71875],[-115.3125,26.71875],[-115.3125,28.125],[-116.71875,28.125],[-116.71875,26.71875]]]},"properties":{"n":208}},{"type":"Feature","geometry":{"type":"Polygon","coordinates":[[[-178.59375,-45],[-177.1875,-45],[-177.1875,-43.59375],[-178.59375,-43.59375],[-178.59375,-45]]]},"properties":{"n":206}},{"type":"Feature","geometry":{"type":"Polygon","coordinates":[[[-8.4375,46.40625],[-7.03125,46.40625],[-7.03125,47.8125],[-8.4375,47.8125],[-8.4375,46.40625]]]},"properties":{"n":196}},{"type":"Feature","geometry":{"type":"Polygon","coordinates":[[[-61.875,46.40625],[-60.46875,46.40625],[-60.46875,47.8125],[-61.875,47.8125],[-61.875,46.40625]]]},"properties":{"n":194}},{"type":"Feature","geometry":{"type":"Polygon","coordinates":[[[5.625,54.84375],[7.03125,54.84375],[7.03125,56.25],[5.625,56.25],[5.625,54.84375]]]},"properties":{"n":190}},{"type":"Feature","geometry":{"type":"Polygon","coordinates":[[[-52.03125,42.1875],[-50.625,42.1875],[-50.625,43.59375],[-52.03125,43.59375],[-52.03125,42.1875]]]},"properties":{"n":183}},{"type":"Feature","geometry":{"type":"Polygon","coordinates":[[[167.34375,-50.625],[168.75,-50.625],[168.75,-49.21875],[167.34375,-49.21875],[167.34375,-50.625]]]},"properties":{"n":182}},{"type":"Feature","geometry":{"type":"Polygon","coordinates":[[[0,37.96875],[1.40625,37.96875],[1.40625,39.375],[0,39.375],[0,37.96875]]]},"properties":{"n":178}},{"type":"Feature","geometry":{"type":"Polygon","coordinates":[[[-119.53125,29.53125],[-118.125,29.53125],[-118.125,30.9375],[-119.53125,30.9375],[-119.53125,29.53125]]]},"properties":{"n":175}},{"type":"Feature","geometry":{"type":"Polygon","coordinates":[[[11.25,-7.03125],[12.65625,-7.03125],[12.65625,-5.625],[11.25,-5.625],[11.25,-7.03125]]]},"properties":{"n":174}},{"type":"Feature","geometry":{"type":"Polygon","coordinates":[[[-123.75,46.40625],[-122.34375,46.40625],[-122.34375,47.8125],[-123.75,47.8125],[-123.75,46.40625]]]},"properties":{"n":174}},{"type":"Feature","geometry":{"type":"Polygon","coordinates":[[[-4.21875,57.65625],[-2.8125,57.65625],[-2.8125,59.0625],[-4.21875,59.0625],[-4.21875,57.65625]]]},"properties":{"n":171}},{"type":"Feature","geometry":{"type":"Polygon","coordinates":[[[-64.6875,47.8125],[-63.28125,47.8125],[-63.28125,49.21875],[-64.6875,49.21875],[-64.6875,47.8125]]]},"properties":{"n":171}},{"type":"Feature","geometry":{"type":"Polygon","coordinates":[[[-7.03125,52.03125],[-5.625,52.03125],[-5.625,53.4375],[-7.03125,53.4375],[-7.03125,52.03125]]]},"properties":{"n":169}},{"type":"Feature","geometry":{"type":"Polygon","coordinates":[[[11.25,57.65625],[12.65625,57.65625],[12.65625,59.0625],[11.25,59.0625],[11.25,57.65625]]]},"properties":{"n":168}},{"type":"Feature","geometry":{"type":"Polygon","coordinates":[[[-123.75,33.75],[-122.34375,33.75],[-122.34375,35.15625],[-123.75,35.15625],[-123.75,33.75]]]},"properties":{"n":168}},{"type":"Feature","geometry":{"type":"Polygon","coordinates":[[[14.0625,42.1875],[15.46875,42.1875],[15.46875,43.59375],[14.0625,43.59375],[14.0625,42.1875]]]},"properties":{"n":167}},{"type":"Feature","geometry":{"type":"Polygon","coordinates":[[[168.75,-47.8125],[170.15625,-47.8125],[170.15625,-46.40625],[168.75,-46.40625],[168.75,-47.8125]]]},"properties":{"n":164}},{"type":"Feature","geometry":{"type":"Polygon","coordinates":[[[-56.25,43.59375],[-54.84375,43.59375],[-54.84375,45],[-56.25,45],[-56.25,43.59375]]]},"properties":{"n":164}},{"type":"Feature","geometry":{"type":"Polygon","coordinates":[[[1.40625,54.84375],[2.8125,54.84375],[2.8125,56.25],[1.40625,56.25],[1.40625,54.84375]]]},"properties":{"n":154}},{"type":"Feature","geometry":{"type":"Polygon","coordinates":[[[-113.90625,23.90625],[-112.5,23.90625],[-112.5,25.3125],[-113.90625,25.3125],[-113.90625,23.90625]]]},"properties":{"n":154}},{"type":"Feature","geometry":{"type":"Polygon","coordinates":[[[0,54.84375],[1.40625,54.84375],[1.40625,56.25],[0,56.25],[0,54.84375]]]},"properties":{"n":153}},{"type":"Feature","geometry":{"type":"Polygon","coordinates":[[[175.78125,-45],[177.1875,-45],[177.1875,-43.59375],[175.78125,-43.59375],[175.78125,-45]]]},"properties":{"n":150}},{"type":"Feature","geometry":{"type":"Polygon","coordinates":[[[167.34375,-49.21875],[168.75,-49.21875],[168.75,-47.8125],[167.34375,-47.8125],[167.34375,-49.21875]]]},"properties":{"n":146}},{"type":"Feature","geometry":{"type":"Polygon","coordinates":[[[2.8125,37.96875],[4.21875,37.96875],[4.21875,39.375],[2.8125,39.375],[2.8125,37.96875]]]},"properties":{"n":145}},{"type":"Feature","geometry":{"type":"Polygon","coordinates":[[[-60.46875,49.21875],[-59.0625,49.21875],[-59.0625,50.625],[-60.46875,50.625],[-60.46875,49.21875]]]},"properties":{"n":143}},{"type":"Feature","geometry":{"type":"Polygon","coordinates":[[[-5.625,45],[-4.21875,45],[-4.21875,46.40625],[-5.625,46.40625],[-5.625,45]]]},"properties":{"n":142}},{"type":"Feature","geometry":{"type":"Polygon","coordinates":[[[-56.25,45],[-54.84375,45],[-54.84375,46.40625],[-56.25,46.40625],[-56.25,45]]]},"properties":{"n":142}},{"type":"Feature","geometry":{"type":"Polygon","coordinates":[[[-126.5625,49.21875],[-125.15625,49.21875],[-125.15625,50.625],[-126.5625,50.625],[-126.5625,49.21875]]]},"properties":{"n":142}},{"type":"Feature","geometry":{"type":"Polygon","coordinates":[[[0,40.78125],[1.40625,40.78125],[1.40625,42.1875],[0,42.1875],[0,40.78125]]]},"properties":{"n":141}},{"type":"Feature","geometry":{"type":"Polygon","coordinates":[[[9.84375,36.5625],[11.25,36.5625],[11.25,37.96875],[9.84375,37.96875],[9.84375,36.5625]]]},"properties":{"n":138}},{"type":"Feature","geometry":{"type":"Polygon","coordinates":[[[11.25,-18.28125],[12.65625,-18.28125],[12.65625,-16.875],[11.25,-16.875],[11.25,-18.28125]]]},"properties":{"n":136}},{"type":"Feature","geometry":{"type":"Polygon","coordinates":[[[-49.21875,-29.53125],[-47.8125,-29.53125],[-47.8125,-28.125],[-49.21875,-28.125],[-49.21875,-29.53125]]]},"properties":{"n":136}},{"type":"Feature","geometry":{"type":"Polygon","coordinates":[[[12.65625,-25.3125],[14.0625,-25.3125],[14.0625,-23.90625],[12.65625,-23.90625],[12.65625,-25.3125]]]},"properties":{"n":134}},{"type":"Feature","geometry":{"type":"Polygon","coordinates":[[[-1.40625,37.96875],[0,37.96875],[0,39.375],[-1.40625,39.375],[-1.40625,37.96875]]]},"properties":{"n":133}},{"type":"Feature","geometry":{"type":"Polygon","coordinates":[[[-2.8125,36.5625],[-1.40625,36.5625],[-1.40625,37.96875],[-2.8125,37.96875],[-2.8125,36.5625]]]},"properties":{"n":132}},{"type":"Feature","geometry":{"type":"Polygon","coordinates":[[[11.25,54.84375],[12.65625,54.84375],[12.65625,56.25],[11.25,56.25],[11.25,54.84375]]]},"properties":{"n":127}},{"type":"Feature","geometry":{"type":"Polygon","coordinates":[[[11.25,-16.875],[12.65625,-16.875],[12.65625,-15.46875],[11.25,-15.46875],[11.25,-16.875]]]},"properties":{"n":127}},{"type":"Feature","geometry":{"type":"Polygon","coordinates":[[[9.84375,54.84375],[11.25,54.84375],[11.25,56.25],[9.84375,56.25],[9.84375,54.84375]]]},"properties":{"n":125}},{"type":"Feature","geometry":{"type":"Polygon","coordinates":[[[-118.125,28.125],[-116.71875,28.125],[-116.71875,29.53125],[-118.125,29.53125],[-118.125,28.125]]]},"properties":{"n":123}},{"type":"Feature","geometry":{"type":"Polygon","coordinates":[[[12.65625,-8.4375],[14.0625,-8.4375],[14.0625,-7.03125],[12.65625,-7.03125],[12.65625,-8.4375]]]},"properties":{"n":120}},{"type":"Feature","geometry":{"type":"Polygon","coordinates":[[[-180,-45],[-178.59375,-45],[-178.59375,-43.59375],[-180,-43.59375],[-180,-45]]]},"properties":{"n":120}},{"type":"Feature","geometry":{"type":"Polygon","coordinates":[[[-120.9375,29.53125],[-119.53125,29.53125],[-119.53125,30.9375],[-120.9375,30.9375],[-120.9375,29.53125]]]},"properties":{"n":119}},{"type":"Feature","geometry":{"type":"Polygon","coordinates":[[[5.625,61.875],[7.03125,61.875],[7.03125,63.28125],[5.625,63.28125],[5.625,61.875]]]},"properties":{"n":115}},{"type":"Feature","geometry":{"type":"Polygon","coordinates":[[[-2.8125,49.21875],[-1.40625,49.21875],[-1.40625,50.625],[-2.8125,50.625],[-2.8125,49.21875]]]},"properties":{"n":115}},{"type":"Feature","geometry":{"type":"Polygon","coordinates":[[[-5.625,43.59375],[-4.21875,43.59375],[-4.21875,45],[-5.625,45],[-5.625,43.59375]]]},"properties":{"n":115}},{"type":"Feature","geometry":{"type":"Polygon","coordinates":[[[12.65625,54.84375],[14.0625,54.84375],[14.0625,56.25],[12.65625,56.25],[12.65625,54.84375]]]},"properties":{"n":113}},{"type":"Feature","geometry":{"type":"Polygon","coordinates":[[[-125.15625,35.15625],[-123.75,35.15625],[-123.75,36.5625],[-125.15625,36.5625],[-125.15625,35.15625]]]},"properties":{"n":113}},{"type":"Feature","geometry":{"type":"Polygon","coordinates":[[[33.75,32.34375],[35.15625,32.34375],[35.15625,33.75],[33.75,33.75],[33.75,32.34375]]]},"properties":{"n":111}},{"type":"Feature","geometry":{"type":"Polygon","coordinates":[[[168.75,-49.21875],[170.15625,-49.21875],[170.15625,-47.8125],[168.75,-47.8125],[168.75,-49.21875]]]},"properties":{"n":111}},{"type":"Feature","geometry":{"type":"Polygon","coordinates":[[[-66.09375,-45],[-64.6875,-45],[-64.6875,-43.59375],[-66.09375,-43.59375],[-66.09375,-45]]]},"properties":{"n":111}},{"type":"Feature","geometry":{"type":"Polygon","coordinates":[[[165.9375,-52.03125],[167.34375,-52.03125],[167.34375,-50.625],[165.9375,-50.625],[165.9375,-52.03125]]]},"properties":{"n":110}},{"type":"Feature","geometry":{"type":"Polygon","coordinates":[[[-123.75,30.9375],[-122.34375,30.9375],[-122.34375,32.34375],[-123.75,32.34375],[-123.75,30.9375]]]},"properties":{"n":110}},{"type":"Feature","geometry":{"type":"Polygon","coordinates":[[[-7.03125,53.4375],[-5.625,53.4375],[-5.625,54.84375],[-7.03125,54.84375],[-7.03125,53.4375]]]},"properties":{"n":104}},{"type":"Feature","geometry":{"type":"Polygon","coordinates":[[[165.9375,-50.625],[167.34375,-50.625],[167.34375,-49.21875],[165.9375,-49.21875],[165.9375,-50.625]]]},"properties":{"n":103}},{"type":"Feature","geometry":{"type":"Polygon","coordinates":[[[-64.6875,-43.59375],[-63.28125,-43.59375],[-63.28125,-42.1875],[-64.6875,-42.1875],[-64.6875,-43.59375]]]},"properties":{"n":102}},{"type":"Feature","geometry":{"type":"Polygon","coordinates":[[[7.03125,57.65625],[8.4375,57.65625],[8.4375,59.0625],[7.03125,59.0625],[7.03125,57.65625]]]},"properties":{"n":101}},{"type":"Feature","geometry":{"type":"Polygon","coordinates":[[[171.5625,-42.1875],[172.96875,-42.1875],[172.96875,-40.78125],[171.5625,-40.78125],[171.5625,-42.1875]]]},"properties":{"n":100}},{"type":"Feature","geometry":{"type":"Polygon","coordinates":[[[167.34375,-52.03125],[168.75,-52.03125],[168.75,-50.625],[167.34375,-50.625],[167.34375,-52.03125]]]},"properties":{"n":100}},{"type":"Feature","geometry":{"type":"Polygon","coordinates":[[[178.59375,-45],[180,-45],[180,-43.59375],[178.59375,-43.59375],[178.59375,-45]]]},"properties":{"n":98}},{"type":"Feature","geometry":{"type":"Polygon","coordinates":[[[168.75,-50.625],[170.15625,-50.625],[170.15625,-49.21875],[168.75,-49.21875],[168.75,-50.625]]]},"properties":{"n":98}},{"type":"Feature","geometry":{"type":"Polygon","coordinates":[[[177.1875,-45],[178.59375,-45],[178.59375,-43.59375],[177.1875,-43.59375],[177.1875,-45]]]},"properties":{"n":97}},{"type":"Feature","geometry":{"type":"Polygon","coordinates":[[[-1.40625,56.25],[0,56.25],[0,57.65625],[-1.40625,57.65625],[-1.40625,56.25]]]},"properties":{"n":96}},{"type":"Feature","geometry":{"type":"Polygon","coordinates":[[[-2.8125,42.1875],[-1.40625,42.1875],[-1.40625,43.59375],[-2.8125,43.59375],[-2.8125,42.1875]]]},"properties":{"n":96}},{"type":"Feature","geometry":{"type":"Polygon","coordinates":[[[-177.1875,-45],[-175.78125,-45],[-175.78125,-43.59375],[-177.1875,-43.59375],[-177.1875,-45]]]},"properties":{"n":96}},{"type":"Feature","geometry":{"type":"Polygon","coordinates":[[[-125.15625,36.5625],[-123.75,36.5625],[-123.75,37.96875],[-125.15625,37.96875],[-125.15625,36.5625]]]},"properties":{"n":95}},{"type":"Feature","geometry":{"type":"Polygon","coordinates":[[[-59.0625,49.21875],[-57.65625,49.21875],[-57.65625,50.625],[-59.0625,50.625],[-59.0625,49.21875]]]},"properties":{"n":93}},{"type":"Feature","geometry":{"type":"Polygon","coordinates":[[[-12.65625,47.8125],[-11.25,47.8125],[-11.25,49.21875],[-12.65625,49.21875],[-12.65625,47.8125]]]},"properties":{"n":92}},{"type":"Feature","geometry":{"type":"Polygon","coordinates":[[[-64.6875,-47.8125],[-63.28125,-47.8125],[-63.28125,-46.40625],[-64.6875,-46.40625],[-64.6875,-47.8125]]]},"properties":{"n":92}},{"type":"Feature","geometry":{"type":"Polygon","coordinates":[[[-125.15625,39.375],[-123.75,39.375],[-123.75,40.78125],[-125.15625,40.78125],[-125.15625,39.375]]]},"properties":{"n":91}},{"type":"Feature","geometry":{"type":"Polygon","coordinates":[[[-1.40625,36.5625],[0,36.5625],[0,37.96875],[-1.40625,37.96875],[-1.40625,36.5625]]]},"properties":{"n":87}},{"type":"Feature","geometry":{"type":"Polygon","coordinates":[[[-67.5,49.21875],[-66.09375,49.21875],[-66.09375,50.625],[-67.5,50.625],[-67.5,49.21875]]]},"properties":{"n":86}},{"type":"Feature","geometry":{"type":"Polygon","coordinates":[[[170.15625,-52.03125],[171.5625,-52.03125],[171.5625,-50.625],[170.15625,-50.625],[170.15625,-52.03125]]]},"properties":{"n":84}},{"type":"Feature","geometry":{"type":"Polygon","coordinates":[[[174.375,-42.1875],[175.78125,-42.1875],[175.78125,-40.78125],[174.375,-40.78125],[174.375,-42.1875]]]},"properties":{"n":83}},{"type":"Feature","geometry":{"type":"Polygon","coordinates":[[[172.96875,-42.1875],[174.375,-42.1875],[174.375,-40.78125],[172.96875,-40.78125],[172.96875,-42.1875]]]},"properties":{"n":83}},{"type":"Feature","geometry":{"type":"Polygon","coordinates":[[[11.25,-5.625],[12.65625,-5.625],[12.65625,-4.21875],[11.25,-4.21875],[11.25,-5.625]]]},"properties":{"n":83}},{"type":"Feature","geometry":{"type":"Polygon","coordinates":[[[12.65625,45],[14.0625,45],[14.0625,46.40625],[12.65625,46.40625],[12.65625,45]]]},"properties":{"n":80}},{"type":"Feature","geometry":{"type":"Polygon","coordinates":[[[-175.78125,-45],[-174.375,-45],[-174.375,-43.59375],[-175.78125,-43.59375],[-175.78125,-45]]]},"properties":{"n":80}},{"type":"Feature","geometry":{"type":"Polygon","coordinates":[[[165.9375,-49.21875],[167.34375,-49.21875],[167.34375,-47.8125],[165.9375,-47.8125],[165.9375,-49.21875]]]},"properties":{"n":79}},{"type":"Feature","geometry":{"type":"Polygon","coordinates":[[[-4.21875,47.8125],[-2.8125,47.8125],[-2.8125,49.21875],[-4.21875,49.21875],[-4.21875,47.8125]]]},"properties":{"n":78}},{"type":"Feature","geometry":{"type":"Polygon","coordinates":[[[-5.625,35.15625],[-4.21875,35.15625],[-4.21875,36.5625],[-5.625,36.5625],[-5.625,35.15625]]]},"properties":{"n":77}},{"type":"Feature","geometry":{"type":"Polygon","coordinates":[[[-112.5,23.90625],[-111.09375,23.90625],[-111.09375,25.3125],[-112.5,25.3125],[-112.5,23.90625]]]},"properties":{"n":77}},{"type":"Feature","geometry":{"type":"Polygon","coordinates":[[[-125.15625,37.96875],[-123.75,37.96875],[-123.75,39.375],[-125.15625,39.375],[-125.15625,37.96875]]]},"properties":{"n":77}},{"type":"Feature","geometry":{"type":"Polygon","coordinates":[[[-122.34375,29.53125],[-120.9375,29.53125],[-120.9375,30.9375],[-122.34375,30.9375],[-122.34375,29.53125]]]},"properties":{"n":77}},{"type":"Feature","geometry":{"type":"Polygon","coordinates":[[[164.53125,-47.8125],[165.9375,-47.8125],[165.9375,-46.40625],[164.53125,-46.40625],[164.53125,-47.8125]]]},"properties":{"n":76}},{"type":"Feature","geometry":{"type":"Polygon","coordinates":[[[14.0625,-28.125],[15.46875,-28.125],[15.46875,-26.71875],[14.0625,-26.71875],[14.0625,-28.125]]]},"properties":{"n":76}},{"type":"Feature","geometry":{"type":"Polygon","coordinates":[[[-66.09375,49.21875],[-64.6875,49.21875],[-64.6875,50.625],[-66.09375,50.625],[-66.09375,49.21875]]]},"properties":{"n":76}},{"type":"Feature","geometry":{"type":"Polygon","coordinates":[[[-126.5625,50.625],[-125.15625,50.625],[-125.15625,52.03125],[-126.5625,52.03125],[-126.5625,50.625]]]},"properties":{"n":75}},{"type":"Feature","geometry":{"type":"Polygon","coordinates":[[[11.25,33.75],[12.65625,33.75],[12.65625,35.15625],[11.25,35.15625],[11.25,33.75]]]},"properties":{"n":74}},{"type":"Feature","geometry":{"type":"Polygon","coordinates":[[[4.21875,56.25],[5.625,56.25],[5.625,57.65625],[4.21875,57.65625],[4.21875,56.25]]]},"properties":{"n":71}},{"type":"Feature","geometry":{"type":"Polygon","coordinates":[[[-64.6875,49.21875],[-63.28125,49.21875],[-63.28125,50.625],[-64.6875,50.625],[-64.6875,49.21875]]]},"properties":{"n":70}},{"type":"Feature","geometry":{"type":"Polygon","coordinates":[[[16.875,42.1875],[18.28125,42.1875],[18.28125,43.59375],[16.875,43.59375],[16.875,42.1875]]]},"properties":{"n":69}},{"type":"Feature","geometry":{"type":"Polygon","coordinates":[[[-68.90625,47.8125],[-67.5,47.8125],[-67.5,49.21875],[-68.90625,49.21875],[-68.90625,47.8125]]]},"properties":{"n":69}},{"type":"Feature","geometry":{"type":"Polygon","coordinates":[[[4.21875,53.4375],[5.625,53.4375],[5.625,54.84375],[4.21875,54.84375],[4.21875,53.4375]]]},"properties":{"n":68}},{"type":"Feature","geometry":{"type":"Polygon","coordinates":[[[-4.21875,53.4375],[-2.8125,53.4375],[-2.8125,54.84375],[-4.21875,54.84375],[-4.21875,53.4375]]]},"properties":{"n":68}},{"type":"Feature","geometry":{"type":"Polygon","coordinates":[[[-2.8125,4.21875],[-1.40625,4.21875],[-1.40625,5.625],[-2.8125,5.625],[-2.8125,4.21875]]]},"properties":{"n":68}},{"type":"Feature","geometry":{"type":"Polygon","coordinates":[[[-116.71875,30.9375],[-115.3125,30.9375],[-115.3125,32.34375],[-116.71875,32.34375],[-116.71875,30.9375]]]},"properties":{"n":68}},{"type":"Feature","geometry":{"type":"Polygon","coordinates":[[[-63.28125,-46.40625],[-61.875,-46.40625],[-61.875,-45],[-63.28125,-45],[-63.28125,-46.40625]]]},"properties":{"n":67}},{"type":"Feature","geometry":{"type":"Polygon","coordinates":[[[-61.875,49.21875],[-60.46875,49.21875],[-60.46875,50.625],[-61.875,50.625],[-61.875,49.21875]]]},"properties":{"n":66}},{"type":"Feature","geometry":{"type":"Polygon","coordinates":[[[8.4375,36.5625],[9.84375,36.5625],[9.84375,37.96875],[8.4375,37.96875],[8.4375,36.5625]]]},"properties":{"n":65}},{"type":"Feature","geometry":{"type":"Polygon","coordinates":[[[-52.03125,43.59375],[-50.625,43.59375],[-50.625,45],[-52.03125,45],[-52.03125,43.59375]]]},"properties":{"n":65}},{"type":"Feature","geometry":{"type":"Polygon","coordinates":[[[8.4375,2.8125],[9.84375,2.8125],[9.84375,4.21875],[8.4375,4.21875],[8.4375,2.8125]]]},"properties":{"n":64}},{"type":"Feature","geometry":{"type":"Polygon","coordinates":[[[171.5625,-45],[172.96875,-45],[172.96875,-43.59375],[171.5625,-43.59375],[171.5625,-45]]]},"properties":{"n":64}},{"type":"Feature","geometry":{"type":"Polygon","coordinates":[[[168.75,-52.03125],[170.15625,-52.03125],[170.15625,-50.625],[168.75,-50.625],[168.75,-52.03125]]]},"properties":{"n":64}},{"type":"Feature","geometry":{"type":"Polygon","coordinates":[[[-16.875,9.84375],[-15.46875,9.84375],[-15.46875,11.25],[-16.875,11.25],[-16.875,9.84375]]]},"properties":{"n":64}},{"type":"Feature","geometry":{"type":"Polygon","coordinates":[[[-118.125,26.71875],[-116.71875,26.71875],[-116.71875,28.125],[-118.125,28.125],[-118.125,26.71875]]]},"properties":{"n":64}},{"type":"Feature","geometry":{"type":"Polygon","coordinates":[[[33.75,30.9375],[35.15625,30.9375],[35.15625,32.34375],[33.75,32.34375],[33.75,30.9375]]]},"properties":{"n":62}},{"type":"Feature","geometry":{"type":"Polygon","coordinates":[[[-125.15625,33.75],[-123.75,33.75],[-123.75,35.15625],[-125.15625,35.15625],[-125.15625,33.75]]]},"properties":{"n":61}},{"type":"Feature","geometry":{"type":"Polygon","coordinates":[[[8.4375,-1.40625],[9.84375,-1.40625],[9.84375,0],[8.4375,0],[8.4375,-1.40625]]]},"properties":{"n":60}},{"type":"Feature","geometry":{"type":"Polygon","coordinates":[[[-115.3125,23.90625],[-113.90625,23.90625],[-113.90625,25.3125],[-115.3125,25.3125],[-115.3125,23.90625]]]},"properties":{"n":60}},{"type":"Feature","geometry":{"type":"Polygon","coordinates":[[[9.84375,-4.21875],[11.25,-4.21875],[11.25,-2.8125],[9.84375,-2.8125],[9.84375,-4.21875]]]},"properties":{"n":58}},{"type":"Feature","geometry":{"type":"Polygon","coordinates":[[[-54.84375,45],[-53.4375,45],[-53.4375,46.40625],[-54.84375,46.40625],[-54.84375,45]]]},"properties":{"n":58}},{"type":"Feature","geometry":{"type":"Polygon","coordinates":[[[-7.03125,4.21875],[-5.625,4.21875],[-5.625,5.625],[-7.03125,5.625],[-7.03125,4.21875]]]},"properties":{"n":58}},{"type":"Feature","geometry":{"type":"Polygon","coordinates":[[[-82.96875,23.90625],[-81.5625,23.90625],[-81.5625,25.3125],[-82.96875,25.3125],[-82.96875,23.90625]]]},"properties":{"n":56}},{"type":"Feature","geometry":{"type":"Polygon","coordinates":[[[-84.375,23.90625],[-82.96875,23.90625],[-82.96875,25.3125],[-84.375,25.3125],[-84.375,23.90625]]]},"properties":{"n":56}},{"type":"Feature","geometry":{"type":"Polygon","coordinates":[[[9.84375,35.15625],[11.25,35.15625],[11.25,36.5625],[9.84375,36.5625],[9.84375,35.15625]]]},"properties":{"n":55}},{"type":"Feature","geometry":{"type":"Polygon","coordinates":[[[-8.4375,59.0625],[-7.03125,59.0625],[-7.03125,60.46875],[-8.4375,60.46875],[-8.4375,59.0625]]]},"properties":{"n":55}},{"type":"Feature","geometry":{"type":"Polygon","coordinates":[[[-47.8125,-29.53125],[-46.40625,-29.53125],[-46.40625,-28.125],[-47.8125,-28.125],[-47.8125,-29.53125]]]},"properties":{"n":55}},{"type":"Feature","geometry":{"type":"Polygon","coordinates":[[[9.84375,33.75],[11.25,33.75],[11.25,35.15625],[9.84375,35.15625],[9.84375,33.75]]]},"properties":{"n":54}},{"type":"Feature","geometry":{"type":"Polygon","coordinates":[[[7.03125,54.84375],[8.4375,54.84375],[8.4375,56.25],[7.03125,56.25],[7.03125,54.84375]]]},"properties":{"n":52}},{"type":"Feature","geometry":{"type":"Polygon","coordinates":[[[18.28125,40.78125],[19.6875,40.78125],[19.6875,42.1875],[18.28125,42.1875],[18.28125,40.78125]]]},"properties":{"n":52}},{"type":"Feature","geometry":{"type":"Polygon","coordinates":[[[-125.15625,40.78125],[-123.75,40.78125],[-123.75,42.1875],[-125.15625,42.1875],[-125.15625,40.78125]]]},"properties":{"n":52}},{"type":"Feature","geometry":{"type":"Polygon","coordinates":[[[-64.6875,-45],[-63.28125,-45],[-63.28125,-43.59375],[-64.6875,-43.59375],[-64.6875,-45]]]},"properties":{"n":52}},{"type":"Feature","geometry":{"type":"Polygon","coordinates":[[[9.84375,63.28125],[11.25,63.28125],[11.25,64.6875],[9.84375,64.6875],[9.84375,63.28125]]]},"properties":{"n":51}},{"type":"Feature","geometry":{"type":"Polygon","coordinates":[[[11.25,35.15625],[12.65625,35.15625],[12.65625,36.5625],[11.25,36.5625],[11.25,35.15625]]]},"properties":{"n":51}},{"type":"Feature","geometry":{"type":"Polygon","coordinates":[[[171.5625,-43.59375],[172.96875,-43.59375],[172.96875,-42.1875],[171.5625,-42.1875],[171.5625,-43.59375]]]},"properties":{"n":51}},{"type":"Feature","geometry":{"type":"Polygon","coordinates":[[[-8.4375,53.4375],[-7.03125,53.4375],[-7.03125,54.84375],[-8.4375,54.84375],[-8.4375,53.4375]]]},"properties":{"n":51}},{"type":"Feature","geometry":{"type":"Polygon","coordinates":[[[-63.28125,45],[-61.875,45],[-61.875,46.40625],[-63.28125,46.40625],[-63.28125,45]]]},"properties":{"n":51}},{"type":"Feature","geometry":{"type":"Polygon","coordinates":[[[-116.71875,25.3125],[-115.3125,25.3125],[-115.3125,26.71875],[-116.71875,26.71875],[-116.71875,25.3125]]]},"properties":{"n":51}},{"type":"Feature","geometry":{"type":"Polygon","coordinates":[[[7.03125,61.875],[8.4375,61.875],[8.4375,63.28125],[7.03125,63.28125],[7.03125,61.875]]]},"properties":{"n":50}},{"type":"Feature","geometry":{"type":"Polygon","coordinates":[[[14.0625,-26.71875],[15.46875,-26.71875],[15.46875,-25.3125],[14.0625,-25.3125],[14.0625,-26.71875]]]},"properties":{"n":49}},{"type":"Feature","geometry":{"type":"Polygon","coordinates":[[[-49.21875,-30.9375],[-47.8125,-30.9375],[-47.8125,-29.53125],[-49.21875,-29.53125],[-49.21875,-30.9375]]]},"properties":{"n":49}},{"type":"Feature","geometry":{"type":"Polygon","coordinates":[[[8.4375,63.28125],[9.84375,63.28125],[9.84375,64.6875],[8.4375,64.6875],[8.4375,63.28125]]]},"properties":{"n":48}},{"type":"Feature","geometry":{"type":"Polygon","coordinates":[[[4.21875,5.625],[5.625,5.625],[5.625,7.03125],[4.21875,7.03125],[4.21875,5.625]]]},"properties":{"n":48}},{"type":"Feature","geometry":{"type":"Polygon","coordinates":[[[7.03125,4.21875],[8.4375,4.21875],[8.4375,5.625],[7.03125,5.625],[7.03125,4.21875]]]},"properties":{"n":48}},{"type":"Feature","geometry":{"type":"Polygon","coordinates":[[[177.1875,-40.78125],[178.59375,-40.78125],[178.59375,-39.375],[177.1875,-39.375],[177.1875,-40.78125]]]},"properties":{"n":48}},{"type":"Feature","geometry":{"type":"Polygon","coordinates":[[[-11.25,5.625],[-9.84375,5.625],[-9.84375,7.03125],[-11.25,7.03125],[-11.25,5.625]]]},"properties":{"n":48}},{"type":"Feature","geometry":{"type":"Polygon","coordinates":[[[-80.15625,28.125],[-78.75,28.125],[-78.75,29.53125],[-80.15625,29.53125],[-80.15625,28.125]]]},"properties":{"n":48}},{"type":"Feature","geometry":{"type":"Polygon","coordinates":[[[-132.1875,50.625],[-130.78125,50.625],[-130.78125,52.03125],[-132.1875,52.03125],[-132.1875,50.625]]]},"properties":{"n":48}},{"type":"Feature","geometry":{"type":"Polygon","coordinates":[[[-4.21875,36.5625],[-2.8125,36.5625],[-2.8125,37.96875],[-4.21875,37.96875],[-4.21875,36.5625]]]},"properties":{"n":47}},{"type":"Feature","geometry":{"type":"Polygon","coordinates":[[[-87.1875,28.125],[-85.78125,28.125],[-85.78125,29.53125],[-87.1875,29.53125],[-87.1875,28.125]]]},"properties":{"n":47}},{"type":"Feature","geometry":{"type":"Polygon","coordinates":[[[-119.53125,28.125],[-118.125,28.125],[-118.125,29.53125],[-119.53125,29.53125],[-119.53125,28.125]]]},"properties":{"n":47}},{"type":"Feature","geometry":{"type":"Polygon","coordinates":[[[2.8125,5.625],[4.21875,5.625],[4.21875,7.03125],[2.8125,7.03125],[2.8125,5.625]]]},"properties":{"n":46}},{"type":"Feature","geometry":{"type":"Polygon","coordinates":[[[167.34375,-53.4375],[168.75,-53.4375],[168.75,-52.03125],[167.34375,-52.03125],[167.34375,-53.4375]]]},"properties":{"n":46}},{"type":"Feature","geometry":{"type":"Polygon","coordinates":[[[-66.09375,-43.59375],[-64.6875,-43.59375],[-64.6875,-42.1875],[-66.09375,-42.1875],[-66.09375,-43.59375]]]},"properties":{"n":46}},{"type":"Feature","geometry":{"type":"Polygon","coordinates":[[[-125.15625,32.34375],[-123.75,32.34375],[-123.75,33.75],[-125.15625,33.75],[-125.15625,32.34375]]]},"properties":{"n":45}},{"type":"Feature","geometry":{"type":"Polygon","coordinates":[[[1.40625,5.625],[2.8125,5.625],[2.8125,7.03125],[1.40625,7.03125],[1.40625,5.625]]]},"properties":{"n":44}},{"type":"Feature","geometry":{"type":"Polygon","coordinates":[[[8.4375,0],[9.84375,0],[9.84375,1.40625],[8.4375,1.40625],[8.4375,0]]]},"properties":{"n":44}},{"type":"Feature","geometry":{"type":"Polygon","coordinates":[[[170.15625,-49.21875],[171.5625,-49.21875],[171.5625,-47.8125],[170.15625,-47.8125],[170.15625,-49.21875]]]},"properties":{"n":44}},{"type":"Feature","geometry":{"type":"Polygon","coordinates":[[[-1.40625,4.21875],[0,4.21875],[0,5.625],[-1.40625,5.625],[-1.40625,4.21875]]]},"properties":{"n":44}},{"type":"Feature","geometry":{"type":"Polygon","coordinates":[[[-4.21875,4.21875],[-2.8125,4.21875],[-2.8125,5.625],[-4.21875,5.625],[-4.21875,4.21875]]]},"properties":{"n":44}},{"type":"Feature","geometry":{"type":"Polygon","coordinates":[[[-12.65625,7.03125],[-11.25,7.03125],[-11.25,8.4375],[-12.65625,8.4375],[-12.65625,7.03125]]]},"properties":{"n":44}},{"type":"Feature","geometry":{"type":"Polygon","coordinates":[[[0,53.4375],[1.40625,53.4375],[1.40625,54.84375],[0,54.84375],[0,53.4375]]]},"properties":{"n":43}},{"type":"Feature","geometry":{"type":"Polygon","coordinates":[[[-4.21875,50.625],[-2.8125,50.625],[-2.8125,52.03125],[-4.21875,52.03125],[-4.21875,50.625]]]},"properties":{"n":43}},{"type":"Feature","geometry":{"type":"Polygon","coordinates":[[[170.15625,-50.625],[171.5625,-50.625],[171.5625,-49.21875],[170.15625,-49.21875],[170.15625,-50.625]]]},"properties":{"n":42}},{"type":"Feature","geometry":{"type":"Polygon","coordinates":[[[-88.59375,28.125],[-87.1875,28.125],[-87.1875,29.53125],[-88.59375,29.53125],[-88.59375,28.125]]]},"properties":{"n":42}},{"type":"Feature","geometry":{"type":"Polygon","coordinates":[[[-112.5,25.3125],[-111.09375,25.3125],[-111.09375,26.71875],[-112.5,26.71875],[-112.5,25.3125]]]},"properties":{"n":42}},{"type":"Feature","geometry":{"type":"Polygon","coordinates":[[[-52.03125,-33.75],[-50.625,-33.75],[-50.625,-32.34375],[-52.03125,-32.34375],[-52.03125,-33.75]]]},"properties":{"n":42}},{"type":"Feature","geometry":{"type":"Polygon","coordinates":[[[14.0625,43.59375],[15.46875,43.59375],[15.46875,45],[14.0625,45],[14.0625,43.59375]]]},"properties":{"n":41}},{"type":"Feature","geometry":{"type":"Polygon","coordinates":[[[-49.21875,-28.125],[-47.8125,-28.125],[-47.8125,-26.71875],[-49.21875,-26.71875],[-49.21875,-28.125]]]},"properties":{"n":41}},{"type":"Feature","geometry":{"type":"Polygon","coordinates":[[[8.4375,1.40625],[9.84375,1.40625],[9.84375,2.8125],[8.4375,2.8125],[8.4375,1.40625]]]},"properties":{"n":40}},{"type":"Feature","geometry":{"type":"Polygon","coordinates":[[[-5.625,52.03125],[-4.21875,52.03125],[-4.21875,53.4375],[-5.625,53.4375],[-5.625,52.03125]]]},"properties":{"n":40}},{"type":"Feature","geometry":{"type":"Polygon","coordinates":[[[-5.625,4.21875],[-4.21875,4.21875],[-4.21875,5.625],[-5.625,5.625],[-5.625,4.21875]]]},"properties":{"n":40}},{"type":"Feature","geometry":{"type":"Polygon","coordinates":[[[4.21875,61.875],[5.625,61.875],[5.625,63.28125],[4.21875,63.28125],[4.21875,61.875]]]},"properties":{"n":39}},{"type":"Feature","geometry":{"type":"Polygon","coordinates":[[[170.15625,-40.78125],[171.5625,-40.78125],[171.5625,-39.375],[170.15625,-39.375],[170.15625,-40.78125]]]},"properties":{"n":39}},{"type":"Feature","geometry":{"type":"Polygon","coordinates":[[[-1.40625,54.84375],[0,54.84375],[0,56.25],[-1.40625,56.25],[-1.40625,54.84375]]]},"properties":{"n":39}},{"type":"Feature","geometry":{"type":"Polygon","coordinates":[[[-63.28125,-47.8125],[-61.875,-47.8125],[-61.875,-46.40625],[-63.28125,-46.40625],[-63.28125,-47.8125]]]},"properties":{"n":39}},{"type":"Feature","geometry":{"type":"Polygon","coordinates":[[[171.5625,-49.21875],[172.96875,-49.21875],[172.96875,-47.8125],[171.5625,-47.8125],[171.5625,-49.21875]]]},"properties":{"n":38}},{"type":"Feature","geometry":{"type":"Polygon","coordinates":[[[-14.0625,7.03125],[-12.65625,7.03125],[-12.65625,8.4375],[-14.0625,8.4375],[-14.0625,7.03125]]]},"properties":{"n":38}},{"type":"Feature","geometry":{"type":"Polygon","coordinates":[[[-112.5,22.5],[-111.09375,22.5],[-111.09375,23.90625],[-112.5,23.90625],[-112.5,22.5]]]},"properties":{"n":38}},{"type":"Feature","geometry":{"type":"Polygon","coordinates":[[[-126.5625,42.1875],[-125.15625,42.1875],[-125.15625,43.59375],[-126.5625,43.59375],[-126.5625,42.1875]]]},"properties":{"n":38}},{"type":"Feature","geometry":{"type":"Polygon","coordinates":[[[7.03125,63.28125],[8.4375,63.28125],[8.4375,64.6875],[7.03125,64.6875],[7.03125,63.28125]]]},"properties":{"n":37}},{"type":"Feature","geometry":{"type":"Polygon","coordinates":[[[175.78125,-42.1875],[177.1875,-42.1875],[177.1875,-40.78125],[175.78125,-40.78125],[175.78125,-42.1875]]]},"properties":{"n":37}},{"type":"Feature","geometry":{"type":"Polygon","coordinates":[[[30.9375,-29.53125],[32.34375,-29.53125],[32.34375,-28.125],[30.9375,-28.125],[30.9375,-29.53125]]]},"properties":{"n":37}},{"type":"Feature","geometry":{"type":"Polygon","coordinates":[[[-5.625,36.5625],[-4.21875,36.5625],[-4.21875,37.96875],[-5.625,37.96875],[-5.625,36.5625]]]},"properties":{"n":37}},{"type":"Feature","geometry":{"type":"Polygon","coordinates":[[[-53.4375,-35.15625],[-52.03125,-35.15625],[-52.03125,-33.75],[-53.4375,-33.75],[-53.4375,-35.15625]]]},"properties":{"n":37}},{"type":"Feature","geometry":{"type":"Polygon","coordinates":[[[172.96875,-50.625],[174.375,-50.625],[174.375,-49.21875],[172.96875,-49.21875],[172.96875,-50.625]]]},"properties":{"n":36}},{"type":"Feature","geometry":{"type":"Polygon","coordinates":[[[168.75,-53.4375],[170.15625,-53.4375],[170.15625,-52.03125],[168.75,-52.03125],[168.75,-53.4375]]]},"properties":{"n":36}},{"type":"Feature","geometry":{"type":"Polygon","coordinates":[[[8.4375,-2.8125],[9.84375,-2.8125],[9.84375,-1.40625],[8.4375,-1.40625],[8.4375,-2.8125]]]},"properties":{"n":36}},{"type":"Feature","geometry":{"type":"Polygon","coordinates":[[[-75.9375,33.75],[-74.53125,33.75],[-74.53125,35.15625],[-75.9375,35.15625],[-75.9375,33.75]]]},"properties":{"n":35}},{"type":"Feature","geometry":{"type":"Polygon","coordinates":[[[-125.15625,45],[-123.75,45],[-123.75,46.40625],[-125.15625,46.40625],[-125.15625,45]]]},"properties":{"n":35}},{"type":"Feature","geometry":{"type":"Polygon","coordinates":[[[-125.15625,43.59375],[-123.75,43.59375],[-123.75,45],[-125.15625,45],[-125.15625,43.59375]]]},"properties":{"n":35}},{"type":"Feature","geometry":{"type":"Polygon","coordinates":[[[-125.15625,42.1875],[-123.75,42.1875],[-123.75,43.59375],[-125.15625,43.59375],[-125.15625,42.1875]]]},"properties":{"n":35}},{"type":"Feature","geometry":{"type":"Polygon","coordinates":[[[4.21875,60.46875],[5.625,60.46875],[5.625,61.875],[4.21875,61.875],[4.21875,60.46875]]]},"properties":{"n":34}},{"type":"Feature","geometry":{"type":"Polygon","coordinates":[[[-47.8125,-28.125],[-46.40625,-28.125],[-46.40625,-26.71875],[-47.8125,-26.71875],[-47.8125,-28.125]]]},"properties":{"n":34}},{"type":"Feature","geometry":{"type":"Polygon","coordinates":[[[168.75,-42.1875],[170.15625,-42.1875],[170.15625,-40.78125],[168.75,-40.78125],[168.75,-42.1875]]]},"properties":{"n":33}},{"type":"Feature","geometry":{"type":"Polygon","coordinates":[[[-63.28125,49.21875],[-61.875,49.21875],[-61.875,50.625],[-63.28125,50.625],[-63.28125,49.21875]]]},"properties":{"n":33}},{"type":"Feature","geometry":{"type":"Polygon","coordinates":[[[-18.28125,19.6875],[-16.875,19.6875],[-16.875,21.09375],[-18.28125,21.09375],[-18.28125,19.6875]]]},"properties":{"n":33}},{"type":"Feature","geometry":{"type":"Polygon","coordinates":[[[35.15625,33.75],[36.5625,33.75],[36.5625,35.15625],[35.15625,35.15625],[35.15625,33.75]]]},"properties":{"n":32}},{"type":"Feature","geometry":{"type":"Polygon","coordinates":[[[-64.6875,45],[-63.28125,45],[-63.28125,46.40625],[-64.6875,46.40625],[-64.6875,45]]]},"properties":{"n":31}},{"type":"Feature","geometry":{"type":"Polygon","coordinates":[[[-60.46875,-43.59375],[-59.0625,-43.59375],[-59.0625,-42.1875],[-60.46875,-42.1875],[-60.46875,-43.59375]]]},"properties":{"n":31}},{"type":"Feature","geometry":{"type":"Polygon","coordinates":[[[170.15625,-39.375],[171.5625,-39.375],[171.5625,-37.96875],[170.15625,-37.96875],[170.15625,-39.375]]]},"properties":{"n":30}},{"type":"Feature","geometry":{"type":"Polygon","coordinates":[[[171.5625,-50.625],[172.96875,-50.625],[172.96875,-49.21875],[171.5625,-49.21875],[171.5625,-50.625]]]},"properties":{"n":30}},{"type":"Feature","geometry":{"type":"Polygon","coordinates":[[[11.25,-9.84375],[12.65625,-9.84375],[12.65625,-8.4375],[11.25,-8.4375],[11.25,-9.84375]]]},"properties":{"n":30}},{"type":"Feature","geometry":{"type":"Polygon","coordinates":[[[-9.84375,4.21875],[-8.4375,4.21875],[-8.4375,5.625],[-9.84375,5.625],[-9.84375,4.21875]]]},"properties":{"n":30}},{"type":"Feature","geometry":{"type":"Polygon","coordinates":[[[-80.15625,29.53125],[-78.75,29.53125],[-78.75,30.9375],[-80.15625,30.9375],[-80.15625,29.53125]]]},"properties":{"n":30}},{"type":"Feature","geometry":{"type":"Polygon","coordinates":[[[4.21875,59.0625],[5.625,59.0625],[5.625,60.46875],[4.21875,60.46875],[4.21875,59.0625]]]},"properties":{"n":29}},{"type":"Feature","geometry":{"type":"Polygon","coordinates":[[[167.34375,-43.59375],[168.75,-43.59375],[168.75,-42.1875],[167.34375,-42.1875],[167.34375,-43.59375]]]},"properties":{"n":29}},{"type":"Feature","geometry":{"type":"Polygon","coordinates":[[[11.25,-19.6875],[12.65625,-19.6875],[12.65625,-18.28125],[11.25,-18.28125],[11.25,-19.6875]]]},"properties":{"n":29}},{"type":"Feature","geometry":{"type":"Polygon","coordinates":[[[-2.8125,56.25],[-1.40625,56.25],[-1.40625,57.65625],[-2.8125,57.65625],[-2.8125,56.25]]]},"properties":{"n":29}},{"type":"Feature","geometry":{"type":"Polygon","coordinates":[[[-56.25,46.40625],[-54.84375,46.40625],[-54.84375,47.8125],[-56.25,47.8125],[-56.25,46.40625]]]},"properties":{"n":29}},{"type":"Feature","geometry":{"type":"Polygon","coordinates":[[[-68.90625,63.28125],[-67.5,63.28125],[-67.5,64.6875],[-68.90625,64.6875],[-68.90625,63.28125]]]},"properties":{"n":29}},{"type":"Feature","geometry":{"type":"Polygon","coordinates":[[[-16.875,18.28125],[-15.46875,18.28125],[-15.46875,19.6875],[-16.875,19.6875],[-16.875,18.28125]]]},"properties":{"n":29}},{"type":"Feature","geometry":{"type":"Polygon","coordinates":[[[-125.15625,46.40625],[-123.75,46.40625],[-123.75,47.8125],[-125.15625,47.8125],[-125.15625,46.40625]]]},"properties":{"n":29}},{"type":"Feature","geometry":{"type":"Polygon","coordinates":[[[5.625,53.4375],[7.03125,53.4375],[7.03125,54.84375],[5.625,54.84375],[5.625,53.4375]]]},"properties":{"n":28}},{"type":"Feature","geometry":{"type":"Polygon","coordinates":[[[168.75,-40.78125],[170.15625,-40.78125],[170.15625,-39.375],[168.75,-39.375],[168.75,-40.78125]]]},"properties":{"n":28}},{"type":"Feature","geometry":{"type":"Polygon","coordinates":[[[-15.46875,8.4375],[-14.0625,8.4375],[-14.0625,9.84375],[-15.46875,9.84375],[-15.46875,8.4375]]]},"properties":{"n":28}},{"type":"Feature","geometry":{"type":"Polygon","coordinates":[[[-126.5625,40.78125],[-125.15625,40.78125],[-125.15625,42.1875],[-126.5625,42.1875],[-126.5625,40.78125]]]},"properties":{"n":28}},{"type":"Feature","geometry":{"type":"Polygon","coordinates":[[[-61.875,-43.59375],[-60.46875,-43.59375],[-60.46875,-42.1875],[-61.875,-42.1875],[-61.875,-43.59375]]]},"properties":{"n":28}},{"type":"Feature","geometry":{"type":"Polygon","coordinates":[[[-71.71875,-33.75],[-70.3125,-33.75],[-70.3125,-32.34375],[-71.71875,-32.34375],[-71.71875,-33.75]]]},"properties":{"n":28}},{"type":"Feature","geometry":{"type":"Polygon","coordinates":[[[2.8125,54.84375],[4.21875,54.84375],[4.21875,56.25],[2.8125,56.25],[2.8125,54.84375]]]},"properties":{"n":27}},{"type":"Feature","geometry":{"type":"Polygon","coordinates":[[[26.71875,-35.15625],[28.125,-35.15625],[28.125,-33.75],[26.71875,-33.75],[26.71875,-35.15625]]]},"properties":{"n":27}},{"type":"Feature","geometry":{"type":"Polygon","coordinates":[[[-64.6875,46.40625],[-63.28125,46.40625],[-63.28125,47.8125],[-64.6875,47.8125],[-64.6875,46.40625]]]},"properties":{"n":27}},{"type":"Feature","geometry":{"type":"Polygon","coordinates":[[[-46.40625,-26.71875],[-45,-26.71875],[-45,-25.3125],[-46.40625,-25.3125],[-46.40625,-26.71875]]]},"properties":{"n":27}},{"type":"Feature","geometry":{"type":"Polygon","coordinates":[[[-52.03125,-35.15625],[-50.625,-35.15625],[-50.625,-33.75],[-52.03125,-33.75],[-52.03125,-35.15625]]]},"properties":{"n":27}},{"type":"Feature","geometry":{"type":"Polygon","coordinates":[[[12.65625,33.75],[14.0625,33.75],[14.0625,35.15625],[12.65625,35.15625],[12.65625,33.75]]]},"properties":{"n":26}},{"type":"Feature","geometry":{"type":"Polygon","coordinates":[[[167.34375,-39.375],[168.75,-39.375],[168.75,-37.96875],[167.34375,-37.96875],[167.34375,-39.375]]]},"properties":{"n":26}},{"type":"Feature","geometry":{"type":"Polygon","coordinates":[[[-81.5625,29.53125],[-80.15625,29.53125],[-80.15625,30.9375],[-81.5625,30.9375],[-81.5625,29.53125]]]},"properties":{"n":26}},{"type":"Feature","geometry":{"type":"Polygon","coordinates":[[[-1.40625,39.375],[0,39.375],[0,40.78125],[-1.40625,40.78125],[-1.40625,39.375]]]},"properties":{"n":25}},{"type":"Feature","geometry":{"type":"Polygon","coordinates":[[[-18.28125,11.25],[-16.875,11.25],[-16.875,12.65625],[-18.28125,12.65625],[-18.28125,11.25]]]},"properties":{"n":25}},{"type":"Feature","geometry":{"type":"Polygon","coordinates":[[[-63.28125,-43.59375],[-61.875,-43.59375],[-61.875,-42.1875],[-63.28125,-42.1875],[-63.28125,-43.59375]]]},"properties":{"n":25}},{"type":"Feature","geometry":{"type":"Polygon","coordinates":[[[5.625,2.8125],[7.03125,2.8125],[7.03125,4.21875],[5.625,4.21875],[5.625,2.8125]]]},"properties":{"n":24}},{"type":"Feature","geometry":{"type":"Polygon","coordinates":[[[4.21875,4.21875],[5.625,4.21875],[5.625,5.625],[4.21875,5.625],[4.21875,4.21875]]]},"properties":{"n":24}},{"type":"Feature","geometry":{"type":"Polygon","coordinates":[[[4.21875,2.8125],[5.625,2.8125],[5.625,4.21875],[4.21875,4.21875],[4.21875,2.8125]]]},"properties":{"n":24}},{"type":"Feature","geometry":{"type":"Polygon","coordinates":[[[171.5625,-52.03125],[172.96875,-52.03125],[172.96875,-50.625],[171.5625,-50.625],[171.5625,-52.03125]]]},"properties":{"n":24}},{"type":"Feature","geometry":{"type":"Polygon","coordinates":[[[12.65625,-23.90625],[14.0625,-23.90625],[14.0625,-22.5],[12.65625,-22.5],[12.65625,-23.90625]]]},"properties":{"n":24}},{"type":"Feature","geometry":{"type":"Polygon","coordinates":[[[12.65625,-26.71875],[14.0625,-26.71875],[14.0625,-25.3125],[12.65625,-25.3125],[12.65625,-26.71875]]]},"properties":{"n":24}},{"type":"Feature","geometry":{"type":"Polygon","coordinates":[[[-16.875,11.25],[-15.46875,11.25],[-15.46875,12.65625],[-16.875,12.65625],[-16.875,11.25]]]},"properties":{"n":24}},{"type":"Feature","geometry":{"type":"Polygon","coordinates":[[[-8.4375,4.21875],[-7.03125,4.21875],[-7.03125,5.625],[-8.4375,5.625],[-8.4375,4.21875]]]},"properties":{"n":24}},{"type":"Feature","geometry":{"type":"Polygon","coordinates":[[[-15.46875,9.84375],[-14.0625,9.84375],[-14.0625,11.25],[-15.46875,11.25],[-15.46875,9.84375]]]},"properties":{"n":24}},{"type":"Feature","geometry":{"type":"Polygon","coordinates":[[[-12.65625,5.625],[-11.25,5.625],[-11.25,7.03125],[-12.65625,7.03125],[-12.65625,5.625]]]},"properties":{"n":24}},{"type":"Feature","geometry":{"type":"Polygon","coordinates":[[[-120.9375,28.125],[-119.53125,28.125],[-119.53125,29.53125],[-120.9375,29.53125],[-120.9375,28.125]]]},"properties":{"n":24}},{"type":"Feature","geometry":{"type":"Polygon","coordinates":[[[-45,-25.3125],[-43.59375,-25.3125],[-43.59375,-23.90625],[-45,-23.90625],[-45,-25.3125]]]},"properties":{"n":24}},{"type":"Feature","geometry":{"type":"Polygon","coordinates":[[[-50.625,-32.34375],[-49.21875,-32.34375],[-49.21875,-30.9375],[-50.625,-30.9375],[-50.625,-32.34375]]]},"properties":{"n":24}},{"type":"Feature","geometry":{"type":"Polygon","coordinates":[[[-1.40625,45],[0,45],[0,46.40625],[-1.40625,46.40625],[-1.40625,45]]]},"properties":{"n":23}},{"type":"Feature","geometry":{"type":"Polygon","coordinates":[[[14.0625,45],[15.46875,45],[15.46875,46.40625],[14.0625,46.40625],[14.0625,45]]]},"properties":{"n":22}},{"type":"Feature","geometry":{"type":"Polygon","coordinates":[[[12.65625,43.59375],[14.0625,43.59375],[14.0625,45],[12.65625,45],[12.65625,43.59375]]]},"properties":{"n":22}},{"type":"Feature","geometry":{"type":"Polygon","coordinates":[[[4.21875,39.375],[5.625,39.375],[5.625,40.78125],[4.21875,40.78125],[4.21875,39.375]]]},"properties":{"n":22}},{"type":"Feature","geometry":{"type":"Polygon","coordinates":[[[5.625,4.21875],[7.03125,4.21875],[7.03125,5.625],[5.625,5.625],[5.625,4.21875]]]},"properties":{"n":22}},{"type":"Feature","geometry":{"type":"Polygon","coordinates":[[[-18.28125,15.46875],[-16.875,15.46875],[-16.875,16.875],[-18.28125,16.875],[-18.28125,15.46875]]]},"properties":{"n":22}},{"type":"Feature","geometry":{"type":"Polygon","coordinates":[[[-14.0625,8.4375],[-12.65625,8.4375],[-12.65625,9.84375],[-14.0625,9.84375],[-14.0625,8.4375]]]},"properties":{"n":22}},{"type":"Feature","geometry":{"type":"Polygon","coordinates":[[[-126.5625,36.5625],[-125.15625,36.5625],[-125.15625,37.96875],[-126.5625,37.96875],[-126.5625,36.5625]]]},"properties":{"n":22}},{"type":"Feature","geometry":{"type":"Polygon","coordinates":[[[2.8125,56.25],[4.21875,56.25],[4.21875,57.65625],[2.8125,57.65625],[2.8125,56.25]]]},"properties":{"n":21}},{"type":"Feature","geometry":{"type":"Polygon","coordinates":[[[-8.4375,43.59375],[-7.03125,43.59375],[-7.03125,45],[-8.4375,45],[-8.4375,43.59375]]]},"properties":{"n":21}},{"type":"Feature","geometry":{"type":"Polygon","coordinates":[[[-50.625,43.59375],[-49.21875,43.59375],[-49.21875,45],[-50.625,45],[-50.625,43.59375]]]},"properties":{"n":21}},{"type":"Feature","geometry":{"type":"Polygon","coordinates":[[[-78.75,32.34375],[-77.34375,32.34375],[-77.34375,33.75],[-78.75,33.75],[-78.75,32.34375]]]},"properties":{"n":21}},{"type":"Feature","geometry":{"type":"Polygon","coordinates":[[[0,4.21875],[1.40625,4.21875],[1.40625,5.625],[0,5.625],[0,4.21875]]]},"properties":{"n":20}},{"type":"Feature","geometry":{"type":"Polygon","coordinates":[[[178.59375,-39.375],[180,-39.375],[180,-37.96875],[178.59375,-37.96875],[178.59375,-39.375]]]},"properties":{"n":20}},{"type":"Feature","geometry":{"type":"Polygon","coordinates":[[[171.5625,-40.78125],[172.96875,-40.78125],[172.96875,-39.375],[171.5625,-39.375],[171.5625,-40.78125]]]},"properties":{"n":20}},{"type":"Feature","geometry":{"type":"Polygon","coordinates":[[[170.15625,-46.40625],[171.5625,-46.40625],[171.5625,-45],[170.15625,-45],[170.15625,-46.40625]]]},"properties":{"n":20}},{"type":"Feature","geometry":{"type":"Polygon","coordinates":[[[-70.3125,47.8125],[-68.90625,47.8125],[-68.90625,49.21875],[-70.3125,49.21875],[-70.3125,47.8125]]]},"properties":{"n":20}},{"type":"Feature","geometry":{"type":"Polygon","coordinates":[[[-126.5625,35.15625],[-125.15625,35.15625],[-125.15625,36.5625],[-126.5625,36.5625],[-126.5625,35.15625]]]},"properties":{"n":20}},{"type":"Feature","geometry":{"type":"Polygon","coordinates":[[[-61.875,-54.84375],[-60.46875,-54.84375],[-60.46875,-53.4375],[-61.875,-53.4375],[-61.875,-54.84375]]]},"properties":{"n":20}},{"type":"Feature","geometry":{"type":"Polygon","coordinates":[[[12.65625,66.09375],[14.0625,66.09375],[14.0625,67.5],[12.65625,67.5],[12.65625,66.09375]]]},"properties":{"n":19}},{"type":"Feature","geometry":{"type":"Polygon","coordinates":[[[7.03125,53.4375],[8.4375,53.4375],[8.4375,54.84375],[7.03125,54.84375],[7.03125,53.4375]]]},"properties":{"n":19}},{"type":"Feature","geometry":{"type":"Polygon","coordinates":[[[2.8125,53.4375],[4.21875,53.4375],[4.21875,54.84375],[2.8125,54.84375],[2.8125,53.4375]]]},"properties":{"n":19}},{"type":"Feature","geometry":{"type":"Polygon","coordinates":[[[-80.15625,30.9375],[-78.75,30.9375],[-78.75,32.34375],[-80.15625,32.34375],[-80.15625,30.9375]]]},"properties":{"n":19}},{"type":"Feature","geometry":{"type":"Polygon","coordinates":[[[-85.78125,8.4375],[-84.375,8.4375],[-84.375,9.84375],[-85.78125,9.84375],[-85.78125,8.4375]]]},"properties":{"n":19}},{"type":"Feature","geometry":{"type":"Polygon","coordinates":[[[12.65625,67.5],[14.0625,67.5],[14.0625,68.90625],[12.65625,68.90625],[12.65625,67.5]]]},"properties":{"n":18}},{"type":"Feature","geometry":{"type":"Polygon","coordinates":[[[5.625,63.28125],[7.03125,63.28125],[7.03125,64.6875],[5.625,64.6875],[5.625,63.28125]]]},"properties":{"n":18}},{"type":"Feature","geometry":{"type":"Polygon","coordinates":[[[0,5.625],[1.40625,5.625],[1.40625,7.03125],[0,7.03125],[0,5.625]]]},"properties":{"n":18}},{"type":"Feature","geometry":{"type":"Polygon","coordinates":[[[-126.5625,43.59375],[-125.15625,43.59375],[-125.15625,45],[-126.5625,45],[-126.5625,43.59375]]]},"properties":{"n":18}},{"type":"Feature","geometry":{"type":"Polygon","coordinates":[[[9.84375,59.0625],[11.25,59.0625],[11.25,60.46875],[9.84375,60.46875],[9.84375,59.0625]]]},"properties":{"n":17}},{"type":"Feature","geometry":{"type":"Polygon","coordinates":[[[-97.03125,26.71875],[-95.625,26.71875],[-95.625,28.125],[-97.03125,28.125],[-97.03125,26.71875]]]},"properties":{"n":17}},{"type":"Feature","geometry":{"type":"Polygon","coordinates":[[[-43.59375,-23.90625],[-42.1875,-23.90625],[-42.1875,-22.5],[-43.59375,-22.5],[-43.59375,-23.90625]]]},"properties":{"n":17}},{"type":"Feature","geometry":{"type":"Polygon","coordinates":[[[-56.25,-39.375],[-54.84375,-39.375],[-54.84375,-37.96875],[-56.25,-37.96875],[-56.25,-39.375]]]},"properties":{"n":17}},{"type":"Feature","geometry":{"type":"Polygon","coordinates":[[[-66.09375,-49.21875],[-64.6875,-49.21875],[-64.6875,-47.8125],[-66.09375,-47.8125],[-66.09375,-49.21875]]]},"properties":{"n":17}},{"type":"Feature","geometry":{"type":"Polygon","coordinates":[[[5.625,60.46875],[7.03125,60.46875],[7.03125,61.875],[5.625,61.875],[5.625,60.46875]]]},"properties":{"n":16}},{"type":"Feature","geometry":{"type":"Polygon","coordinates":[[[2.8125,36.5625],[4.21875,36.5625],[4.21875,37.96875],[2.8125,37.96875],[2.8125,36.5625]]]},"properties":{"n":16}},{"type":"Feature","geometry":{"type":"Polygon","coordinates":[[[172.96875,-49.21875],[174.375,-49.21875],[174.375,-47.8125],[172.96875,-47.8125],[172.96875,-49.21875]]]},"properties":{"n":16}},{"type":"Feature","geometry":{"type":"Polygon","coordinates":[[[172.96875,-52.03125],[174.375,-52.03125],[174.375,-50.625],[172.96875,-50.625],[172.96875,-52.03125]]]},"properties":{"n":16}},{"type":"Feature","geometry":{"type":"Polygon","coordinates":[[[14.0625,-32.34375],[15.46875,-32.34375],[15.46875,-30.9375],[14.0625,-30.9375],[14.0625,-32.34375]]]},"properties":{"n":16}},{"type":"Feature","geometry":{"type":"Polygon","coordinates":[[[-90,28.125],[-88.59375,28.125],[-88.59375,29.53125],[-90,29.53125],[-90,28.125]]]},"properties":{"n":16}},{"type":"Feature","geometry":{"type":"Polygon","coordinates":[[[-126.5625,39.375],[-125.15625,39.375],[-125.15625,40.78125],[-126.5625,40.78125],[-126.5625,39.375]]]},"properties":{"n":16}},{"type":"Feature","geometry":{"type":"Polygon","coordinates":[[[-60.46875,-42.1875],[-59.0625,-42.1875],[-59.0625,-40.78125],[-60.46875,-40.78125],[-60.46875,-42.1875]]]},"properties":{"n":16}},{"type":"Feature","geometry":{"type":"Polygon","coordinates":[[[172.96875,-40.78125],[174.375,-40.78125],[174.375,-39.375],[172.96875,-39.375],[172.96875,-40.78125]]]},"properties":{"n":15}},{"type":"Feature","geometry":{"type":"Polygon","coordinates":[[[171.5625,-46.40625],[172.96875,-46.40625],[172.96875,-45],[171.5625,-45],[171.5625,-46.40625]]]},"properties":{"n":15}},{"type":"Feature","geometry":{"type":"Polygon","coordinates":[[[165.9375,-46.40625],[167.34375,-46.40625],[167.34375,-45],[165.9375,-45],[165.9375,-46.40625]]]},"properties":{"n":15}},{"type":"Feature","geometry":{"type":"Polygon","coordinates":[[[29.53125,-30.9375],[30.9375,-30.9375],[30.9375,-29.53125],[29.53125,-29.53125],[29.53125,-30.9375]]]},"properties":{"n":15}},{"type":"Feature","geometry":{"type":"Polygon","coordinates":[[[-16.875,16.875],[-15.46875,16.875],[-15.46875,18.28125],[-16.875,18.28125],[-16.875,16.875]]]},"properties":{"n":15}},{"type":"Feature","geometry":{"type":"Polygon","coordinates":[[[-85.78125,28.125],[-84.375,28.125],[-84.375,29.53125],[-85.78125,29.53125],[-85.78125,28.125]]]},"properties":{"n":15}},{"type":"Feature","geometry":{"type":"Polygon","coordinates":[[[-80.15625,25.3125],[-78.75,25.3125],[-78.75,26.71875],[-80.15625,26.71875],[-80.15625,25.3125]]]},"properties":{"n":15}},{"type":"Feature","geometry":{"type":"Polygon","coordinates":[[[-85.78125,25.3125],[-84.375,25.3125],[-84.375,26.71875],[-85.78125,26.71875],[-85.78125,25.3125]]]},"properties":{"n":15}},{"type":"Feature","geometry":{"type":"Polygon","coordinates":[[[-42.1875,-23.90625],[-40.78125,-23.90625],[-40.78125,-22.5],[-42.1875,-22.5],[-42.1875,-23.90625]]]},"properties":{"n":15}},{"type":"Feature","geometry":{"type":"Polygon","coordinates":[[[1.40625,53.4375],[2.8125,53.4375],[2.8125,54.84375],[1.40625,54.84375],[1.40625,53.4375]]]},"properties":{"n":14}},{"type":"Feature","geometry":{"type":"Polygon","coordinates":[[[171.5625,-39.375],[172.96875,-39.375],[172.96875,-37.96875],[171.5625,-37.96875],[171.5625,-39.375]]]},"properties":{"n":14}},{"type":"Feature","geometry":{"type":"Polygon","coordinates":[[[178.59375,-49.21875],[180,-49.21875],[180,-47.8125],[178.59375,-47.8125],[178.59375,-49.21875]]]},"properties":{"n":14}},{"type":"Feature","geometry":{"type":"Polygon","coordinates":[[[170.15625,-47.8125],[171.5625,-47.8125],[171.5625,-46.40625],[170.15625,-46.40625],[170.15625,-47.8125]]]},"properties":{"n":14}},{"type":"Feature","geometry":{"type":"Polygon","coordinates":[[[-70.3125,63.28125],[-68.90625,63.28125],[-68.90625,64.6875],[-70.3125,64.6875],[-70.3125,63.28125]]]},"properties":{"n":14}},{"type":"Feature","geometry":{"type":"Polygon","coordinates":[[[-7.03125,35.15625],[-5.625,35.15625],[-5.625,36.5625],[-7.03125,36.5625],[-7.03125,35.15625]]]},"properties":{"n":14}},{"type":"Feature","geometry":{"type":"Polygon","coordinates":[[[-63.28125,40.78125],[-61.875,40.78125],[-61.875,42.1875],[-63.28125,42.1875],[-63.28125,40.78125]]]},"properties":{"n":14}},{"type":"Feature","geometry":{"type":"Polygon","coordinates":[[[-77.34375,36.5625],[-75.9375,36.5625],[-75.9375,37.96875],[-77.34375,37.96875],[-77.34375,36.5625]]]},"properties":{"n":14}},{"type":"Feature","geometry":{"type":"Polygon","coordinates":[[[-50.625,-30.9375],[-49.21875,-30.9375],[-49.21875,-29.53125],[-50.625,-29.53125],[-50.625,-30.9375]]]},"properties":{"n":14}},{"type":"Feature","geometry":{"type":"Polygon","coordinates":[[[-63.28125,-45],[-61.875,-45],[-61.875,-43.59375],[-63.28125,-43.59375],[-63.28125,-45]]]},"properties":{"n":14}},{"type":"Feature","geometry":{"type":"Polygon","coordinates":[[[11.25,36.5625],[12.65625,36.5625],[12.65625,37.96875],[11.25,37.96875],[11.25,36.5625]]]},"properties":{"n":13}},{"type":"Feature","geometry":{"type":"Polygon","coordinates":[[[19.6875,-37.96875],[21.09375,-37.96875],[21.09375,-36.5625],[19.6875,-36.5625],[19.6875,-37.96875]]]},"properties":{"n":13}},{"type":"Feature","geometry":{"type":"Polygon","coordinates":[[[-67.5,47.8125],[-66.09375,47.8125],[-66.09375,49.21875],[-67.5,49.21875],[-67.5,47.8125]]]},"properties":{"n":13}},{"type":"Feature","geometry":{"type":"Polygon","coordinates":[[[-63.28125,46.40625],[-61.875,46.40625],[-61.875,47.8125],[-63.28125,47.8125],[-63.28125,46.40625]]]},"properties":{"n":13}},{"type":"Feature","geometry":{"type":"Polygon","coordinates":[[[-7.03125,36.5625],[-5.625,36.5625],[-5.625,37.96875],[-7.03125,37.96875],[-7.03125,36.5625]]]},"properties":{"n":13}},{"type":"Feature","geometry":{"type":"Polygon","coordinates":[[[-61.875,-45],[-60.46875,-45],[-60.46875,-43.59375],[-61.875,-43.59375],[-61.875,-45]]]},"properties":{"n":13}},{"type":"Feature","geometry":{"type":"Polygon","coordinates":[[[-53.4375,45],[-52.03125,45],[-52.03125,46.40625],[-53.4375,46.40625],[-53.4375,45]]]},"properties":{"n":12}},{"type":"Feature","geometry":{"type":"Polygon","coordinates":[[[-4.21875,43.59375],[-2.8125,43.59375],[-2.8125,45],[-4.21875,45],[-4.21875,43.59375]]]},"properties":{"n":12}},{"type":"Feature","geometry":{"type":"Polygon","coordinates":[[[-127.96875,40.78125],[-126.5625,40.78125],[-126.5625,42.1875],[-127.96875,42.1875],[-127.96875,40.78125]]]},"properties":{"n":12}},{"type":"Feature","geometry":{"type":"Polygon","coordinates":[[[-81.5625,-2.8125],[-80.15625,-2.8125],[-80.15625,-1.40625],[-81.5625,-1.40625],[-81.5625,-2.8125]]]},"properties":{"n":12}},{"type":"Feature","geometry":{"type":"Polygon","coordinates":[[[-50.625,-33.75],[-49.21875,-33.75],[-49.21875,-32.34375],[-50.625,-32.34375],[-50.625,-33.75]]]},"properties":{"n":12}},{"type":"Feature","geometry":{"type":"Polygon","coordinates":[[[14.0625,67.5],[15.46875,67.5],[15.46875,68.90625],[14.0625,68.90625],[14.0625,67.5]]]},"properties":{"n":11}},{"type":"Feature","geometry":{"type":"Polygon","coordinates":[[[175.78125,-40.78125],[177.1875,-40.78125],[177.1875,-39.375],[175.78125,-39.375],[175.78125,-40.78125]]]},"properties":{"n":11}},{"type":"Feature","geometry":{"type":"Polygon","coordinates":[[[11.25,-21.09375],[12.65625,-21.09375],[12.65625,-19.6875],[11.25,-19.6875],[11.25,-21.09375]]]},"properties":{"n":11}},{"type":"Feature","geometry":{"type":"Polygon","coordinates":[[[-16.875,8.4375],[-15.46875,8.4375],[-15.46875,9.84375],[-16.875,9.84375],[-16.875,8.4375]]]},"properties":{"n":11}},{"type":"Feature","geometry":{"type":"Polygon","coordinates":[[[-50.625,42.1875],[-49.21875,42.1875],[-49.21875,43.59375],[-50.625,43.59375],[-50.625,42.1875]]]},"properties":{"n":11}},{"type":"Feature","geometry":{"type":"Polygon","coordinates":[[[-77.34375,33.75],[-75.9375,33.75],[-75.9375,35.15625],[-77.34375,35.15625],[-77.34375,33.75]]]},"properties":{"n":11}},{"type":"Feature","geometry":{"type":"Polygon","coordinates":[[[-77.34375,32.34375],[-75.9375,32.34375],[-75.9375,33.75],[-77.34375,33.75],[-77.34375,32.34375]]]},"properties":{"n":11}},{"type":"Feature","geometry":{"type":"Polygon","coordinates":[[[-80.15625,7.03125],[-78.75,7.03125],[-78.75,8.4375],[-80.15625,8.4375],[-80.15625,7.03125]]]},"properties":{"n":11}},{"type":"Feature","geometry":{"type":"Polygon","coordinates":[[[-111.09375,23.90625],[-109.6875,23.90625],[-109.6875,25.3125],[-111.09375,25.3125],[-111.09375,23.90625]]]},"properties":{"n":11}},{"type":"Feature","geometry":{"type":"Polygon","coordinates":[[[-111.09375,22.5],[-109.6875,22.5],[-109.6875,23.90625],[-111.09375,23.90625],[-111.09375,22.5]]]},"properties":{"n":11}},{"type":"Feature","geometry":{"type":"Polygon","coordinates":[[[-40.78125,-22.5],[-39.375,-22.5],[-39.375,-21.09375],[-40.78125,-21.09375],[-40.78125,-22.5]]]},"properties":{"n":11}},{"type":"Feature","geometry":{"type":"Polygon","coordinates":[[[-47.8125,-26.71875],[-46.40625,-26.71875],[-46.40625,-25.3125],[-47.8125,-25.3125],[-47.8125,-26.71875]]]},"properties":{"n":11}},{"type":"Feature","geometry":{"type":"Polygon","coordinates":[[[-56.25,-37.96875],[-54.84375,-37.96875],[-54.84375,-36.5625],[-56.25,-36.5625],[-56.25,-37.96875]]]},"properties":{"n":11}},{"type":"Feature","geometry":{"type":"Polygon","coordinates":[[[0,61.875],[1.40625,61.875],[1.40625,63.28125],[0,63.28125],[0,61.875]]]},"properties":{"n":10}},{"type":"Feature","geometry":{"type":"Polygon","coordinates":[[[5.625,59.0625],[7.03125,59.0625],[7.03125,60.46875],[5.625,60.46875],[5.625,59.0625]]]},"properties":{"n":10}},{"type":"Feature","geometry":{"type":"Polygon","coordinates":[[[14.0625,54.84375],[15.46875,54.84375],[15.46875,56.25],[14.0625,56.25],[14.0625,54.84375]]]},"properties":{"n":10}},{"type":"Feature","geometry":{"type":"Polygon","coordinates":[[[168.75,-45],[170.15625,-45],[170.15625,-43.59375],[168.75,-43.59375],[168.75,-45]]]},"properties":{"n":10}},{"type":"Feature","geometry":{"type":"Polygon","coordinates":[[[170.15625,-54.84375],[171.5625,-54.84375],[171.5625,-53.4375],[170.15625,-53.4375],[170.15625,-54.84375]]]},"properties":{"n":10}},{"type":"Feature","geometry":{"type":"Polygon","coordinates":[[[28.125,-33.75],[29.53125,-33.75],[29.53125,-32.34375],[28.125,-32.34375],[28.125,-33.75]]]},"properties":{"n":10}},{"type":"Feature","geometry":{"type":"Polygon","coordinates":[[[-9.84375,42.1875],[-8.4375,42.1875],[-8.4375,43.59375],[-9.84375,43.59375],[-9.84375,42.1875]]]},"properties":{"n":10}},{"type":"Feature","geometry":{"type":"Polygon","coordinates":[[[-126.5625,37.96875],[-125.15625,37.96875],[-125.15625,39.375],[-126.5625,39.375],[-126.5625,37.96875]]]},"properties":{"n":10}},{"type":"Feature","geometry":{"type":"Polygon","coordinates":[[[-126.5625,33.75],[-125.15625,33.75],[-125.15625,35.15625],[-126.5625,35.15625],[-126.5625,33.75]]]},"properties":{"n":10}},{"type":"Feature","geometry":{"type":"Polygon","coordinates":[[[-123.75,29.53125],[-122.34375,29.53125],[-122.34375,30.9375],[-123.75,30.9375],[-123.75,29.53125]]]},"properties":{"n":10}},{"type":"Feature","geometry":{"type":"Polygon","coordinates":[[[-80.15625,-11.25],[-78.75,-11.25],[-78.75,-9.84375],[-80.15625,-9.84375],[-80.15625,-11.25]]]},"properties":{"n":10}},{"type":"Feature","geometry":{"type":"Polygon","coordinates":[[[-57.65625,-40.78125],[-56.25,-40.78125],[-56.25,-39.375],[-57.65625,-39.375],[-57.65625,-40.78125]]]},"properties":{"n":10}},{"type":"Feature","geometry":{"type":"Polygon","coordinates":[[[18.28125,39.375],[19.6875,39.375],[19.6875,40.78125],[18.28125,40.78125],[18.28125,39.375]]]},"properties":{"n":9}},{"type":"Feature","geometry":{"type":"Polygon","coordinates":[[[165.9375,-39.375],[167.34375,-39.375],[167.34375,-37.96875],[165.9375,-37.96875],[165.9375,-39.375]]]},"properties":{"n":9}},{"type":"Feature","geometry":{"type":"Polygon","coordinates":[[[21.09375,-37.96875],[22.5,-37.96875],[22.5,-36.5625],[21.09375,-36.5625],[21.09375,-37.96875]]]},"properties":{"n":9}},{"type":"Feature","geometry":{"type":"Polygon","coordinates":[[[-4.21875,35.15625],[-2.8125,35.15625],[-2.8125,36.5625],[-4.21875,36.5625],[-4.21875,35.15625]]]},"properties":{"n":9}},{"type":"Feature","geometry":{"type":"Polygon","coordinates":[[[-49.21875,43.59375],[-47.8125,43.59375],[-47.8125,45],[-49.21875,45],[-49.21875,43.59375]]]},"properties":{"n":9}},{"type":"Feature","geometry":{"type":"Polygon","coordinates":[[[-73.125,11.25],[-71.71875,11.25],[-71.71875,12.65625],[-73.125,12.65625],[-73.125,11.25]]]},"properties":{"n":9}},{"type":"Feature","geometry":{"type":"Polygon","coordinates":[[[-87.1875,9.84375],[-85.78125,9.84375],[-85.78125,11.25],[-87.1875,11.25],[-87.1875,9.84375]]]},"properties":{"n":9}},{"type":"Feature","geometry":{"type":"Polygon","coordinates":[[[-91.40625,26.71875],[-90,26.71875],[-90,28.125],[-91.40625,28.125],[-91.40625,26.71875]]]},"properties":{"n":9}},{"type":"Feature","geometry":{"type":"Polygon","coordinates":[[[-120.9375,35.15625],[-119.53125,35.15625],[-119.53125,36.5625],[-120.9375,36.5625],[-120.9375,35.15625]]]},"properties":{"n":9}},{"type":"Feature","geometry":{"type":"Polygon","coordinates":[[[-59.0625,-43.59375],[-57.65625,-43.59375],[-57.65625,-42.1875],[-59.0625,-42.1875],[-59.0625,-43.59375]]]},"properties":{"n":9}},{"type":"Feature","geometry":{"type":"Polygon","coordinates":[[[-67.5,-49.21875],[-66.09375,-49.21875],[-66.09375,-47.8125],[-67.5,-47.8125],[-67.5,-49.21875]]]},"properties":{"n":9}},{"type":"Feature","geometry":{"type":"Polygon","coordinates":[[[11.25,67.5],[12.65625,67.5],[12.65625,68.90625],[11.25,68.90625],[11.25,67.5]]]},"properties":{"n":8}},{"type":"Feature","geometry":{"type":"Polygon","coordinates":[[[11.25,32.34375],[12.65625,32.34375],[12.65625,33.75],[11.25,33.75],[11.25,32.34375]]]},"properties":{"n":8}},{"type":"Feature","geometry":{"type":"Polygon","coordinates":[[[172.96875,-37.96875],[174.375,-37.96875],[174.375,-36.5625],[172.96875,-36.5625],[172.96875,-37.96875]]]},"properties":{"n":8}},{"type":"Feature","geometry":{"type":"Polygon","coordinates":[[[167.34375,-37.96875],[168.75,-37.96875],[168.75,-36.5625],[167.34375,-36.5625],[167.34375,-37.96875]]]},"properties":{"n":8}},{"type":"Feature","geometry":{"type":"Polygon","coordinates":[[[172.96875,-53.4375],[174.375,-53.4375],[174.375,-52.03125],[172.96875,-52.03125],[172.96875,-53.4375]]]},"properties":{"n":8}},{"type":"Feature","geometry":{"type":"Polygon","coordinates":[[[168.75,-54.84375],[170.15625,-54.84375],[170.15625,-53.4375],[168.75,-53.4375],[168.75,-54.84375]]]},"properties":{"n":8}},{"type":"Feature","geometry":{"type":"Polygon","coordinates":[[[12.65625,-21.09375],[14.0625,-21.09375],[14.0625,-19.6875],[12.65625,-19.6875],[12.65625,-21.09375]]]},"properties":{"n":8}},{"type":"Feature","geometry":{"type":"Polygon","coordinates":[[[12.65625,-22.5],[14.0625,-22.5],[14.0625,-21.09375],[12.65625,-21.09375],[12.65625,-22.5]]]},"properties":{"n":8}},{"type":"Feature","geometry":{"type":"Polygon","coordinates":[[[22.5,-36.5625],[23.90625,-36.5625],[23.90625,-35.15625],[22.5,-35.15625],[22.5,-36.5625]]]},"properties":{"n":8}},{"type":"Feature","geometry":{"type":"Polygon","coordinates":[[[-57.65625,49.21875],[-56.25,49.21875],[-56.25,50.625],[-57.65625,50.625],[-57.65625,49.21875]]]},"properties":{"n":8}},{"type":"Feature","geometry":{"type":"Polygon","coordinates":[[[-66.09375,46.40625],[-64.6875,46.40625],[-64.6875,47.8125],[-66.09375,47.8125],[-66.09375,46.40625]]]},"properties":{"n":8}},{"type":"Feature","geometry":{"type":"Polygon","coordinates":[[[-7.03125,43.59375],[-5.625,43.59375],[-5.625,45],[-7.03125,45],[-7.03125,43.59375]]]},"properties":{"n":8}},{"type":"Feature","geometry":{"type":"Polygon","coordinates":[[[-18.28125,14.0625],[-16.875,14.0625],[-16.875,15.46875],[-18.28125,15.46875],[-18.28125,14.0625]]]},"properties":{"n":8}},{"type":"Feature","geometry":{"type":"Polygon","coordinates":[[[-80.15625,26.71875],[-78.75,26.71875],[-78.75,28.125],[-80.15625,28.125],[-80.15625,26.71875]]]},"properties":{"n":8}},{"type":"Feature","geometry":{"type":"Polygon","coordinates":[[[-85.78125,26.71875],[-84.375,26.71875],[-84.375,28.125],[-85.78125,28.125],[-85.78125,26.71875]]]},"properties":{"n":8}},{"type":"Feature","geometry":{"type":"Polygon","coordinates":[[[-84.375,8.4375],[-82.96875,8.4375],[-82.96875,9.84375],[-84.375,9.84375],[-84.375,8.4375]]]},"properties":{"n":8}},{"type":"Feature","geometry":{"type":"Polygon","coordinates":[[[-106.875,22.5],[-105.46875,22.5],[-105.46875,23.90625],[-106.875,23.90625],[-106.875,22.5]]]},"properties":{"n":8}},{"type":"Feature","geometry":{"type":"Polygon","coordinates":[[[-119.53125,26.71875],[-118.125,26.71875],[-118.125,28.125],[-119.53125,28.125],[-119.53125,26.71875]]]},"properties":{"n":8}},{"type":"Feature","geometry":{"type":"Polygon","coordinates":[[[-43.59375,-25.3125],[-42.1875,-25.3125],[-42.1875,-23.90625],[-43.59375,-23.90625],[-43.59375,-25.3125]]]},"properties":{"n":8}},{"type":"Feature","geometry":{"type":"Polygon","coordinates":[[[-54.84375,-36.5625],[-53.4375,-36.5625],[-53.4375,-35.15625],[-54.84375,-35.15625],[-54.84375,-36.5625]]]},"properties":{"n":8}},{"type":"Feature","geometry":{"type":"Polygon","coordinates":[[[-54.84375,-37.96875],[-53.4375,-37.96875],[-53.4375,-36.5625],[-54.84375,-36.5625],[-54.84375,-37.96875]]]},"properties":{"n":8}},{"type":"Feature","geometry":{"type":"Polygon","coordinates":[[[-63.28125,-49.21875],[-61.875,-49.21875],[-61.875,-47.8125],[-63.28125,-47.8125],[-63.28125,-49.21875]]]},"properties":{"n":8}},{"type":"Feature","geometry":{"type":"Polygon","coordinates":[[[-64.6875,-54.84375],[-63.28125,-54.84375],[-63.28125,-53.4375],[-64.6875,-53.4375],[-64.6875,-54.84375]]]},"properties":{"n":8}},{"type":"Feature","geometry":{"type":"Polygon","coordinates":[[[9.84375,64.6875],[11.25,64.6875],[11.25,66.09375],[9.84375,66.09375],[9.84375,64.6875]]]},"properties":{"n":7}},{"type":"Feature","geometry":{"type":"Polygon","coordinates":[[[8.4375,64.6875],[9.84375,64.6875],[9.84375,66.09375],[8.4375,66.09375],[8.4375,64.6875]]]},"properties":{"n":7}},{"type":"Feature","geometry":{"type":"Polygon","coordinates":[[[5.625,36.5625],[7.03125,36.5625],[7.03125,37.96875],[5.625,37.96875],[5.625,36.5625]]]},"properties":{"n":7}},{"type":"Feature","geometry":{"type":"Polygon","coordinates":[[[168.75,-37.96875],[170.15625,-37.96875],[170.15625,-36.5625],[168.75,-36.5625],[168.75,-37.96875]]]},"properties":{"n":7}},{"type":"Feature","geometry":{"type":"Polygon","coordinates":[[[170.15625,-45],[171.5625,-45],[171.5625,-43.59375],[170.15625,-43.59375],[170.15625,-45]]]},"properties":{"n":7}},{"type":"Feature","geometry":{"type":"Polygon","coordinates":[[[-2.8125,54.84375],[-1.40625,54.84375],[-1.40625,56.25],[-2.8125,56.25],[-2.8125,54.84375]]]},"properties":{"n":7}},{"type":"Feature","geometry":{"type":"Polygon","coordinates":[[[-47.8125,46.40625],[-46.40625,46.40625],[-46.40625,47.8125],[-47.8125,47.8125],[-47.8125,46.40625]]]},"properties":{"n":7}},{"type":"Feature","geometry":{"type":"Polygon","coordinates":[[[-59.0625,47.8125],[-57.65625,47.8125],[-57.65625,49.21875],[-59.0625,49.21875],[-59.0625,47.8125]]]},"properties":{"n":7}},{"type":"Feature","geometry":{"type":"Polygon","coordinates":[[[-53.4375,7.03125],[-52.03125,7.03125],[-52.03125,8.4375],[-53.4375,8.4375],[-53.4375,7.03125]]]},"properties":{"n":7}},{"type":"Feature","geometry":{"type":"Polygon","coordinates":[[[-82.96875,12.65625],[-81.5625,12.65625],[-81.5625,14.0625],[-82.96875,14.0625],[-82.96875,12.65625]]]},"properties":{"n":7}},{"type":"Feature","geometry":{"type":"Polygon","coordinates":[[[-122.34375,28.125],[-120.9375,28.125],[-120.9375,29.53125],[-122.34375,29.53125],[-122.34375,28.125]]]},"properties":{"n":7}},{"type":"Feature","geometry":{"type":"Polygon","coordinates":[[[-118.125,25.3125],[-116.71875,25.3125],[-116.71875,26.71875],[-118.125,26.71875],[-118.125,25.3125]]]},"properties":{"n":7}},{"type":"Feature","geometry":{"type":"Polygon","coordinates":[[[-113.90625,22.5],[-112.5,22.5],[-112.5,23.90625],[-113.90625,23.90625],[-113.90625,22.5]]]},"properties":{"n":7}},{"type":"Feature","geometry":{"type":"Polygon","coordinates":[[[-120.9375,26.71875],[-119.53125,26.71875],[-119.53125,28.125],[-120.9375,28.125],[-120.9375,26.71875]]]},"properties":{"n":7}},{"type":"Feature","geometry":{"type":"Polygon","coordinates":[[[-119.53125,25.3125],[-118.125,25.3125],[-118.125,26.71875],[-119.53125,26.71875],[-119.53125,25.3125]]]},"properties":{"n":7}},{"type":"Feature","geometry":{"type":"Polygon","coordinates":[[[-46.40625,-25.3125],[-45,-25.3125],[-45,-23.90625],[-46.40625,-23.90625],[-46.40625,-25.3125]]]},"properties":{"n":7}},{"type":"Feature","geometry":{"type":"Polygon","coordinates":[[[-53.4375,-36.5625],[-52.03125,-36.5625],[-52.03125,-35.15625],[-53.4375,-35.15625],[-53.4375,-36.5625]]]},"properties":{"n":7}},{"type":"Feature","geometry":{"type":"Polygon","coordinates":[[[-56.25,-40.78125],[-54.84375,-40.78125],[-54.84375,-39.375],[-56.25,-39.375],[-56.25,-40.78125]]]},"properties":{"n":7}},{"type":"Feature","geometry":{"type":"Polygon","coordinates":[[[-61.875,-42.1875],[-60.46875,-42.1875],[-60.46875,-40.78125],[-61.875,-40.78125],[-61.875,-42.1875]]]},"properties":{"n":7}},{"type":"Feature","geometry":{"type":"Polygon","coordinates":[[[11.25,63.28125],[12.65625,63.28125],[12.65625,64.6875],[11.25,64.6875],[11.25,63.28125]]]},"properties":{"n":6}},{"type":"Feature","geometry":{"type":"Polygon","coordinates":[[[23.90625,39.375],[25.3125,39.375],[25.3125,40.78125],[23.90625,40.78125],[23.90625,39.375]]]},"properties":{"n":6}},{"type":"Feature","geometry":{"type":"Polygon","coordinates":[[[11.25,43.59375],[12.65625,43.59375],[12.65625,45],[11.25,45],[11.25,43.59375]]]},"properties":{"n":6}},{"type":"Feature","geometry":{"type":"Polygon","coordinates":[[[12.65625,35.15625],[14.0625,35.15625],[14.0625,36.5625],[12.65625,36.5625],[12.65625,35.15625]]]},"properties":{"n":6}},{"type":"Feature","geometry":{"type":"Polygon","coordinates":[[[7.03125,43.59375],[8.4375,43.59375],[8.4375,45],[7.03125,45],[7.03125,43.59375]]]},"properties":{"n":6}},{"type":"Feature","geometry":{"type":"Polygon","coordinates":[[[16.875,-29.53125],[18.28125,-29.53125],[18.28125,-28.125],[16.875,-28.125],[16.875,-29.53125]]]},"properties":{"n":6}},{"type":"Feature","geometry":{"type":"Polygon","coordinates":[[[-14.0625,57.65625],[-12.65625,57.65625],[-12.65625,59.0625],[-14.0625,59.0625],[-14.0625,57.65625]]]},"properties":{"n":6}},{"type":"Feature","geometry":{"type":"Polygon","coordinates":[[[-59.0625,42.1875],[-57.65625,42.1875],[-57.65625,43.59375],[-59.0625,43.59375],[-59.0625,42.1875]]]},"properties":{"n":6}},{"type":"Feature","geometry":{"type":"Polygon","coordinates":[[[-64.6875,40.78125],[-63.28125,40.78125],[-63.28125,42.1875],[-64.6875,42.1875],[-64.6875,40.78125]]]},"properties":{"n":6}},{"type":"Feature","geometry":{"type":"Polygon","coordinates":[[[-77.34375,37.96875],[-75.9375,37.96875],[-75.9375,39.375],[-77.34375,39.375],[-77.34375,37.96875]]]},"properties":{"n":6}},{"type":"Feature","geometry":{"type":"Polygon","coordinates":[[[-87.1875,29.53125],[-85.78125,29.53125],[-85.78125,30.9375],[-87.1875,30.9375],[-87.1875,29.53125]]]},"properties":{"n":6}},{"type":"Feature","geometry":{"type":"Polygon","coordinates":[[[-88.59375,29.53125],[-87.1875,29.53125],[-87.1875,30.9375],[-88.59375,30.9375],[-88.59375,29.53125]]]},"properties":{"n":6}},{"type":"Feature","geometry":{"type":"Polygon","coordinates":[[[-54.84375,7.03125],[-53.4375,7.03125],[-53.4375,8.4375],[-54.84375,8.4375],[-54.84375,7.03125]]]},"properties":{"n":6}},{"type":"Feature","geometry":{"type":"Polygon","coordinates":[[[-60.46875,8.4375],[-59.0625,8.4375],[-59.0625,9.84375],[-60.46875,9.84375],[-60.46875,8.4375]]]},"properties":{"n":6}},{"type":"Feature","geometry":{"type":"Polygon","coordinates":[[[-74.53125,11.25],[-73.125,11.25],[-73.125,12.65625],[-74.53125,12.65625],[-74.53125,11.25]]]},"properties":{"n":6}},{"type":"Feature","geometry":{"type":"Polygon","coordinates":[[[-82.96875,14.0625],[-81.5625,14.0625],[-81.5625,15.46875],[-82.96875,15.46875],[-82.96875,14.0625]]]},"properties":{"n":6}},{"type":"Feature","geometry":{"type":"Polygon","coordinates":[[[-139.21875,57.65625],[-137.8125,57.65625],[-137.8125,59.0625],[-139.21875,59.0625],[-139.21875,57.65625]]]},"properties":{"n":6}},{"type":"Feature","geometry":{"type":"Polygon","coordinates":[[[-94.21875,28.125],[-92.8125,28.125],[-92.8125,29.53125],[-94.21875,29.53125],[-94.21875,28.125]]]},"properties":{"n":6}},{"type":"Feature","geometry":{"type":"Polygon","coordinates":[[[-125.15625,30.9375],[-123.75,30.9375],[-123.75,32.34375],[-125.15625,32.34375],[-125.15625,30.9375]]]},"properties":{"n":6}},{"type":"Feature","geometry":{"type":"Polygon","coordinates":[[[-94.21875,18.28125],[-92.8125,18.28125],[-92.8125,19.6875],[-94.21875,19.6875],[-94.21875,18.28125]]]},"properties":{"n":6}},{"type":"Feature","geometry":{"type":"Polygon","coordinates":[[[-57.65625,-42.1875],[-56.25,-42.1875],[-56.25,-40.78125],[-57.65625,-40.78125],[-57.65625,-42.1875]]]},"properties":{"n":6}},{"type":"Feature","geometry":{"type":"Polygon","coordinates":[[[-60.46875,-40.78125],[-59.0625,-40.78125],[-59.0625,-39.375],[-60.46875,-39.375],[-60.46875,-40.78125]]]},"properties":{"n":6}},{"type":"Feature","geometry":{"type":"Polygon","coordinates":[[[-74.53125,-37.96875],[-73.125,-37.96875],[-73.125,-36.5625],[-74.53125,-36.5625],[-74.53125,-37.96875]]]},"properties":{"n":6}},{"type":"Feature","geometry":{"type":"Polygon","coordinates":[[[-64.6875,-49.21875],[-63.28125,-49.21875],[-63.28125,-47.8125],[-64.6875,-47.8125],[-64.6875,-49.21875]]]},"properties":{"n":6}},{"type":"Feature","geometry":{"type":"Polygon","coordinates":[[[-68.90625,-52.03125],[-67.5,-52.03125],[-67.5,-50.625],[-68.90625,-50.625],[-68.90625,-52.03125]]]},"properties":{"n":6}},{"type":"Feature","geometry":{"type":"Polygon","coordinates":[[[-68.90625,-53.4375],[-67.5,-53.4375],[-67.5,-52.03125],[-68.90625,-52.03125],[-68.90625,-53.4375]]]},"properties":{"n":6}},{"type":"Feature","geometry":{"type":"Polygon","coordinates":[[[-68.90625,-56.25],[-67.5,-56.25],[-67.5,-54.84375],[-68.90625,-54.84375],[-68.90625,-56.25]]]},"properties":{"n":6}},{"type":"Feature","geometry":{"type":"Polygon","coordinates":[[[11.25,66.09375],[12.65625,66.09375],[12.65625,67.5],[11.25,67.5],[11.25,66.09375]]]},"properties":{"n":5}},{"type":"Feature","geometry":{"type":"Polygon","coordinates":[[[14.0625,37.96875],[15.46875,37.96875],[15.46875,39.375],[14.0625,39.375],[14.0625,37.96875]]]},"properties":{"n":5}},{"type":"Feature","geometry":{"type":"Polygon","coordinates":[[[172.96875,-35.15625],[174.375,-35.15625],[174.375,-33.75],[172.96875,-33.75],[172.96875,-35.15625]]]},"properties":{"n":5}},{"type":"Feature","geometry":{"type":"Polygon","coordinates":[[[147.65625,-39.375],[149.0625,-39.375],[149.0625,-37.96875],[147.65625,-37.96875],[147.65625,-39.375]]]},"properties":{"n":5}},{"type":"Feature","geometry":{"type":"Polygon","coordinates":[[[174.375,-49.21875],[175.78125,-49.21875],[175.78125,-47.8125],[174.375,-47.8125],[174.375,-49.21875]]]},"properties":{"n":5}},{"type":"Feature","geometry":{"type":"Polygon","coordinates":[[[174.375,-50.625],[175.78125,-50.625],[175.78125,-49.21875],[174.375,-49.21875],[174.375,-50.625]]]},"properties":{"n":5}},{"type":"Feature","geometry":{"type":"Polygon","coordinates":[[[23.90625,-36.5625],[25.3125,-36.5625],[25.3125,-35.15625],[23.90625,-35.15625],[23.90625,-36.5625]]]},"properties":{"n":5}},{"type":"Feature","geometry":{"type":"Polygon","coordinates":[[[18.28125,-32.34375],[19.6875,-32.34375],[19.6875,-30.9375],[18.28125,-30.9375],[18.28125,-32.34375]]]},"properties":{"n":5}},{"type":"Feature","geometry":{"type":"Polygon","coordinates":[[[-4.21875,60.46875],[-2.8125,60.46875],[-2.8125,61.875],[-4.21875,61.875],[-4.21875,60.46875]]]},"properties":{"n":5}},{"type":"Feature","geometry":{"type":"Polygon","coordinates":[[[-4.21875,52.03125],[-2.8125,52.03125],[-2.8125,53.4375],[-4.21875,53.4375],[-4.21875,52.03125]]]},"properties":{"n":5}},{"type":"Feature","geometry":{"type":"Polygon","coordinates":[[[-11.25,45],[-9.84375,45],[-9.84375,46.40625],[-11.25,46.40625],[-11.25,45]]]},"properties":{"n":5}},{"type":"Feature","geometry":{"type":"Polygon","coordinates":[[[-57.65625,50.625],[-56.25,50.625],[-56.25,52.03125],[-57.65625,52.03125],[-57.65625,50.625]]]},"properties":{"n":5}},{"type":"Feature","geometry":{"type":"Polygon","coordinates":[[[-5.625,42.1875],[-4.21875,42.1875],[-4.21875,43.59375],[-5.625,43.59375],[-5.625,42.1875]]]},"properties":{"n":5}},{"type":"Feature","geometry":{"type":"Polygon","coordinates":[[[-81.5625,28.125],[-80.15625,28.125],[-80.15625,29.53125],[-81.5625,29.53125],[-81.5625,28.125]]]},"properties":{"n":5}},{"type":"Feature","geometry":{"type":"Polygon","coordinates":[[[-80.15625,23.90625],[-78.75,23.90625],[-78.75,25.3125],[-80.15625,25.3125],[-80.15625,23.90625]]]},"properties":{"n":5}},{"type":"Feature","geometry":{"type":"Polygon","coordinates":[[[-70.3125,11.25],[-68.90625,11.25],[-68.90625,12.65625],[-70.3125,12.65625],[-70.3125,11.25]]]},"properties":{"n":5}},{"type":"Feature","geometry":{"type":"Polygon","coordinates":[[[-122.34375,47.8125],[-120.9375,47.8125],[-120.9375,49.21875],[-122.34375,49.21875],[-122.34375,47.8125]]]},"properties":{"n":5}},{"type":"Feature","geometry":{"type":"Polygon","coordinates":[[[-129.375,53.4375],[-127.96875,53.4375],[-127.96875,54.84375],[-129.375,54.84375],[-129.375,53.4375]]]},"properties":{"n":5}},{"type":"Feature","geometry":{"type":"Polygon","coordinates":[[[-136.40625,56.25],[-135,56.25],[-135,57.65625],[-136.40625,57.65625],[-136.40625,56.25]]]},"properties":{"n":5}},{"type":"Feature","geometry":{"type":"Polygon","coordinates":[[[-92.8125,28.125],[-91.40625,28.125],[-91.40625,29.53125],[-92.8125,29.53125],[-92.8125,28.125]]]},"properties":{"n":5}},{"type":"Feature","geometry":{"type":"Polygon","coordinates":[[[-127.96875,39.375],[-126.5625,39.375],[-126.5625,40.78125],[-127.96875,40.78125],[-127.96875,39.375]]]},"properties":{"n":5}},{"type":"Feature","geometry":{"type":"Polygon","coordinates":[[[-81.5625,-8.4375],[-80.15625,-8.4375],[-80.15625,-7.03125],[-81.5625,-7.03125],[-81.5625,-8.4375]]]},"properties":{"n":5}},{"type":"Feature","geometry":{"type":"Polygon","coordinates":[[[-77.34375,-12.65625],[-75.9375,-12.65625],[-75.9375,-11.25],[-77.34375,-11.25],[-77.34375,-12.65625]]]},"properties":{"n":5}},{"type":"Feature","geometry":{"type":"Polygon","coordinates":[[[-59.0625,-40.78125],[-57.65625,-40.78125],[-57.65625,-39.375],[-59.0625,-39.375],[-59.0625,-40.78125]]]},"properties":{"n":5}},{"type":"Feature","geometry":{"type":"Polygon","coordinates":[[[-61.875,-40.78125],[-60.46875,-40.78125],[-60.46875,-39.375],[-61.875,-39.375],[-61.875,-40.78125]]]},"properties":{"n":5}},{"type":"Feature","geometry":{"type":"Polygon","coordinates":[[[-64.6875,-42.1875],[-63.28125,-42.1875],[-63.28125,-40.78125],[-64.6875,-40.78125],[-64.6875,-42.1875]]]},"properties":{"n":5}},{"type":"Feature","geometry":{"type":"Polygon","coordinates":[[[-73.125,-37.96875],[-71.71875,-37.96875],[-71.71875,-36.5625],[-73.125,-36.5625],[-73.125,-37.96875]]]},"properties":{"n":5}},{"type":"Feature","geometry":{"type":"Polygon","coordinates":[[[-68.90625,-54.84375],[-67.5,-54.84375],[-67.5,-53.4375],[-68.90625,-53.4375],[-68.90625,-54.84375]]]},"properties":{"n":5}},{"type":"Feature","geometry":{"type":"Polygon","coordinates":[[[25.3125,70.3125],[26.71875,70.3125],[26.71875,71.71875],[25.3125,71.71875],[25.3125,70.3125]]]},"properties":{"n":4}},{"type":"Feature","geometry":{"type":"Polygon","coordinates":[[[2.8125,61.875],[4.21875,61.875],[4.21875,63.28125],[2.8125,63.28125],[2.8125,61.875]]]},"properties":{"n":4}},{"type":"Feature","geometry":{"type":"Polygon","coordinates":[[[15.46875,40.78125],[16.875,40.78125],[16.875,42.1875],[15.46875,42.1875],[15.46875,40.78125]]]},"properties":{"n":4}},{"type":"Feature","geometry":{"type":"Polygon","coordinates":[[[12.65625,37.96875],[14.0625,37.96875],[14.0625,39.375],[12.65625,39.375],[12.65625,37.96875]]]},"properties":{"n":4}},{"type":"Feature","geometry":{"type":"Polygon","coordinates":[[[8.4375,42.1875],[9.84375,42.1875],[9.84375,43.59375],[8.4375,43.59375],[8.4375,42.1875]]]},"properties":{"n":4}},{"type":"Feature","geometry":{"type":"Polygon","coordinates":[[[9.84375,32.34375],[11.25,32.34375],[11.25,33.75],[9.84375,33.75],[9.84375,32.34375]]]},"properties":{"n":4}},{"type":"Feature","geometry":{"type":"Polygon","coordinates":[[[167.34375,-45],[168.75,-45],[168.75,-43.59375],[167.34375,-43.59375],[167.34375,-45]]]},"properties":{"n":4}},{"type":"Feature","geometry":{"type":"Polygon","coordinates":[[[151.875,-33.75],[153.28125,-33.75],[153.28125,-32.34375],[151.875,-32.34375],[151.875,-33.75]]]},"properties":{"n":4}},{"type":"Feature","geometry":{"type":"Polygon","coordinates":[[[59.0625,-15.46875],[60.46875,-15.46875],[60.46875,-14.0625],[59.0625,-14.0625],[59.0625,-15.46875]]]},"properties":{"n":4}},{"type":"Feature","geometry":{"type":"Polygon","coordinates":[[[33.75,-7.03125],[35.15625,-7.03125],[35.15625,-5.625],[33.75,-5.625],[33.75,-7.03125]]]},"properties":{"n":4}},{"type":"Feature","geometry":{"type":"Polygon","coordinates":[[[42.1875,-22.5],[43.59375,-22.5],[43.59375,-21.09375],[42.1875,-21.09375],[42.1875,-22.5]]]},"properties":{"n":4}},{"type":"Feature","geometry":{"type":"Polygon","coordinates":[[[12.65625,-14.0625],[14.0625,-14.0625],[14.0625,-12.65625],[12.65625,-12.65625],[12.65625,-14.0625]]]},"properties":{"n":4}},{"type":"Feature","geometry":{"type":"Polygon","coordinates":[[[16.875,-36.5625],[18.28125,-36.5625],[18.28125,-35.15625],[16.875,-35.15625],[16.875,-36.5625]]]},"properties":{"n":4}},{"type":"Feature","geometry":{"type":"Polygon","coordinates":[[[-9.84375,46.40625],[-8.4375,46.40625],[-8.4375,47.8125],[-9.84375,47.8125],[-9.84375,46.40625]]]},"properties":{"n":4}},{"type":"Feature","geometry":{"type":"Polygon","coordinates":[[[-43.59375,47.8125],[-42.1875,47.8125],[-42.1875,49.21875],[-43.59375,49.21875],[-43.59375,47.8125]]]},"properties":{"n":4}},{"type":"Feature","geometry":{"type":"Polygon","coordinates":[[[-59.0625,64.6875],[-57.65625,64.6875],[-57.65625,66.09375],[-59.0625,66.09375],[-59.0625,64.6875]]]},"properties":{"n":4}},{"type":"Feature","geometry":{"type":"Polygon","coordinates":[[[-50.625,47.8125],[-49.21875,47.8125],[-49.21875,49.21875],[-50.625,49.21875],[-50.625,47.8125]]]},"properties":{"n":4}},{"type":"Feature","geometry":{"type":"Polygon","coordinates":[[[-57.65625,54.84375],[-56.25,54.84375],[-56.25,56.25],[-57.65625,56.25],[-57.65625,54.84375]]]},"properties":{"n":4}},{"type":"Feature","geometry":{"type":"Polygon","coordinates":[[[-66.09375,47.8125],[-64.6875,47.8125],[-64.6875,49.21875],[-66.09375,49.21875],[-66.09375,47.8125]]]},"properties":{"n":4}},{"type":"Feature","geometry":{"type":"Polygon","coordinates":[[[-9.84375,37.96875],[-8.4375,37.96875],[-8.4375,39.375],[-9.84375,39.375],[-9.84375,37.96875]]]},"properties":{"n":4}},{"type":"Feature","geometry":{"type":"Polygon","coordinates":[[[-9.84375,36.5625],[-8.4375,36.5625],[-8.4375,37.96875],[-9.84375,37.96875],[-9.84375,36.5625]]]},"properties":{"n":4}},{"type":"Feature","geometry":{"type":"Polygon","coordinates":[[[-14.0625,32.34375],[-12.65625,32.34375],[-12.65625,33.75],[-14.0625,33.75],[-14.0625,32.34375]]]},"properties":{"n":4}},{"type":"Feature","geometry":{"type":"Polygon","coordinates":[[[-18.28125,18.28125],[-16.875,18.28125],[-16.875,19.6875],[-18.28125,19.6875],[-18.28125,18.28125]]]},"properties":{"n":4}},{"type":"Feature","geometry":{"type":"Polygon","coordinates":[[[-66.09375,39.375],[-64.6875,39.375],[-64.6875,40.78125],[-66.09375,40.78125],[-66.09375,39.375]]]},"properties":{"n":4}},{"type":"Feature","geometry":{"type":"Polygon","coordinates":[[[-80.15625,32.34375],[-78.75,32.34375],[-78.75,33.75],[-80.15625,33.75],[-80.15625,32.34375]]]},"properties":{"n":4}},{"type":"Feature","geometry":{"type":"Polygon","coordinates":[[[-88.59375,23.90625],[-87.1875,23.90625],[-87.1875,25.3125],[-88.59375,25.3125],[-88.59375,23.90625]]]},"properties":{"n":4}},{"type":"Feature","geometry":{"type":"Polygon","coordinates":[[[-61.875,11.25],[-60.46875,11.25],[-60.46875,12.65625],[-61.875,12.65625],[-61.875,11.25]]]},"properties":{"n":4}},{"type":"Feature","geometry":{"type":"Polygon","coordinates":[[[-81.5625,14.0625],[-80.15625,14.0625],[-80.15625,15.46875],[-81.5625,15.46875],[-81.5625,14.0625]]]},"properties":{"n":4}},{"type":"Feature","geometry":{"type":"Polygon","coordinates":[[[-78.75,5.625],[-77.34375,5.625],[-77.34375,7.03125],[-78.75,7.03125],[-78.75,5.625]]]},"properties":{"n":4}},{"type":"Feature","geometry":{"type":"Polygon","coordinates":[[[-126.5625,46.40625],[-125.15625,46.40625],[-125.15625,47.8125],[-126.5625,47.8125],[-126.5625,46.40625]]]},"properties":{"n":4}},{"type":"Feature","geometry":{"type":"Polygon","coordinates":[[[-165.9375,53.4375],[-164.53125,53.4375],[-164.53125,54.84375],[-165.9375,54.84375],[-165.9375,53.4375]]]},"properties":{"n":4}},{"type":"Feature","geometry":{"type":"Polygon","coordinates":[[[-167.34375,53.4375],[-165.9375,53.4375],[-165.9375,54.84375],[-167.34375,54.84375],[-167.34375,53.4375]]]},"properties":{"n":4}},{"type":"Feature","geometry":{"type":"Polygon","coordinates":[[[-97.03125,28.125],[-95.625,28.125],[-95.625,29.53125],[-97.03125,29.53125],[-97.03125,28.125]]]},"properties":{"n":4}},{"type":"Feature","geometry":{"type":"Polygon","coordinates":[[[-94.21875,26.71875],[-92.8125,26.71875],[-92.8125,28.125],[-94.21875,28.125],[-94.21875,26.71875]]]},"properties":{"n":4}},{"type":"Feature","geometry":{"type":"Polygon","coordinates":[[[-98.4375,23.90625],[-97.03125,23.90625],[-97.03125,25.3125],[-98.4375,25.3125],[-98.4375,23.90625]]]},"properties":{"n":4}},{"type":"Feature","geometry":{"type":"Polygon","coordinates":[[[-112.5,26.71875],[-111.09375,26.71875],[-111.09375,28.125],[-112.5,28.125],[-112.5,26.71875]]]},"properties":{"n":4}},{"type":"Feature","geometry":{"type":"Polygon","coordinates":[[[-126.5625,30.9375],[-125.15625,30.9375],[-125.15625,32.34375],[-126.5625,32.34375],[-126.5625,30.9375]]]},"properties":{"n":4}},{"type":"Feature","geometry":{"type":"Polygon","coordinates":[[[-125.15625,29.53125],[-123.75,29.53125],[-123.75,30.9375],[-125.15625,30.9375],[-125.15625,29.53125]]]},"properties":{"n":4}},{"type":"Feature","geometry":{"type":"Polygon","coordinates":[[[-81.5625,-5.625],[-80.15625,-5.625],[-80.15625,-4.21875],[-81.5625,-4.21875],[-81.5625,-5.625]]]},"properties":{"n":4}},{"type":"Feature","geometry":{"type":"Polygon","coordinates":[[[-50.625,-29.53125],[-49.21875,-29.53125],[-49.21875,-28.125],[-50.625,-28.125],[-50.625,-29.53125]]]},"properties":{"n":4}},{"type":"Feature","geometry":{"type":"Polygon","coordinates":[[[-73.125,-43.59375],[-71.71875,-43.59375],[-71.71875,-42.1875],[-73.125,-42.1875],[-73.125,-43.59375]]]},"properties":{"n":4}},{"type":"Feature","geometry":{"type":"Polygon","coordinates":[[[15.46875,68.90625],[16.875,68.90625],[16.875,70.3125],[15.46875,70.3125],[15.46875,68.90625]]]},"properties":{"n":3}},{"type":"Feature","geometry":{"type":"Polygon","coordinates":[[[9.84375,66.09375],[11.25,66.09375],[11.25,67.5],[9.84375,67.5],[9.84375,66.09375]]]},"properties":{"n":3}},{"type":"Feature","geometry":{"type":"Polygon","coordinates":[[[4.21875,63.28125],[5.625,63.28125],[5.625,64.6875],[4.21875,64.6875],[4.21875,63.28125]]]},"properties":{"n":3}},{"type":"Feature","geometry":{"type":"Polygon","coordinates":[[[11.25,53.4375],[12.65625,53.4375],[12.65625,54.84375],[11.25,54.84375],[11.25,53.4375]]]},"properties":{"n":3}},{"type":"Feature","geometry":{"type":"Polygon","coordinates":[[[1.40625,50.625],[2.8125,50.625],[2.8125,52.03125],[1.40625,52.03125],[1.40625,50.625]]]},"properties":{"n":3}},{"type":"Feature","geometry":{"type":"Polygon","coordinates":[[[18.28125,42.1875],[19.6875,42.1875],[19.6875,43.59375],[18.28125,43.59375],[18.28125,42.1875]]]},"properties":{"n":3}},{"type":"Feature","geometry":{"type":"Polygon","coordinates":[[[9.84375,37.96875],[11.25,37.96875],[11.25,39.375],[9.84375,39.375],[9.84375,37.96875]]]},"properties":{"n":3}},{"type":"Feature","geometry":{"type":"Polygon","coordinates":[[[174.375,-36.5625],[175.78125,-36.5625],[175.78125,-35.15625],[174.375,-35.15625],[174.375,-36.5625]]]},"properties":{"n":3}},{"type":"Feature","geometry":{"type":"Polygon","coordinates":[[[143.4375,-42.1875],[144.84375,-42.1875],[144.84375,-40.78125],[143.4375,-40.78125],[143.4375,-42.1875]]]},"properties":{"n":3}},{"type":"Feature","geometry":{"type":"Polygon","coordinates":[[[11.25,-15.46875],[12.65625,-15.46875],[12.65625,-14.0625],[11.25,-14.0625],[11.25,-15.46875]]]},"properties":{"n":3}},{"type":"Feature","geometry":{"type":"Polygon","coordinates":[[[16.875,-39.375],[18.28125,-39.375],[18.28125,-37.96875],[16.875,-37.96875],[16.875,-39.375]]]},"properties":{"n":3}},{"type":"Feature","geometry":{"type":"Polygon","coordinates":[[[-19.6875,56.25],[-18.28125,56.25],[-18.28125,57.65625],[-19.6875,57.65625],[-19.6875,56.25]]]},"properties":{"n":3}},{"type":"Feature","geometry":{"type":"Polygon","coordinates":[[[-1.40625,53.4375],[0,53.4375],[0,54.84375],[-1.40625,54.84375],[-1.40625,53.4375]]]},"properties":{"n":3}},{"type":"Feature","geometry":{"type":"Polygon","coordinates":[[[-16.875,52.03125],[-15.46875,52.03125],[-15.46875,53.4375],[-16.875,53.4375],[-16.875,52.03125]]]},"properties":{"n":3}},{"type":"Feature","geometry":{"type":"Polygon","coordinates":[[[-50.625,50.625],[-49.21875,50.625],[-49.21875,52.03125],[-50.625,52.03125],[-50.625,50.625]]]},"properties":{"n":3}},{"type":"Feature","geometry":{"type":"Polygon","coordinates":[[[-53.4375,52.03125],[-52.03125,52.03125],[-52.03125,53.4375],[-53.4375,53.4375],[-53.4375,52.03125]]]},"properties":{"n":3}},{"type":"Feature","geometry":{"type":"Polygon","coordinates":[[[-9.84375,39.375],[-8.4375,39.375],[-8.4375,40.78125],[-9.84375,40.78125],[-9.84375,39.375]]]},"properties":{"n":3}},{"type":"Feature","geometry":{"type":"Polygon","coordinates":[[[-8.4375,36.5625],[-7.03125,36.5625],[-7.03125,37.96875],[-8.4375,37.96875],[-8.4375,36.5625]]]},"properties":{"n":3}},{"type":"Feature","geometry":{"type":"Polygon","coordinates":[[[-9.84375,29.53125],[-8.4375,29.53125],[-8.4375,30.9375],[-9.84375,30.9375],[-9.84375,29.53125]]]},"properties":{"n":3}},{"type":"Feature","geometry":{"type":"Polygon","coordinates":[[[-11.25,29.53125],[-9.84375,29.53125],[-9.84375,30.9375],[-11.25,30.9375],[-11.25,29.53125]]]},"properties":{"n":3}},{"type":"Feature","geometry":{"type":"Polygon","coordinates":[[[-63.28125,39.375],[-61.875,39.375],[-61.875,40.78125],[-63.28125,40.78125],[-63.28125,39.375]]]},"properties":{"n":3}},{"type":"Feature","geometry":{"type":"Polygon","coordinates":[[[-90,22.5],[-88.59375,22.5],[-88.59375,23.90625],[-90,23.90625],[-90,22.5]]]},"properties":{"n":3}},{"type":"Feature","geometry":{"type":"Polygon","coordinates":[[[-63.28125,11.25],[-61.875,11.25],[-61.875,12.65625],[-63.28125,12.65625],[-63.28125,11.25]]]},"properties":{"n":3}},{"type":"Feature","geometry":{"type":"Polygon","coordinates":[[[-60.46875,9.84375],[-59.0625,9.84375],[-59.0625,11.25],[-60.46875,11.25],[-60.46875,9.84375]]]},"properties":{"n":3}},{"type":"Feature","geometry":{"type":"Polygon","coordinates":[[[-82.96875,16.875],[-81.5625,16.875],[-81.5625,18.28125],[-82.96875,18.28125],[-82.96875,16.875]]]},"properties":{"n":3}},{"type":"Feature","geometry":{"type":"Polygon","coordinates":[[[-81.5625,15.46875],[-80.15625,15.46875],[-80.15625,16.875],[-81.5625,16.875],[-81.5625,15.46875]]]},"properties":{"n":3}},{"type":"Feature","geometry":{"type":"Polygon","coordinates":[[[-82.96875,11.25],[-81.5625,11.25],[-81.5625,12.65625],[-82.96875,12.65625],[-82.96875,11.25]]]},"properties":{"n":3}},{"type":"Feature","geometry":{"type":"Polygon","coordinates":[[[-75.9375,9.84375],[-74.53125,9.84375],[-74.53125,11.25],[-75.9375,11.25],[-75.9375,9.84375]]]},"properties":{"n":3}},{"type":"Feature","geometry":{"type":"Polygon","coordinates":[[[-77.34375,9.84375],[-75.9375,9.84375],[-75.9375,11.25],[-77.34375,11.25],[-77.34375,9.84375]]]},"properties":{"n":3}},{"type":"Feature","geometry":{"type":"Polygon","coordinates":[[[-87.1875,4.21875],[-85.78125,4.21875],[-85.78125,5.625],[-87.1875,5.625],[-87.1875,4.21875]]]},"properties":{"n":3}},{"type":"Feature","geometry":{"type":"Polygon","coordinates":[[[-136.40625,57.65625],[-135,57.65625],[-135,59.0625],[-136.40625,59.0625],[-136.40625,57.65625]]]},"properties":{"n":3}},{"type":"Feature","geometry":{"type":"Polygon","coordinates":[[[-150.46875,57.65625],[-149.0625,57.65625],[-149.0625,59.0625],[-150.46875,59.0625],[-150.46875,57.65625]]]},"properties":{"n":3}},{"type":"Feature","geometry":{"type":"Polygon","coordinates":[[[-165.9375,56.25],[-164.53125,56.25],[-164.53125,57.65625],[-165.9375,57.65625],[-165.9375,56.25]]]},"properties":{"n":3}},{"type":"Feature","geometry":{"type":"Polygon","coordinates":[[[-91.40625,28.125],[-90,28.125],[-90,29.53125],[-91.40625,29.53125],[-91.40625,28.125]]]},"properties":{"n":3}},{"type":"Feature","geometry":{"type":"Polygon","coordinates":[[[-95.625,28.125],[-94.21875,28.125],[-94.21875,29.53125],[-95.625,29.53125],[-95.625,28.125]]]},"properties":{"n":3}},{"type":"Feature","geometry":{"type":"Polygon","coordinates":[[[-97.03125,25.3125],[-95.625,25.3125],[-95.625,26.71875],[-97.03125,26.71875],[-97.03125,25.3125]]]},"properties":{"n":3}},{"type":"Feature","geometry":{"type":"Polygon","coordinates":[[[-109.6875,22.5],[-108.28125,22.5],[-108.28125,23.90625],[-109.6875,23.90625],[-109.6875,22.5]]]},"properties":{"n":3}},{"type":"Feature","geometry":{"type":"Polygon","coordinates":[[[-127.96875,42.1875],[-126.5625,42.1875],[-126.5625,43.59375],[-127.96875,43.59375],[-127.96875,42.1875]]]},"properties":{"n":3}},{"type":"Feature","geometry":{"type":"Polygon","coordinates":[[[-113.90625,28.125],[-112.5,28.125],[-112.5,29.53125],[-113.90625,29.53125],[-113.90625,28.125]]]},"properties":{"n":3}},{"type":"Feature","geometry":{"type":"Polygon","coordinates":[[[-98.4375,21.09375],[-97.03125,21.09375],[-97.03125,22.5],[-98.4375,22.5],[-98.4375,21.09375]]]},"properties":{"n":3}},{"type":"Feature","geometry":{"type":"Polygon","coordinates":[[[-113.90625,18.28125],[-112.5,18.28125],[-112.5,19.6875],[-113.90625,19.6875],[-113.90625,18.28125]]]},"properties":{"n":3}},{"type":"Feature","geometry":{"type":"Polygon","coordinates":[[[-78.75,-11.25],[-77.34375,-11.25],[-77.34375,-9.84375],[-78.75,-9.84375],[-78.75,-11.25]]]},"properties":{"n":3}},{"type":"Feature","geometry":{"type":"Polygon","coordinates":[[[-46.40625,-28.125],[-45,-28.125],[-45,-26.71875],[-46.40625,-26.71875],[-46.40625,-28.125]]]},"properties":{"n":3}},{"type":"Feature","geometry":{"type":"Polygon","coordinates":[[[-59.0625,-35.15625],[-57.65625,-35.15625],[-57.65625,-33.75],[-59.0625,-33.75],[-59.0625,-35.15625]]]},"properties":{"n":3}},{"type":"Feature","geometry":{"type":"Polygon","coordinates":[[[-64.6875,-50.625],[-63.28125,-50.625],[-63.28125,-49.21875],[-64.6875,-49.21875],[-64.6875,-50.625]]]},"properties":{"n":3}},{"type":"Feature","geometry":{"type":"Polygon","coordinates":[[[-66.09375,-50.625],[-64.6875,-50.625],[-64.6875,-49.21875],[-66.09375,-49.21875],[-66.09375,-50.625]]]},"properties":{"n":3}},{"type":"Feature","geometry":{"type":"Polygon","coordinates":[[[-67.5,-50.625],[-66.09375,-50.625],[-66.09375,-49.21875],[-67.5,-49.21875],[-67.5,-50.625]]]},"properties":{"n":3}},{"type":"Feature","geometry":{"type":"Polygon","coordinates":[[[-60.46875,-54.84375],[-59.0625,-54.84375],[-59.0625,-53.4375],[-60.46875,-53.4375],[-60.46875,-54.84375]]]},"properties":{"n":3}},{"type":"Feature","geometry":{"type":"Polygon","coordinates":[[[-66.09375,-52.03125],[-64.6875,-52.03125],[-64.6875,-50.625],[-66.09375,-50.625],[-66.09375,-52.03125]]]},"properties":{"n":3}},{"type":"Feature","geometry":{"type":"Polygon","coordinates":[[[-63.28125,-54.84375],[-61.875,-54.84375],[-61.875,-53.4375],[-63.28125,-53.4375],[-63.28125,-54.84375]]]},"properties":{"n":3}},{"type":"Feature","geometry":{"type":"Polygon","coordinates":[[[-64.6875,-56.25],[-63.28125,-56.25],[-63.28125,-54.84375],[-64.6875,-54.84375],[-64.6875,-56.25]]]},"properties":{"n":3}},{"type":"Feature","geometry":{"type":"Polygon","coordinates":[[[-73.125,-46.40625],[-71.71875,-46.40625],[-71.71875,-45],[-73.125,-45],[-73.125,-46.40625]]]},"properties":{"n":3}},{"type":"Feature","geometry":{"type":"Polygon","coordinates":[[[-68.90625,-50.625],[-67.5,-50.625],[-67.5,-49.21875],[-68.90625,-49.21875],[-68.90625,-50.625]]]},"properties":{"n":3}},{"type":"Feature","geometry":{"type":"Polygon","coordinates":[[[-174.375,-43.59375],[-172.96875,-43.59375],[-172.96875,-42.1875],[-174.375,-42.1875],[-174.375,-43.59375]]]},"properties":{"n":3}},{"type":"Feature","geometry":{"type":"Polygon","coordinates":[[[16.875,68.90625],[18.28125,68.90625],[18.28125,70.3125],[16.875,70.3125],[16.875,68.90625]]]},"properties":{"n":2}},{"type":"Feature","geometry":{"type":"Polygon","coordinates":[[[9.84375,67.5],[11.25,67.5],[11.25,68.90625],[9.84375,68.90625],[9.84375,67.5]]]},"properties":{"n":2}},{"type":"Feature","geometry":{"type":"Polygon","coordinates":[[[11.25,64.6875],[12.65625,64.6875],[12.65625,66.09375],[11.25,66.09375],[11.25,64.6875]]]},"properties":{"n":2}},{"type":"Feature","geometry":{"type":"Polygon","coordinates":[[[8.4375,61.875],[9.84375,61.875],[9.84375,63.28125],[8.4375,63.28125],[8.4375,61.875]]]},"properties":{"n":2}},{"type":"Feature","geometry":{"type":"Polygon","coordinates":[[[8.4375,59.0625],[9.84375,59.0625],[9.84375,60.46875],[8.4375,60.46875],[8.4375,59.0625]]]},"properties":{"n":2}},{"type":"Feature","geometry":{"type":"Polygon","coordinates":[[[15.46875,54.84375],[16.875,54.84375],[16.875,56.25],[15.46875,56.25],[15.46875,54.84375]]]},"properties":{"n":2}},{"type":"Feature","geometry":{"type":"Polygon","coordinates":[[[2.8125,50.625],[4.21875,50.625],[4.21875,52.03125],[2.8125,52.03125],[2.8125,50.625]]]},"properties":{"n":2}},{"type":"Feature","geometry":{"type":"Polygon","coordinates":[[[81.5625,5.625],[82.96875,5.625],[82.96875,7.03125],[81.5625,7.03125],[81.5625,5.625]]]},"properties":{"n":2}},{"type":"Feature","geometry":{"type":"Polygon","coordinates":[[[80.15625,5.625],[81.5625,5.625],[81.5625,7.03125],[80.15625,7.03125],[80.15625,5.625]]]},"properties":{"n":2}},{"type":"Feature","geometry":{"type":"Polygon","coordinates":[[[22.5,39.375],[23.90625,39.375],[23.90625,40.78125],[22.5,40.78125],[22.5,39.375]]]},"properties":{"n":2}},{"type":"Feature","geometry":{"type":"Polygon","coordinates":[[[16.875,40.78125],[18.28125,40.78125],[18.28125,42.1875],[16.875,42.1875],[16.875,40.78125]]]},"properties":{"n":2}},{"type":"Feature","geometry":{"type":"Polygon","coordinates":[[[14.0625,39.375],[15.46875,39.375],[15.46875,40.78125],[14.0625,40.78125],[14.0625,39.375]]]},"properties":{"n":2}},{"type":"Feature","geometry":{"type":"Polygon","coordinates":[[[15.46875,37.96875],[16.875,37.96875],[16.875,39.375],[15.46875,39.375],[15.46875,37.96875]]]},"properties":{"n":2}},{"type":"Feature","geometry":{"type":"Polygon","coordinates":[[[14.0625,36.5625],[15.46875,36.5625],[15.46875,37.96875],[14.0625,37.96875],[14.0625,36.5625]]]},"properties":{"n":2}},{"type":"Feature","geometry":{"type":"Polygon","coordinates":[[[14.0625,33.75],[15.46875,33.75],[15.46875,35.15625],[14.0625,35.15625],[14.0625,33.75]]]},"properties":{"n":2}},{"type":"Feature","geometry":{"type":"Polygon","coordinates":[[[7.03125,36.5625],[8.4375,36.5625],[8.4375,37.96875],[7.03125,37.96875],[7.03125,36.5625]]]},"properties":{"n":2}},{"type":"Feature","geometry":{"type":"Polygon","coordinates":[[[15.46875,26.71875],[16.875,26.71875],[16.875,28.125],[15.46875,28.125],[15.46875,26.71875]]]},"properties":{"n":2}},{"type":"Feature","geometry":{"type":"Polygon","coordinates":[[[37.96875,19.6875],[39.375,19.6875],[39.375,21.09375],[37.96875,21.09375],[37.96875,19.6875]]]},"properties":{"n":2}},{"type":"Feature","geometry":{"type":"Polygon","coordinates":[[[16.875,14.0625],[18.28125,14.0625],[18.28125,15.46875],[16.875,15.46875],[16.875,14.0625]]]},"properties":{"n":2}},{"type":"Feature","geometry":{"type":"Polygon","coordinates":[[[175.78125,-36.5625],[177.1875,-36.5625],[177.1875,-35.15625],[175.78125,-35.15625],[175.78125,-36.5625]]]},"properties":{"n":2}},{"type":"Feature","geometry":{"type":"Polygon","coordinates":[[[174.375,-39.375],[175.78125,-39.375],[175.78125,-37.96875],[174.375,-37.96875],[174.375,-39.375]]]},"properties":{"n":2}},{"type":"Feature","geometry":{"type":"Polygon","coordinates":[[[172.96875,-36.5625],[174.375,-36.5625],[174.375,-35.15625],[172.96875,-35.15625],[172.96875,-36.5625]]]},"properties":{"n":2}},{"type":"Feature","geometry":{"type":"Polygon","coordinates":[[[150.46875,-36.5625],[151.875,-36.5625],[151.875,-35.15625],[150.46875,-35.15625],[150.46875,-36.5625]]]},"properties":{"n":2}},{"type":"Feature","geometry":{"type":"Polygon","coordinates":[[[149.0625,-36.5625],[150.46875,-36.5625],[150.46875,-35.15625],[149.0625,-35.15625],[149.0625,-36.5625]]]},"properties":{"n":2}},{"type":"Feature","geometry":{"type":"Polygon","coordinates":[[[146.25,-45],[147.65625,-45],[147.65625,-43.59375],[146.25,-43.59375],[146.25,-45]]]},"properties":{"n":2}},{"type":"Feature","geometry":{"type":"Polygon","coordinates":[[[140.625,-39.375],[142.03125,-39.375],[142.03125,-37.96875],[140.625,-37.96875],[140.625,-39.375]]]},"properties":{"n":2}},{"type":"Feature","geometry":{"type":"Polygon","coordinates":[[[43.59375,-19.6875],[45,-19.6875],[45,-18.28125],[43.59375,-18.28125],[43.59375,-19.6875]]]},"properties":{"n":2}},{"type":"Feature","geometry":{"type":"Polygon","coordinates":[[[8.4375,-4.21875],[9.84375,-4.21875],[9.84375,-2.8125],[8.4375,-2.8125],[8.4375,-4.21875]]]},"properties":{"n":2}},{"type":"Feature","geometry":{"type":"Polygon","coordinates":[[[9.84375,-18.28125],[11.25,-18.28125],[11.25,-16.875],[9.84375,-16.875],[9.84375,-18.28125]]]},"properties":{"n":2}},{"type":"Feature","geometry":{"type":"Polygon","coordinates":[[[30.9375,-30.9375],[32.34375,-30.9375],[32.34375,-29.53125],[30.9375,-29.53125],[30.9375,-30.9375]]]},"properties":{"n":2}},{"type":"Feature","geometry":{"type":"Polygon","coordinates":[[[28.125,-35.15625],[29.53125,-35.15625],[29.53125,-33.75],[28.125,-33.75],[28.125,-35.15625]]]},"properties":{"n":2}},{"type":"Feature","geometry":{"type":"Polygon","coordinates":[[[9.84375,-29.53125],[11.25,-29.53125],[11.25,-28.125],[9.84375,-28.125],[9.84375,-29.53125]]]},"properties":{"n":2}},{"type":"Feature","geometry":{"type":"Polygon","coordinates":[[[15.46875,-35.15625],[16.875,-35.15625],[16.875,-33.75],[15.46875,-33.75],[15.46875,-35.15625]]]},"properties":{"n":2}},{"type":"Feature","geometry":{"type":"Polygon","coordinates":[[[-1.40625,61.875],[0,61.875],[0,63.28125],[-1.40625,63.28125],[-1.40625,61.875]]]},"properties":{"n":2}},{"type":"Feature","geometry":{"type":"Polygon","coordinates":[[[-11.25,60.46875],[-9.84375,60.46875],[-9.84375,61.875],[-11.25,61.875],[-11.25,60.46875]]]},"properties":{"n":2}},{"type":"Feature","geometry":{"type":"Polygon","coordinates":[[[-9.84375,59.0625],[-8.4375,59.0625],[-8.4375,60.46875],[-9.84375,60.46875],[-9.84375,59.0625]]]},"properties":{"n":2}},{"type":"Feature","geometry":{"type":"Polygon","coordinates":[[[-15.46875,57.65625],[-14.0625,57.65625],[-14.0625,59.0625],[-15.46875,59.0625],[-15.46875,57.65625]]]},"properties":{"n":2}},{"type":"Feature","geometry":{"type":"Polygon","coordinates":[[[-15.46875,56.25],[-14.0625,56.25],[-14.0625,57.65625],[-15.46875,57.65625],[-15.46875,56.25]]]},"properties":{"n":2}},{"type":"Feature","geometry":{"type":"Polygon","coordinates":[[[-14.0625,54.84375],[-12.65625,54.84375],[-12.65625,56.25],[-14.0625,56.25],[-14.0625,54.84375]]]},"properties":{"n":2}},{"type":"Feature","geometry":{"type":"Polygon","coordinates":[[[-53.4375,53.4375],[-52.03125,53.4375],[-52.03125,54.84375],[-53.4375,54.84375],[-53.4375,53.4375]]]},"properties":{"n":2}},{"type":"Feature","geometry":{"type":"Polygon","coordinates":[[[-52.03125,52.03125],[-50.625,52.03125],[-50.625,53.4375],[-52.03125,53.4375],[-52.03125,52.03125]]]},"properties":{"n":2}},{"type":"Feature","geometry":{"type":"Polygon","coordinates":[[[-50.625,49.21875],[-49.21875,49.21875],[-49.21875,50.625],[-50.625,50.625],[-50.625,49.21875]]]},"properties":{"n":2}},{"type":"Feature","geometry":{"type":"Polygon","coordinates":[[[-46.40625,45],[-45,45],[-45,46.40625],[-46.40625,46.40625],[-46.40625,45]]]},"properties":{"n":2}},{"type":"Feature","geometry":{"type":"Polygon","coordinates":[[[-47.8125,45],[-46.40625,45],[-46.40625,46.40625],[-47.8125,46.40625],[-47.8125,45]]]},"properties":{"n":2}},{"type":"Feature","geometry":{"type":"Polygon","coordinates":[[[-49.21875,45],[-47.8125,45],[-47.8125,46.40625],[-49.21875,46.40625],[-49.21875,45]]]},"properties":{"n":2}},{"type":"Feature","geometry":{"type":"Polygon","coordinates":[[[-50.625,45],[-49.21875,45],[-49.21875,46.40625],[-50.625,46.40625],[-50.625,45]]]},"properties":{"n":2}},{"type":"Feature","geometry":{"type":"Polygon","coordinates":[[[-52.03125,49.21875],[-50.625,49.21875],[-50.625,50.625],[-52.03125,50.625],[-52.03125,49.21875]]]},"properties":{"n":2}},{"type":"Feature","geometry":{"type":"Polygon","coordinates":[[[-52.03125,45],[-50.625,45],[-50.625,46.40625],[-52.03125,46.40625],[-52.03125,45]]]},"properties":{"n":2}},{"type":"Feature","geometry":{"type":"Polygon","coordinates":[[[-59.0625,50.625],[-57.65625,50.625],[-57.65625,52.03125],[-59.0625,52.03125],[-59.0625,50.625]]]},"properties":{"n":2}},{"type":"Feature","geometry":{"type":"Polygon","coordinates":[[[-9.84375,40.78125],[-8.4375,40.78125],[-8.4375,42.1875],[-9.84375,42.1875],[-9.84375,40.78125]]]},"properties":{"n":2}},{"type":"Feature","geometry":{"type":"Polygon","coordinates":[[[-9.84375,33.75],[-8.4375,33.75],[-8.4375,35.15625],[-9.84375,35.15625],[-9.84375,33.75]]]},"properties":{"n":2}},{"type":"Feature","geometry":{"type":"Polygon","coordinates":[[[-15.46875,25.3125],[-14.0625,25.3125],[-14.0625,26.71875],[-15.46875,26.71875],[-15.46875,25.3125]]]},"properties":{"n":2}},{"type":"Feature","geometry":{"type":"Polygon","coordinates":[[[-18.28125,23.90625],[-16.875,23.90625],[-16.875,25.3125],[-18.28125,25.3125],[-18.28125,23.90625]]]},"properties":{"n":2}},{"type":"Feature","geometry":{"type":"Polygon","coordinates":[[[-28.125,37.96875],[-26.71875,37.96875],[-26.71875,39.375],[-28.125,39.375],[-28.125,37.96875]]]},"properties":{"n":2}},{"type":"Feature","geometry":{"type":"Polygon","coordinates":[[[-18.28125,21.09375],[-16.875,21.09375],[-16.875,22.5],[-18.28125,22.5],[-18.28125,21.09375]]]},"properties":{"n":2}},{"type":"Feature","geometry":{"type":"Polygon","coordinates":[[[-18.28125,12.65625],[-16.875,12.65625],[-16.875,14.0625],[-18.28125,14.0625],[-18.28125,12.65625]]]},"properties":{"n":2}},{"type":"Feature","geometry":{"type":"Polygon","coordinates":[[[-75.9375,40.78125],[-74.53125,40.78125],[-74.53125,42.1875],[-75.9375,42.1875],[-75.9375,40.78125]]]},"properties":{"n":2}},{"type":"Feature","geometry":{"type":"Polygon","coordinates":[[[-73.125,36.5625],[-71.71875,36.5625],[-71.71875,37.96875],[-73.125,37.96875],[-73.125,36.5625]]]},"properties":{"n":2}},{"type":"Feature","geometry":{"type":"Polygon","coordinates":[[[-78.75,33.75],[-77.34375,33.75],[-77.34375,35.15625],[-78.75,35.15625],[-78.75,33.75]]]},"properties":{"n":2}},{"type":"Feature","geometry":{"type":"Polygon","coordinates":[[[-74.53125,28.125],[-73.125,28.125],[-73.125,29.53125],[-74.53125,29.53125],[-74.53125,28.125]]]},"properties":{"n":2}},{"type":"Feature","geometry":{"type":"Polygon","coordinates":[[[-90,29.53125],[-88.59375,29.53125],[-88.59375,30.9375],[-90,30.9375],[-90,29.53125]]]},"properties":{"n":2}},{"type":"Feature","geometry":{"type":"Polygon","coordinates":[[[-84.375,25.3125],[-82.96875,25.3125],[-82.96875,26.71875],[-84.375,26.71875],[-84.375,25.3125]]]},"properties":{"n":2}},{"type":"Feature","geometry":{"type":"Polygon","coordinates":[[[-80.15625,22.5],[-78.75,22.5],[-78.75,23.90625],[-80.15625,23.90625],[-80.15625,22.5]]]},"properties":{"n":2}},{"type":"Feature","geometry":{"type":"Polygon","coordinates":[[[-82.96875,22.5],[-81.5625,22.5],[-81.5625,23.90625],[-82.96875,23.90625],[-82.96875,22.5]]]},"properties":{"n":2}},{"type":"Feature","geometry":{"type":"Polygon","coordinates":[[[-87.1875,23.90625],[-85.78125,23.90625],[-85.78125,25.3125],[-87.1875,25.3125],[-87.1875,23.90625]]]},"properties":{"n":2}},{"type":"Feature","geometry":{"type":"Polygon","coordinates":[[[-87.1875,22.5],[-85.78125,22.5],[-85.78125,23.90625],[-87.1875,23.90625],[-87.1875,22.5]]]},"properties":{"n":2}},{"type":"Feature","geometry":{"type":"Polygon","coordinates":[[[-67.5,16.875],[-66.09375,16.875],[-66.09375,18.28125],[-67.5,18.28125],[-67.5,16.875]]]},"properties":{"n":2}},{"type":"Feature","geometry":{"type":"Polygon","coordinates":[[[-71.71875,19.6875],[-70.3125,19.6875],[-70.3125,21.09375],[-71.71875,21.09375],[-71.71875,19.6875]]]},"properties":{"n":2}},{"type":"Feature","geometry":{"type":"Polygon","coordinates":[[[-84.375,16.875],[-82.96875,16.875],[-82.96875,18.28125],[-84.375,18.28125],[-84.375,16.875]]]},"properties":{"n":2}},{"type":"Feature","geometry":{"type":"Polygon","coordinates":[[[-82.96875,15.46875],[-81.5625,15.46875],[-81.5625,16.875],[-82.96875,16.875],[-82.96875,15.46875]]]},"properties":{"n":2}},{"type":"Feature","geometry":{"type":"Polygon","coordinates":[[[-77.34375,5.625],[-75.9375,5.625],[-75.9375,7.03125],[-77.34375,7.03125],[-77.34375,5.625]]]},"properties":{"n":2}},{"type":"Feature","geometry":{"type":"Polygon","coordinates":[[[-81.5625,8.4375],[-80.15625,8.4375],[-80.15625,9.84375],[-81.5625,9.84375],[-81.5625,8.4375]]]},"properties":{"n":2}},{"type":"Feature","geometry":{"type":"Polygon","coordinates":[[[-127.96875,52.03125],[-126.5625,52.03125],[-126.5625,53.4375],[-127.96875,53.4375],[-127.96875,52.03125]]]},"properties":{"n":2}},{"type":"Feature","geometry":{"type":"Polygon","coordinates":[[[-137.8125,57.65625],[-136.40625,57.65625],[-136.40625,59.0625],[-137.8125,59.0625],[-137.8125,57.65625]]]},"properties":{"n":2}},{"type":"Feature","geometry":{"type":"Polygon","coordinates":[[[-142.03125,59.0625],[-140.625,59.0625],[-140.625,60.46875],[-142.03125,60.46875],[-142.03125,59.0625]]]},"properties":{"n":2}},{"type":"Feature","geometry":{"type":"Polygon","coordinates":[[[-143.4375,59.0625],[-142.03125,59.0625],[-142.03125,60.46875],[-143.4375,60.46875],[-143.4375,59.0625]]]},"properties":{"n":2}},{"type":"Feature","geometry":{"type":"Polygon","coordinates":[[[-160.3125,54.84375],[-158.90625,54.84375],[-158.90625,56.25],[-160.3125,56.25],[-160.3125,54.84375]]]},"properties":{"n":2}},{"type":"Feature","geometry":{"type":"Polygon","coordinates":[[[-167.34375,52.03125],[-165.9375,52.03125],[-165.9375,53.4375],[-167.34375,53.4375],[-167.34375,52.03125]]]},"properties":{"n":2}},{"type":"Feature","geometry":{"type":"Polygon","coordinates":[[[-92.8125,26.71875],[-91.40625,26.71875],[-91.40625,28.125],[-92.8125,28.125],[-92.8125,26.71875]]]},"properties":{"n":2}},{"type":"Feature","geometry":{"type":"Polygon","coordinates":[[[-91.40625,22.5],[-90,22.5],[-90,23.90625],[-91.40625,23.90625],[-91.40625,22.5]]]},"properties":{"n":2}},{"type":"Feature","geometry":{"type":"Polygon","coordinates":[[[-112.5,28.125],[-111.09375,28.125],[-111.09375,29.53125],[-112.5,29.53125],[-112.5,28.125]]]},"properties":{"n":2}},{"type":"Feature","geometry":{"type":"Polygon","coordinates":[[[-111.09375,25.3125],[-109.6875,25.3125],[-109.6875,26.71875],[-111.09375,26.71875],[-111.09375,25.3125]]]},"properties":{"n":2}},{"type":"Feature","geometry":{"type":"Polygon","coordinates":[[[-109.6875,23.90625],[-108.28125,23.90625],[-108.28125,25.3125],[-109.6875,25.3125],[-109.6875,23.90625]]]},"properties":{"n":2}},{"type":"Feature","geometry":{"type":"Polygon","coordinates":[[[-108.28125,22.5],[-106.875,22.5],[-106.875,23.90625],[-108.28125,23.90625],[-108.28125,22.5]]]},"properties":{"n":2}},{"type":"Feature","geometry":{"type":"Polygon","coordinates":[[[-129.375,40.78125],[-127.96875,40.78125],[-127.96875,42.1875],[-129.375,42.1875],[-129.375,40.78125]]]},"properties":{"n":2}},{"type":"Feature","geometry":{"type":"Polygon","coordinates":[[[-127.96875,37.96875],[-126.5625,37.96875],[-126.5625,39.375],[-127.96875,39.375],[-127.96875,37.96875]]]},"properties":{"n":2}},{"type":"Feature","geometry":{"type":"Polygon","coordinates":[[[-127.96875,36.5625],[-126.5625,36.5625],[-126.5625,37.96875],[-127.96875,37.96875],[-127.96875,36.5625]]]},"properties":{"n":2}},{"type":"Feature","geometry":{"type":"Polygon","coordinates":[[[-127.96875,35.15625],[-126.5625,35.15625],[-126.5625,36.5625],[-127.96875,36.5625],[-127.96875,35.15625]]]},"properties":{"n":2}},{"type":"Feature","geometry":{"type":"Polygon","coordinates":[[[-92.8125,19.6875],[-91.40625,19.6875],[-91.40625,21.09375],[-92.8125,21.09375],[-92.8125,19.6875]]]},"properties":{"n":2}},{"type":"Feature","geometry":{"type":"Polygon","coordinates":[[[-45,-23.90625],[-43.59375,-23.90625],[-43.59375,-22.5],[-45,-22.5],[-45,-23.90625]]]},"properties":{"n":2}},{"type":"Feature","geometry":{"type":"Polygon","coordinates":[[[-81.5625,-4.21875],[-80.15625,-4.21875],[-80.15625,-2.8125],[-81.5625,-2.8125],[-81.5625,-4.21875]]]},"properties":{"n":2}},{"type":"Feature","geometry":{"type":"Polygon","coordinates":[[[-46.40625,-23.90625],[-45,-23.90625],[-45,-22.5],[-46.40625,-22.5],[-46.40625,-23.90625]]]},"properties":{"n":2}},{"type":"Feature","geometry":{"type":"Polygon","coordinates":[[[-47.8125,-30.9375],[-46.40625,-30.9375],[-46.40625,-29.53125],[-47.8125,-29.53125],[-47.8125,-30.9375]]]},"properties":{"n":2}},{"type":"Feature","geometry":{"type":"Polygon","coordinates":[[[-53.4375,-33.75],[-52.03125,-33.75],[-52.03125,-32.34375],[-53.4375,-32.34375],[-53.4375,-33.75]]]},"properties":{"n":2}},{"type":"Feature","geometry":{"type":"Polygon","coordinates":[[[-56.25,-35.15625],[-54.84375,-35.15625],[-54.84375,-33.75],[-56.25,-33.75],[-56.25,-35.15625]]]},"properties":{"n":2}},{"type":"Feature","geometry":{"type":"Polygon","coordinates":[[[-63.28125,-42.1875],[-61.875,-42.1875],[-61.875,-40.78125],[-63.28125,-40.78125],[-63.28125,-42.1875]]]},"properties":{"n":2}},{"type":"Feature","geometry":{"type":"Polygon","coordinates":[[[-73.125,-33.75],[-71.71875,-33.75],[-71.71875,-32.34375],[-73.125,-32.34375],[-73.125,-33.75]]]},"properties":{"n":2}},{"type":"Feature","geometry":{"type":"Polygon","coordinates":[[[-73.125,-35.15625],[-71.71875,-35.15625],[-71.71875,-33.75],[-73.125,-33.75],[-73.125,-35.15625]]]},"properties":{"n":2}},{"type":"Feature","geometry":{"type":"Polygon","coordinates":[[[-73.125,-42.1875],[-71.71875,-42.1875],[-71.71875,-40.78125],[-73.125,-40.78125],[-73.125,-42.1875]]]},"properties":{"n":2}},{"type":"Feature","geometry":{"type":"Polygon","coordinates":[[[-57.65625,-49.21875],[-56.25,-49.21875],[-56.25,-47.8125],[-57.65625,-47.8125],[-57.65625,-49.21875]]]},"properties":{"n":2}},{"type":"Feature","geometry":{"type":"Polygon","coordinates":[[[-59.0625,-54.84375],[-57.65625,-54.84375],[-57.65625,-53.4375],[-59.0625,-53.4375],[-59.0625,-54.84375]]]},"properties":{"n":2}},{"type":"Feature","geometry":{"type":"Polygon","coordinates":[[[-67.5,-53.4375],[-66.09375,-53.4375],[-66.09375,-52.03125],[-67.5,-52.03125],[-67.5,-53.4375]]]},"properties":{"n":2}},{"type":"Feature","geometry":{"type":"Polygon","coordinates":[[[-70.3125,-49.21875],[-68.90625,-49.21875],[-68.90625,-47.8125],[-70.3125,-47.8125],[-70.3125,-49.21875]]]},"properties":{"n":2}},{"type":"Feature","geometry":{"type":"Polygon","coordinates":[[[-74.53125,-46.40625],[-73.125,-46.40625],[-73.125,-45],[-74.53125,-45],[-74.53125,-46.40625]]]},"properties":{"n":2}},{"type":"Feature","geometry":{"type":"Polygon","coordinates":[[[99.84375,7.03125],[101.25,7.03125],[101.25,8.4375],[99.84375,8.4375],[99.84375,7.03125]]]},"properties":{"n":1}},{"type":"Feature","geometry":{"type":"Polygon","coordinates":[[[28.125,70.3125],[29.53125,70.3125],[29.53125,71.71875],[28.125,71.71875],[28.125,70.3125]]]},"properties":{"n":1}},{"type":"Feature","geometry":{"type":"Polygon","coordinates":[[[16.875,71.71875],[18.28125,71.71875],[18.28125,73.125],[16.875,73.125],[16.875,71.71875]]]},"properties":{"n":1}},{"type":"Feature","geometry":{"type":"Polygon","coordinates":[[[18.28125,70.3125],[19.6875,70.3125],[19.6875,71.71875],[18.28125,71.71875],[18.28125,70.3125]]]},"properties":{"n":1}},{"type":"Feature","geometry":{"type":"Polygon","coordinates":[[[19.6875,68.90625],[21.09375,68.90625],[21.09375,70.3125],[19.6875,70.3125],[19.6875,68.90625]]]},"properties":{"n":1}},{"type":"Feature","geometry":{"type":"Polygon","coordinates":[[[18.28125,68.90625],[19.6875,68.90625],[19.6875,70.3125],[18.28125,70.3125],[18.28125,68.90625]]]},"properties":{"n":1}},{"type":"Feature","geometry":{"type":"Polygon","coordinates":[[[14.0625,70.3125],[15.46875,70.3125],[15.46875,71.71875],[14.0625,71.71875],[14.0625,70.3125]]]},"properties":{"n":1}},{"type":"Feature","geometry":{"type":"Polygon","coordinates":[[[15.46875,67.5],[16.875,67.5],[16.875,68.90625],[15.46875,68.90625],[15.46875,67.5]]]},"properties":{"n":1}},{"type":"Feature","geometry":{"type":"Polygon","coordinates":[[[12.65625,68.90625],[14.0625,68.90625],[14.0625,70.3125],[12.65625,70.3125],[12.65625,68.90625]]]},"properties":{"n":1}},{"type":"Feature","geometry":{"type":"Polygon","coordinates":[[[14.0625,66.09375],[15.46875,66.09375],[15.46875,67.5],[14.0625,67.5],[14.0625,66.09375]]]},"properties":{"n":1}},{"type":"Feature","geometry":{"type":"Polygon","coordinates":[[[12.65625,56.25],[14.0625,56.25],[14.0625,57.65625],[12.65625,57.65625],[12.65625,56.25]]]},"properties":{"n":1}},{"type":"Feature","geometry":{"type":"Polygon","coordinates":[[[7.03125,60.46875],[8.4375,60.46875],[8.4375,61.875],[7.03125,61.875],[7.03125,60.46875]]]},"properties":{"n":1}},{"type":"Feature","geometry":{"type":"Polygon","coordinates":[[[15.46875,53.4375],[16.875,53.4375],[16.875,54.84375],[15.46875,54.84375],[15.46875,53.4375]]]},"properties":{"n":1}},{"type":"Feature","geometry":{"type":"Polygon","coordinates":[[[14.0625,53.4375],[15.46875,53.4375],[15.46875,54.84375],[14.0625,54.84375],[14.0625,53.4375]]]},"properties":{"n":1}},{"type":"Feature","geometry":{"type":"Polygon","coordinates":[[[11.25,45],[12.65625,45],[12.65625,46.40625],[11.25,46.40625],[11.25,45]]]},"properties":{"n":1}},{"type":"Feature","geometry":{"type":"Polygon","coordinates":[[[9.84375,53.4375],[11.25,53.4375],[11.25,54.84375],[9.84375,54.84375],[9.84375,53.4375]]]},"properties":{"n":1}},{"type":"Feature","geometry":{"type":"Polygon","coordinates":[[[4.21875,52.03125],[5.625,52.03125],[5.625,53.4375],[4.21875,53.4375],[4.21875,52.03125]]]},"properties":{"n":1}},{"type":"Feature","geometry":{"type":"Polygon","coordinates":[[[2.8125,52.03125],[4.21875,52.03125],[4.21875,53.4375],[2.8125,53.4375],[2.8125,52.03125]]]},"properties":{"n":1}},{"type":"Feature","geometry":{"type":"Polygon","coordinates":[[[1.40625,52.03125],[2.8125,52.03125],[2.8125,53.4375],[1.40625,53.4375],[1.40625,52.03125]]]},"properties":{"n":1}},{"type":"Feature","geometry":{"type":"Polygon","coordinates":[[[87.1875,28.125],[88.59375,28.125],[88.59375,29.53125],[87.1875,29.53125],[87.1875,28.125]]]},"properties":{"n":1}},{"type":"Feature","geometry":{"type":"Polygon","coordinates":[[[85.78125,28.125],[87.1875,28.125],[87.1875,29.53125],[85.78125,29.53125],[85.78125,28.125]]]},"properties":{"n":1}},{"type":"Feature","geometry":{"type":"Polygon","coordinates":[[[82.96875,23.90625],[84.375,23.90625],[84.375,25.3125],[82.96875,25.3125],[82.96875,23.90625]]]},"properties":{"n":1}},{"type":"Feature","geometry":{"type":"Polygon","coordinates":[[[66.09375,40.78125],[67.5,40.78125],[67.5,42.1875],[66.09375,42.1875],[66.09375,40.78125]]]},"properties":{"n":1}},{"type":"Feature","geometry":{"type":"Polygon","coordinates":[[[78.75,5.625],[80.15625,5.625],[80.15625,7.03125],[78.75,7.03125],[78.75,5.625]]]},"properties":{"n":1}},{"type":"Feature","geometry":{"type":"Polygon","coordinates":[[[25.3125,39.375],[26.71875,39.375],[26.71875,40.78125],[25.3125,40.78125],[25.3125,39.375]]]},"properties":{"n":1}},{"type":"Feature","geometry":{"type":"Polygon","coordinates":[[[32.34375,33.75],[33.75,33.75],[33.75,35.15625],[32.34375,35.15625],[32.34375,33.75]]]},"properties":{"n":1}},{"type":"Feature","geometry":{"type":"Polygon","coordinates":[[[23.90625,35.15625],[25.3125,35.15625],[25.3125,36.5625],[23.90625,36.5625],[23.90625,35.15625]]]},"properties":{"n":1}},{"type":"Feature","geometry":{"type":"Polygon","coordinates":[[[37.96875,23.90625],[39.375,23.90625],[39.375,25.3125],[37.96875,25.3125],[37.96875,23.90625]]]},"properties":{"n":1}},{"type":"Feature","geometry":{"type":"Polygon","coordinates":[[[16.875,39.375],[18.28125,39.375],[18.28125,40.78125],[16.875,40.78125],[16.875,39.375]]]},"properties":{"n":1}},{"type":"Feature","geometry":{"type":"Polygon","coordinates":[[[12.65625,42.1875],[14.0625,42.1875],[14.0625,43.59375],[12.65625,43.59375],[12.65625,42.1875]]]},"properties":{"n":1}},{"type":"Feature","geometry":{"type":"Polygon","coordinates":[[[11.25,40.78125],[12.65625,40.78125],[12.65625,42.1875],[11.25,42.1875],[11.25,40.78125]]]},"properties":{"n":1}},{"type":"Feature","geometry":{"type":"Polygon","coordinates":[[[21.09375,36.5625],[22.5,36.5625],[22.5,37.96875],[21.09375,37.96875],[21.09375,36.5625]]]},"properties":{"n":1}},{"type":"Feature","geometry":{"type":"Polygon","coordinates":[[[11.25,37.96875],[12.65625,37.96875],[12.65625,39.375],[11.25,39.375],[11.25,37.96875]]]},"properties":{"n":1}},{"type":"Feature","geometry":{"type":"Polygon","coordinates":[[[7.03125,42.1875],[8.4375,42.1875],[8.4375,43.59375],[7.03125,43.59375],[7.03125,42.1875]]]},"properties":{"n":1}},{"type":"Feature","geometry":{"type":"Polygon","coordinates":[[[5.625,42.1875],[7.03125,42.1875],[7.03125,43.59375],[5.625,43.59375],[5.625,42.1875]]]},"properties":{"n":1}},{"type":"Feature","geometry":{"type":"Polygon","coordinates":[[[174.375,-35.15625],[175.78125,-35.15625],[175.78125,-33.75],[174.375,-33.75],[174.375,-35.15625]]]},"properties":{"n":1}},{"type":"Feature","geometry":{"type":"Polygon","coordinates":[[[178.59375,-37.96875],[180,-37.96875],[180,-36.5625],[178.59375,-36.5625],[178.59375,-37.96875]]]},"properties":{"n":1}},{"type":"Feature","geometry":{"type":"Polygon","coordinates":[[[177.1875,-37.96875],[178.59375,-37.96875],[178.59375,-36.5625],[177.1875,-36.5625],[177.1875,-37.96875]]]},"properties":{"n":1}},{"type":"Feature","geometry":{"type":"Polygon","coordinates":[[[175.78125,-37.96875],[177.1875,-37.96875],[177.1875,-36.5625],[175.78125,-36.5625],[175.78125,-37.96875]]]},"properties":{"n":1}},{"type":"Feature","geometry":{"type":"Polygon","coordinates":[[[174.375,-37.96875],[175.78125,-37.96875],[175.78125,-36.5625],[174.375,-36.5625],[174.375,-37.96875]]]},"properties":{"n":1}},{"type":"Feature","geometry":{"type":"Polygon","coordinates":[[[171.5625,-35.15625],[172.96875,-35.15625],[172.96875,-33.75],[171.5625,-33.75],[171.5625,-35.15625]]]},"properties":{"n":1}},{"type":"Feature","geometry":{"type":"Polygon","coordinates":[[[171.5625,-36.5625],[172.96875,-36.5625],[172.96875,-35.15625],[171.5625,-35.15625],[171.5625,-36.5625]]]},"properties":{"n":1}},{"type":"Feature","geometry":{"type":"Polygon","coordinates":[[[168.75,-39.375],[170.15625,-39.375],[170.15625,-37.96875],[168.75,-37.96875],[168.75,-39.375]]]},"properties":{"n":1}},{"type":"Feature","geometry":{"type":"Polygon","coordinates":[[[177.1875,-47.8125],[178.59375,-47.8125],[178.59375,-46.40625],[177.1875,-46.40625],[177.1875,-47.8125]]]},"properties":{"n":1}},{"type":"Feature","geometry":{"type":"Polygon","coordinates":[[[168.75,-46.40625],[170.15625,-46.40625],[170.15625,-45],[168.75,-45],[168.75,-46.40625]]]},"properties":{"n":1}},{"type":"Feature","geometry":{"type":"Polygon","coordinates":[[[171.5625,-54.84375],[172.96875,-54.84375],[172.96875,-53.4375],[171.5625,-53.4375],[171.5625,-54.84375]]]},"properties":{"n":1}},{"type":"Feature","geometry":{"type":"Polygon","coordinates":[[[164.53125,-46.40625],[165.9375,-46.40625],[165.9375,-45],[164.53125,-45],[164.53125,-46.40625]]]},"properties":{"n":1}},{"type":"Feature","geometry":{"type":"Polygon","coordinates":[[[164.53125,-49.21875],[165.9375,-49.21875],[165.9375,-47.8125],[164.53125,-47.8125],[164.53125,-49.21875]]]},"properties":{"n":1}},{"type":"Feature","geometry":{"type":"Polygon","coordinates":[[[164.53125,-52.03125],[165.9375,-52.03125],[165.9375,-50.625],[164.53125,-50.625],[164.53125,-52.03125]]]},"properties":{"n":1}},{"type":"Feature","geometry":{"type":"Polygon","coordinates":[[[71.71875,-37.96875],[73.125,-37.96875],[73.125,-36.5625],[71.71875,-36.5625],[71.71875,-37.96875]]]},"properties":{"n":1}},{"type":"Feature","geometry":{"type":"Polygon","coordinates":[[[9.84375,-5.625],[11.25,-5.625],[11.25,-4.21875],[9.84375,-4.21875],[9.84375,-5.625]]]},"properties":{"n":1}},{"type":"Feature","geometry":{"type":"Polygon","coordinates":[[[9.84375,-7.03125],[11.25,-7.03125],[11.25,-5.625],[9.84375,-5.625],[9.84375,-7.03125]]]},"properties":{"n":1}},{"type":"Feature","geometry":{"type":"Polygon","coordinates":[[[11.25,-14.0625],[12.65625,-14.0625],[12.65625,-12.65625],[11.25,-12.65625],[11.25,-14.0625]]]},"properties":{"n":1}},{"type":"Feature","geometry":{"type":"Polygon","coordinates":[[[12.65625,-19.6875],[14.0625,-19.6875],[14.0625,-18.28125],[12.65625,-18.28125],[12.65625,-19.6875]]]},"properties":{"n":1}},{"type":"Feature","geometry":{"type":"Polygon","coordinates":[[[32.34375,-28.125],[33.75,-28.125],[33.75,-26.71875],[32.34375,-26.71875],[32.34375,-28.125]]]},"properties":{"n":1}},{"type":"Feature","geometry":{"type":"Polygon","coordinates":[[[42.1875,-35.15625],[43.59375,-35.15625],[43.59375,-33.75],[42.1875,-33.75],[42.1875,-35.15625]]]},"properties":{"n":1}},{"type":"Feature","geometry":{"type":"Polygon","coordinates":[[[33.75,-35.15625],[35.15625,-35.15625],[35.15625,-33.75],[33.75,-33.75],[33.75,-35.15625]]]},"properties":{"n":1}},{"type":"Feature","geometry":{"type":"Polygon","coordinates":[[[14.0625,-23.90625],[15.46875,-23.90625],[15.46875,-22.5],[14.0625,-22.5],[14.0625,-23.90625]]]},"properties":{"n":1}},{"type":"Feature","geometry":{"type":"Polygon","coordinates":[[[12.65625,-28.125],[14.0625,-28.125],[14.0625,-26.71875],[12.65625,-26.71875],[12.65625,-28.125]]]},"properties":{"n":1}},{"type":"Feature","geometry":{"type":"Polygon","coordinates":[[[0,-42.1875],[1.40625,-42.1875],[1.40625,-40.78125],[0,-40.78125],[0,-42.1875]]]},"properties":{"n":1}},{"type":"Feature","geometry":{"type":"Polygon","coordinates":[[[-5.625,56.25],[-4.21875,56.25],[-4.21875,57.65625],[-5.625,57.65625],[-5.625,56.25]]]},"properties":{"n":1}},{"type":"Feature","geometry":{"type":"Polygon","coordinates":[[[-1.40625,50.625],[0,50.625],[0,52.03125],[-1.40625,52.03125],[-1.40625,50.625]]]},"properties":{"n":1}},{"type":"Feature","geometry":{"type":"Polygon","coordinates":[[[-15.46875,54.84375],[-14.0625,54.84375],[-14.0625,56.25],[-15.46875,56.25],[-15.46875,54.84375]]]},"properties":{"n":1}},{"type":"Feature","geometry":{"type":"Polygon","coordinates":[[[-18.28125,54.84375],[-16.875,54.84375],[-16.875,56.25],[-18.28125,56.25],[-18.28125,54.84375]]]},"properties":{"n":1}},{"type":"Feature","geometry":{"type":"Polygon","coordinates":[[[-18.28125,53.4375],[-16.875,53.4375],[-16.875,54.84375],[-18.28125,54.84375],[-18.28125,53.4375]]]},"properties":{"n":1}},{"type":"Feature","geometry":{"type":"Polygon","coordinates":[[[-61.875,59.0625],[-60.46875,59.0625],[-60.46875,60.46875],[-61.875,60.46875],[-61.875,59.0625]]]},"properties":{"n":1}},{"type":"Feature","geometry":{"type":"Polygon","coordinates":[[[-57.65625,56.25],[-56.25,56.25],[-56.25,57.65625],[-57.65625,57.65625],[-57.65625,56.25]]]},"properties":{"n":1}},{"type":"Feature","geometry":{"type":"Polygon","coordinates":[[[-59.0625,56.25],[-57.65625,56.25],[-57.65625,57.65625],[-59.0625,57.65625],[-59.0625,56.25]]]},"properties":{"n":1}},{"type":"Feature","geometry":{"type":"Polygon","coordinates":[[[-60.46875,56.25],[-59.0625,56.25],[-59.0625,57.65625],[-60.46875,57.65625],[-60.46875,56.25]]]},"properties":{"n":1}},{"type":"Feature","geometry":{"type":"Polygon","coordinates":[[[-54.84375,54.84375],[-53.4375,54.84375],[-53.4375,56.25],[-54.84375,56.25],[-54.84375,54.84375]]]},"properties":{"n":1}},{"type":"Feature","geometry":{"type":"Polygon","coordinates":[[[-56.25,54.84375],[-54.84375,54.84375],[-54.84375,56.25],[-56.25,56.25],[-56.25,54.84375]]]},"properties":{"n":1}},{"type":"Feature","geometry":{"type":"Polygon","coordinates":[[[-53.4375,50.625],[-52.03125,50.625],[-52.03125,52.03125],[-53.4375,52.03125],[-53.4375,50.625]]]},"properties":{"n":1}},{"type":"Feature","geometry":{"type":"Polygon","coordinates":[[[-54.84375,52.03125],[-53.4375,52.03125],[-53.4375,53.4375],[-54.84375,53.4375],[-54.84375,52.03125]]]},"properties":{"n":1}},{"type":"Feature","geometry":{"type":"Polygon","coordinates":[[[-46.40625,47.8125],[-45,47.8125],[-45,49.21875],[-46.40625,49.21875],[-46.40625,47.8125]]]},"properties":{"n":1}},{"type":"Feature","geometry":{"type":"Polygon","coordinates":[[[-47.8125,47.8125],[-46.40625,47.8125],[-46.40625,49.21875],[-47.8125,49.21875],[-47.8125,47.8125]]]},"properties":{"n":1}},{"type":"Feature","geometry":{"type":"Polygon","coordinates":[[[-49.21875,47.8125],[-47.8125,47.8125],[-47.8125,49.21875],[-49.21875,49.21875],[-49.21875,47.8125]]]},"properties":{"n":1}},{"type":"Feature","geometry":{"type":"Polygon","coordinates":[[[-56.25,47.8125],[-54.84375,47.8125],[-54.84375,49.21875],[-56.25,49.21875],[-56.25,47.8125]]]},"properties":{"n":1}},{"type":"Feature","geometry":{"type":"Polygon","coordinates":[[[-68.90625,49.21875],[-67.5,49.21875],[-67.5,50.625],[-68.90625,50.625],[-68.90625,49.21875]]]},"properties":{"n":1}},{"type":"Feature","geometry":{"type":"Polygon","coordinates":[[[-2.8125,35.15625],[-1.40625,35.15625],[-1.40625,36.5625],[-2.8125,36.5625],[-2.8125,35.15625]]]},"properties":{"n":1}},{"type":"Feature","geometry":{"type":"Polygon","coordinates":[[[-5.625,33.75],[-4.21875,33.75],[-4.21875,35.15625],[-5.625,35.15625],[-5.625,33.75]]]},"properties":{"n":1}},{"type":"Feature","geometry":{"type":"Polygon","coordinates":[[[-7.03125,33.75],[-5.625,33.75],[-5.625,35.15625],[-7.03125,35.15625],[-7.03125,33.75]]]},"properties":{"n":1}},{"type":"Feature","geometry":{"type":"Polygon","coordinates":[[[-9.84375,30.9375],[-8.4375,30.9375],[-8.4375,32.34375],[-9.84375,32.34375],[-9.84375,30.9375]]]},"properties":{"n":1}},{"type":"Feature","geometry":{"type":"Polygon","coordinates":[[[-11.25,30.9375],[-9.84375,30.9375],[-9.84375,32.34375],[-11.25,32.34375],[-11.25,30.9375]]]},"properties":{"n":1}},{"type":"Feature","geometry":{"type":"Polygon","coordinates":[[[-12.65625,28.125],[-11.25,28.125],[-11.25,29.53125],[-12.65625,29.53125],[-12.65625,28.125]]]},"properties":{"n":1}},{"type":"Feature","geometry":{"type":"Polygon","coordinates":[[[-16.875,25.3125],[-15.46875,25.3125],[-15.46875,26.71875],[-16.875,26.71875],[-16.875,25.3125]]]},"properties":{"n":1}},{"type":"Feature","geometry":{"type":"Polygon","coordinates":[[[-16.875,23.90625],[-15.46875,23.90625],[-15.46875,25.3125],[-16.875,25.3125],[-16.875,23.90625]]]},"properties":{"n":1}},{"type":"Feature","geometry":{"type":"Polygon","coordinates":[[[-26.71875,36.5625],[-25.3125,36.5625],[-25.3125,37.96875],[-26.71875,37.96875],[-26.71875,36.5625]]]},"properties":{"n":1}},{"type":"Feature","geometry":{"type":"Polygon","coordinates":[[[-29.53125,37.96875],[-28.125,37.96875],[-28.125,39.375],[-29.53125,39.375],[-29.53125,37.96875]]]},"properties":{"n":1}},{"type":"Feature","geometry":{"type":"Polygon","coordinates":[[[-18.28125,16.875],[-16.875,16.875],[-16.875,18.28125],[-18.28125,18.28125],[-18.28125,16.875]]]},"properties":{"n":1}},{"type":"Feature","geometry":{"type":"Polygon","coordinates":[[[-16.875,15.46875],[-15.46875,15.46875],[-15.46875,16.875],[-16.875,16.875],[-16.875,15.46875]]]},"properties":{"n":1}},{"type":"Feature","geometry":{"type":"Polygon","coordinates":[[[-53.4375,42.1875],[-52.03125,42.1875],[-52.03125,43.59375],[-53.4375,43.59375],[-53.4375,42.1875]]]},"properties":{"n":1}},{"type":"Feature","geometry":{"type":"Polygon","coordinates":[[[-56.25,39.375],[-54.84375,39.375],[-54.84375,40.78125],[-56.25,40.78125],[-56.25,39.375]]]},"properties":{"n":1}},{"type":"Feature","geometry":{"type":"Polygon","coordinates":[[[-57.65625,40.78125],[-56.25,40.78125],[-56.25,42.1875],[-57.65625,42.1875],[-57.65625,40.78125]]]},"properties":{"n":1}},{"type":"Feature","geometry":{"type":"Polygon","coordinates":[[[-61.875,40.78125],[-60.46875,40.78125],[-60.46875,42.1875],[-61.875,42.1875],[-61.875,40.78125]]]},"properties":{"n":1}},{"type":"Feature","geometry":{"type":"Polygon","coordinates":[[[-67.5,37.96875],[-66.09375,37.96875],[-66.09375,39.375],[-67.5,39.375],[-67.5,37.96875]]]},"properties":{"n":1}},{"type":"Feature","geometry":{"type":"Polygon","coordinates":[[[-75.9375,39.375],[-74.53125,39.375],[-74.53125,40.78125],[-75.9375,40.78125],[-75.9375,39.375]]]},"properties":{"n":1}},{"type":"Feature","geometry":{"type":"Polygon","coordinates":[[[-80.15625,39.375],[-78.75,39.375],[-78.75,40.78125],[-80.15625,40.78125],[-80.15625,39.375]]]},"properties":{"n":1}},{"type":"Feature","geometry":{"type":"Polygon","coordinates":[[[-81.5625,39.375],[-80.15625,39.375],[-80.15625,40.78125],[-81.5625,40.78125],[-81.5625,39.375]]]},"properties":{"n":1}},{"type":"Feature","geometry":{"type":"Polygon","coordinates":[[[-87.1875,40.78125],[-85.78125,40.78125],[-85.78125,42.1875],[-87.1875,42.1875],[-87.1875,40.78125]]]},"properties":{"n":1}},{"type":"Feature","geometry":{"type":"Polygon","coordinates":[[[-75.9375,32.34375],[-74.53125,32.34375],[-74.53125,33.75],[-75.9375,33.75],[-75.9375,32.34375]]]},"properties":{"n":1}},{"type":"Feature","geometry":{"type":"Polygon","coordinates":[[[-78.75,28.125],[-77.34375,28.125],[-77.34375,29.53125],[-78.75,29.53125],[-78.75,28.125]]]},"properties":{"n":1}},{"type":"Feature","geometry":{"type":"Polygon","coordinates":[[[-78.75,26.71875],[-77.34375,26.71875],[-77.34375,28.125],[-78.75,28.125],[-78.75,26.71875]]]},"properties":{"n":1}},{"type":"Feature","geometry":{"type":"Polygon","coordinates":[[[-81.5625,30.9375],[-80.15625,30.9375],[-80.15625,32.34375],[-81.5625,32.34375],[-81.5625,30.9375]]]},"properties":{"n":1}},{"type":"Feature","geometry":{"type":"Polygon","coordinates":[[[-82.96875,29.53125],[-81.5625,29.53125],[-81.5625,30.9375],[-82.96875,30.9375],[-82.96875,29.53125]]]},"properties":{"n":1}},{"type":"Feature","geometry":{"type":"Polygon","coordinates":[[[-81.5625,25.3125],[-80.15625,25.3125],[-80.15625,26.71875],[-81.5625,26.71875],[-81.5625,25.3125]]]},"properties":{"n":1}},{"type":"Feature","geometry":{"type":"Polygon","coordinates":[[[-84.375,26.71875],[-82.96875,26.71875],[-82.96875,28.125],[-84.375,28.125],[-84.375,26.71875]]]},"properties":{"n":1}},{"type":"Feature","geometry":{"type":"Polygon","coordinates":[[[-87.1875,26.71875],[-85.78125,26.71875],[-85.78125,28.125],[-87.1875,28.125],[-87.1875,26.71875]]]},"properties":{"n":1}},{"type":"Feature","geometry":{"type":"Polygon","coordinates":[[[-88.59375,26.71875],[-87.1875,26.71875],[-87.1875,28.125],[-88.59375,28.125],[-88.59375,26.71875]]]},"properties":{"n":1}},{"type":"Feature","geometry":{"type":"Polygon","coordinates":[[[-90,26.71875],[-88.59375,26.71875],[-88.59375,28.125],[-90,28.125],[-90,26.71875]]]},"properties":{"n":1}},{"type":"Feature","geometry":{"type":"Polygon","coordinates":[[[-67.5,9.84375],[-66.09375,9.84375],[-66.09375,11.25],[-67.5,11.25],[-67.5,9.84375]]]},"properties":{"n":1}},{"type":"Feature","geometry":{"type":"Polygon","coordinates":[[[-68.90625,11.25],[-67.5,11.25],[-67.5,12.65625],[-68.90625,12.65625],[-68.90625,11.25]]]},"properties":{"n":1}},{"type":"Feature","geometry":{"type":"Polygon","coordinates":[[[-71.71875,11.25],[-70.3125,11.25],[-70.3125,12.65625],[-71.71875,12.65625],[-71.71875,11.25]]]},"properties":{"n":1}},{"type":"Feature","geometry":{"type":"Polygon","coordinates":[[[-87.1875,21.09375],[-85.78125,21.09375],[-85.78125,22.5],[-87.1875,22.5],[-87.1875,21.09375]]]},"properties":{"n":1}},{"type":"Feature","geometry":{"type":"Polygon","coordinates":[[[-87.1875,19.6875],[-85.78125,19.6875],[-85.78125,21.09375],[-87.1875,21.09375],[-87.1875,19.6875]]]},"properties":{"n":1}},{"type":"Feature","geometry":{"type":"Polygon","coordinates":[[[-88.59375,19.6875],[-87.1875,19.6875],[-87.1875,21.09375],[-88.59375,21.09375],[-88.59375,19.6875]]]},"properties":{"n":1}},{"type":"Feature","geometry":{"type":"Polygon","coordinates":[[[-85.78125,15.46875],[-84.375,15.46875],[-84.375,16.875],[-85.78125,16.875],[-85.78125,15.46875]]]},"properties":{"n":1}},{"type":"Feature","geometry":{"type":"Polygon","coordinates":[[[-88.59375,15.46875],[-87.1875,15.46875],[-87.1875,16.875],[-88.59375,16.875],[-88.59375,15.46875]]]},"properties":{"n":1}},{"type":"Feature","geometry":{"type":"Polygon","coordinates":[[[-74.53125,9.84375],[-73.125,9.84375],[-73.125,11.25],[-74.53125,11.25],[-74.53125,9.84375]]]},"properties":{"n":1}},{"type":"Feature","geometry":{"type":"Polygon","coordinates":[[[-78.75,7.03125],[-77.34375,7.03125],[-77.34375,8.4375],[-78.75,8.4375],[-78.75,7.03125]]]},"properties":{"n":1}},{"type":"Feature","geometry":{"type":"Polygon","coordinates":[[[-80.15625,5.625],[-78.75,5.625],[-78.75,7.03125],[-80.15625,7.03125],[-80.15625,5.625]]]},"properties":{"n":1}},{"type":"Feature","geometry":{"type":"Polygon","coordinates":[[[-84.375,7.03125],[-82.96875,7.03125],[-82.96875,8.4375],[-84.375,8.4375],[-84.375,7.03125]]]},"properties":{"n":1}},{"type":"Feature","geometry":{"type":"Polygon","coordinates":[[[-85.78125,9.84375],[-84.375,9.84375],[-84.375,11.25],[-85.78125,11.25],[-85.78125,9.84375]]]},"properties":{"n":1}},{"type":"Feature","geometry":{"type":"Polygon","coordinates":[[[-81.5625,2.8125],[-80.15625,2.8125],[-80.15625,4.21875],[-81.5625,4.21875],[-81.5625,2.8125]]]},"properties":{"n":1}},{"type":"Feature","geometry":{"type":"Polygon","coordinates":[[[-82.96875,4.21875],[-81.5625,4.21875],[-81.5625,5.625],[-82.96875,5.625],[-82.96875,4.21875]]]},"properties":{"n":1}},{"type":"Feature","geometry":{"type":"Polygon","coordinates":[[[-133.59375,56.25],[-132.1875,56.25],[-132.1875,57.65625],[-133.59375,57.65625],[-133.59375,56.25]]]},"properties":{"n":1}},{"type":"Feature","geometry":{"type":"Polygon","coordinates":[[[-122.34375,46.40625],[-120.9375,46.40625],[-120.9375,47.8125],[-122.34375,47.8125],[-122.34375,46.40625]]]},"properties":{"n":1}},{"type":"Feature","geometry":{"type":"Polygon","coordinates":[[[-126.5625,45],[-125.15625,45],[-125.15625,46.40625],[-126.5625,46.40625],[-126.5625,45]]]},"properties":{"n":1}},{"type":"Feature","geometry":{"type":"Polygon","coordinates":[[[-127.96875,46.40625],[-126.5625,46.40625],[-126.5625,47.8125],[-127.96875,47.8125],[-127.96875,46.40625]]]},"properties":{"n":1}},{"type":"Feature","geometry":{"type":"Polygon","coordinates":[[[-151.875,56.25],[-150.46875,56.25],[-150.46875,57.65625],[-151.875,57.65625],[-151.875,56.25]]]},"properties":{"n":1}},{"type":"Feature","geometry":{"type":"Polygon","coordinates":[[[-153.28125,56.25],[-151.875,56.25],[-151.875,57.65625],[-153.28125,57.65625],[-153.28125,56.25]]]},"properties":{"n":1}},{"type":"Feature","geometry":{"type":"Polygon","coordinates":[[[-136.40625,54.84375],[-135,54.84375],[-135,56.25],[-136.40625,56.25],[-136.40625,54.84375]]]},"properties":{"n":1}},{"type":"Feature","geometry":{"type":"Polygon","coordinates":[[[-156.09375,54.84375],[-154.6875,54.84375],[-154.6875,56.25],[-156.09375,56.25],[-156.09375,54.84375]]]},"properties":{"n":1}},{"type":"Feature","geometry":{"type":"Polygon","coordinates":[[[-157.5,54.84375],[-156.09375,54.84375],[-156.09375,56.25],[-157.5,56.25],[-157.5,54.84375]]]},"properties":{"n":1}},{"type":"Feature","geometry":{"type":"Polygon","coordinates":[[[-165.9375,57.65625],[-164.53125,57.65625],[-164.53125,59.0625],[-165.9375,59.0625],[-165.9375,57.65625]]]},"properties":{"n":1}},{"type":"Feature","geometry":{"type":"Polygon","coordinates":[[[-168.75,56.25],[-167.34375,56.25],[-167.34375,57.65625],[-168.75,57.65625],[-168.75,56.25]]]},"properties":{"n":1}},{"type":"Feature","geometry":{"type":"Polygon","coordinates":[[[-172.96875,57.65625],[-171.5625,57.65625],[-171.5625,59.0625],[-172.96875,59.0625],[-172.96875,57.65625]]]},"properties":{"n":1}},{"type":"Feature","geometry":{"type":"Polygon","coordinates":[[[-91.40625,25.3125],[-90,25.3125],[-90,26.71875],[-91.40625,26.71875],[-91.40625,25.3125]]]},"properties":{"n":1}},{"type":"Feature","geometry":{"type":"Polygon","coordinates":[[[-95.625,26.71875],[-94.21875,26.71875],[-94.21875,28.125],[-95.625,28.125],[-95.625,26.71875]]]},"properties":{"n":1}},{"type":"Feature","geometry":{"type":"Polygon","coordinates":[[[-95.625,25.3125],[-94.21875,25.3125],[-94.21875,26.71875],[-95.625,26.71875],[-95.625,25.3125]]]},"properties":{"n":1}},{"type":"Feature","geometry":{"type":"Polygon","coordinates":[[[-97.03125,22.5],[-95.625,22.5],[-95.625,23.90625],[-97.03125,23.90625],[-97.03125,22.5]]]},"properties":{"n":1}},{"type":"Feature","geometry":{"type":"Polygon","coordinates":[[[-98.4375,22.5],[-97.03125,22.5],[-97.03125,23.90625],[-98.4375,23.90625],[-98.4375,22.5]]]},"properties":{"n":1}},{"type":"Feature","geometry":{"type":"Polygon","coordinates":[[[-127.96875,43.59375],[-126.5625,43.59375],[-126.5625,45],[-127.96875,45],[-127.96875,43.59375]]]},"properties":{"n":1}},{"type":"Feature","geometry":{"type":"Polygon","coordinates":[[[-113.90625,29.53125],[-112.5,29.53125],[-112.5,30.9375],[-113.90625,30.9375],[-113.90625,29.53125]]]},"properties":{"n":1}},{"type":"Feature","geometry":{"type":"Polygon","coordinates":[[[-113.90625,26.71875],[-112.5,26.71875],[-112.5,28.125],[-113.90625,28.125],[-113.90625,26.71875]]]},"properties":{"n":1}},{"type":"Feature","geometry":{"type":"Polygon","coordinates":[[[-91.40625,21.09375],[-90,21.09375],[-90,22.5],[-91.40625,22.5],[-91.40625,21.09375]]]},"properties":{"n":1}},{"type":"Feature","geometry":{"type":"Polygon","coordinates":[[[-92.8125,21.09375],[-91.40625,21.09375],[-91.40625,22.5],[-92.8125,22.5],[-92.8125,21.09375]]]},"properties":{"n":1}},{"type":"Feature","geometry":{"type":"Polygon","coordinates":[[[-94.21875,19.6875],[-92.8125,19.6875],[-92.8125,21.09375],[-94.21875,21.09375],[-94.21875,19.6875]]]},"properties":{"n":1}},{"type":"Feature","geometry":{"type":"Polygon","coordinates":[[[-92.8125,18.28125],[-91.40625,18.28125],[-91.40625,19.6875],[-92.8125,19.6875],[-92.8125,18.28125]]]},"properties":{"n":1}},{"type":"Feature","geometry":{"type":"Polygon","coordinates":[[[-105.46875,19.6875],[-104.0625,19.6875],[-104.0625,21.09375],[-105.46875,21.09375],[-105.46875,19.6875]]]},"properties":{"n":1}},{"type":"Feature","geometry":{"type":"Polygon","coordinates":[[[-111.09375,21.09375],[-109.6875,21.09375],[-109.6875,22.5],[-111.09375,22.5],[-111.09375,21.09375]]]},"properties":{"n":1}},{"type":"Feature","geometry":{"type":"Polygon","coordinates":[[[-113.90625,21.09375],[-112.5,21.09375],[-112.5,22.5],[-113.90625,22.5],[-113.90625,21.09375]]]},"properties":{"n":1}},{"type":"Feature","geometry":{"type":"Polygon","coordinates":[[[-115.3125,21.09375],[-113.90625,21.09375],[-113.90625,22.5],[-115.3125,22.5],[-115.3125,21.09375]]]},"properties":{"n":1}},{"type":"Feature","geometry":{"type":"Polygon","coordinates":[[[-118.125,21.09375],[-116.71875,21.09375],[-116.71875,22.5],[-118.125,22.5],[-118.125,21.09375]]]},"properties":{"n":1}},{"type":"Feature","geometry":{"type":"Polygon","coordinates":[[[-7.03125,-5.625],[-5.625,-5.625],[-5.625,-4.21875],[-7.03125,-4.21875],[-7.03125,-5.625]]]},"properties":{"n":1}},{"type":"Feature","geometry":{"type":"Polygon","coordinates":[[[-39.375,-21.09375],[-37.96875,-21.09375],[-37.96875,-19.6875],[-39.375,-19.6875],[-39.375,-21.09375]]]},"properties":{"n":1}},{"type":"Feature","geometry":{"type":"Polygon","coordinates":[[[-40.78125,-21.09375],[-39.375,-21.09375],[-39.375,-19.6875],[-40.78125,-19.6875],[-40.78125,-21.09375]]]},"properties":{"n":1}},{"type":"Feature","geometry":{"type":"Polygon","coordinates":[[[-40.78125,-23.90625],[-39.375,-23.90625],[-39.375,-22.5],[-40.78125,-22.5],[-40.78125,-23.90625]]]},"properties":{"n":1}},{"type":"Feature","geometry":{"type":"Polygon","coordinates":[[[-32.34375,-43.59375],[-30.9375,-43.59375],[-30.9375,-42.1875],[-32.34375,-42.1875],[-32.34375,-43.59375]]]},"properties":{"n":1}},{"type":"Feature","geometry":{"type":"Polygon","coordinates":[[[-75.9375,-9.84375],[-74.53125,-9.84375],[-74.53125,-8.4375],[-75.9375,-8.4375],[-75.9375,-9.84375]]]},"properties":{"n":1}},{"type":"Feature","geometry":{"type":"Polygon","coordinates":[[[-81.5625,-1.40625],[-80.15625,-1.40625],[-80.15625,0],[-81.5625,0],[-81.5625,-1.40625]]]},"properties":{"n":1}},{"type":"Feature","geometry":{"type":"Polygon","coordinates":[[[-80.15625,-9.84375],[-78.75,-9.84375],[-78.75,-8.4375],[-80.15625,-8.4375],[-80.15625,-9.84375]]]},"properties":{"n":1}},{"type":"Feature","geometry":{"type":"Polygon","coordinates":[[[-78.75,-12.65625],[-77.34375,-12.65625],[-77.34375,-11.25],[-78.75,-11.25],[-78.75,-12.65625]]]},"properties":{"n":1}},{"type":"Feature","geometry":{"type":"Polygon","coordinates":[[[-77.34375,-14.0625],[-75.9375,-14.0625],[-75.9375,-12.65625],[-77.34375,-12.65625],[-77.34375,-14.0625]]]},"properties":{"n":1}},{"type":"Feature","geometry":{"type":"Polygon","coordinates":[[[-52.03125,-32.34375],[-50.625,-32.34375],[-50.625,-30.9375],[-52.03125,-30.9375],[-52.03125,-32.34375]]]},"properties":{"n":1}},{"type":"Feature","geometry":{"type":"Polygon","coordinates":[[[-50.625,-42.1875],[-49.21875,-42.1875],[-49.21875,-40.78125],[-50.625,-40.78125],[-50.625,-42.1875]]]},"properties":{"n":1}},{"type":"Feature","geometry":{"type":"Polygon","coordinates":[[[-54.84375,-40.78125],[-53.4375,-40.78125],[-53.4375,-39.375],[-54.84375,-39.375],[-54.84375,-40.78125]]]},"properties":{"n":1}},{"type":"Feature","geometry":{"type":"Polygon","coordinates":[[[-52.03125,-43.59375],[-50.625,-43.59375],[-50.625,-42.1875],[-52.03125,-42.1875],[-52.03125,-43.59375]]]},"properties":{"n":1}},{"type":"Feature","geometry":{"type":"Polygon","coordinates":[[[-57.65625,-37.96875],[-56.25,-37.96875],[-56.25,-36.5625],[-57.65625,-36.5625],[-57.65625,-37.96875]]]},"properties":{"n":1}},{"type":"Feature","geometry":{"type":"Polygon","coordinates":[[[-57.65625,-39.375],[-56.25,-39.375],[-56.25,-37.96875],[-57.65625,-37.96875],[-57.65625,-39.375]]]},"properties":{"n":1}},{"type":"Feature","geometry":{"type":"Polygon","coordinates":[[[-59.0625,-39.375],[-57.65625,-39.375],[-57.65625,-37.96875],[-59.0625,-37.96875],[-59.0625,-39.375]]]},"properties":{"n":1}},{"type":"Feature","geometry":{"type":"Polygon","coordinates":[[[-57.65625,-45],[-56.25,-45],[-56.25,-43.59375],[-57.65625,-43.59375],[-57.65625,-45]]]},"properties":{"n":1}},{"type":"Feature","geometry":{"type":"Polygon","coordinates":[[[-73.125,-36.5625],[-71.71875,-36.5625],[-71.71875,-35.15625],[-73.125,-35.15625],[-73.125,-36.5625]]]},"properties":{"n":1}},{"type":"Feature","geometry":{"type":"Polygon","coordinates":[[[-74.53125,-40.78125],[-73.125,-40.78125],[-73.125,-39.375],[-74.53125,-39.375],[-74.53125,-40.78125]]]},"properties":{"n":1}},{"type":"Feature","geometry":{"type":"Polygon","coordinates":[[[-75.9375,-42.1875],[-74.53125,-42.1875],[-74.53125,-40.78125],[-75.9375,-40.78125],[-75.9375,-42.1875]]]},"properties":{"n":1}},{"type":"Feature","geometry":{"type":"Polygon","coordinates":[[[-42.1875,-52.03125],[-40.78125,-52.03125],[-40.78125,-50.625],[-42.1875,-50.625],[-42.1875,-52.03125]]]},"properties":{"n":1}},{"type":"Feature","geometry":{"type":"Polygon","coordinates":[[[-56.25,-52.03125],[-54.84375,-52.03125],[-54.84375,-50.625],[-56.25,-50.625],[-56.25,-52.03125]]]},"properties":{"n":1}},{"type":"Feature","geometry":{"type":"Polygon","coordinates":[[[-56.25,-54.84375],[-54.84375,-54.84375],[-54.84375,-53.4375],[-56.25,-53.4375],[-56.25,-54.84375]]]},"properties":{"n":1}},{"type":"Feature","geometry":{"type":"Polygon","coordinates":[[[-59.0625,-49.21875],[-57.65625,-49.21875],[-57.65625,-47.8125],[-59.0625,-47.8125],[-59.0625,-49.21875]]]},"properties":{"n":1}},{"type":"Feature","geometry":{"type":"Polygon","coordinates":[[[-66.09375,-53.4375],[-64.6875,-53.4375],[-64.6875,-52.03125],[-66.09375,-52.03125],[-66.09375,-53.4375]]]},"properties":{"n":1}},{"type":"Feature","geometry":{"type":"Polygon","coordinates":[[[-66.09375,-54.84375],[-64.6875,-54.84375],[-64.6875,-53.4375],[-66.09375,-53.4375],[-66.09375,-54.84375]]]},"properties":{"n":1}},{"type":"Feature","geometry":{"type":"Polygon","coordinates":[[[-68.90625,-49.21875],[-67.5,-49.21875],[-67.5,-47.8125],[-68.90625,-47.8125],[-68.90625,-49.21875]]]},"properties":{"n":1}},{"type":"Feature","geometry":{"type":"Polygon","coordinates":[[[-174.375,-45],[-172.96875,-45],[-172.96875,-43.59375],[-174.375,-43.59375],[-174.375,-45]]]},"properties":{"n":1}},{"type":"Feature","geometry":{"type":"Polygon","coordinates":[[[-180,-49.21875],[-178.59375,-49.21875],[-178.59375,-47.8125],[-180,-47.8125],[-180,-49.21875]]]},"properties":{"n":1}}]}