{"type":"FeatureCollection","features":[{"type":"Feature","geometry":{"type":"Polygon","coordinates":[[[-60.46875,43.59375],[-59.0625,43.59375],[-59.0625,45],[-60.46875,45],[-60.46875,43.59375]]]},"properties":{"n":2514}},{"type":"Feature","geometry":{"type":"Polygon","coordinates":[[[-60.46875,45],[-59.0625,45],[-59.0625,46.40625],[-60.46875,46.40625],[-60.46875,45]]]},"properties":{"n":2220}},{"type":"Feature","geometry":{"type":"Polygon","coordinates":[[[-59.0625,45],[-57.65625,45],[-57.65625,46.40625],[-59.0625,46.40625],[-59.0625,45]]]},"properties":{"n":1583}},{"type":"Feature","geometry":{"type":"Polygon","coordinates":[[[-60.46875,46.40625],[-59.0625,46.40625],[-59.0625,47.8125],[-60.46875,47.8125],[-60.46875,46.40625]]]},"properties":{"n":1467}},{"type":"Feature","geometry":{"type":"Polygon","coordinates":[[[-52.03125,47.8125],[-50.625,47.8125],[-50.625,49.21875],[-52.03125,49.21875],[-52.03125,47.8125]]]},"properties":{"n":1283}},{"type":"Feature","geometry":{"type":"Polygon","coordinates":[[[-64.6875,47.8125],[-63.28125,47.8125],[-63.28125,49.21875],[-64.6875,49.21875],[-64.6875,47.8125]]]},"properties":{"n":1253}},{"type":"Feature","geometry":{"type":"Polygon","coordinates":[[[-153.28125,56.25],[-151.875,56.25],[-151.875,57.65625],[-153.28125,57.65625],[-153.28125,56.25]]]},"properties":{"n":1250}},{"type":"Feature","geometry":{"type":"Polygon","coordinates":[[[-50.625,47.8125],[-49.21875,47.8125],[-49.21875,49.21875],[-50.625,49.21875],[-50.625,47.8125]]]},"properties":{"n":988}},{"type":"Feature","geometry":{"type":"Polygon","coordinates":[[[-52.03125,46.40625],[-50.625,46.40625],[-50.625,47.8125],[-52.03125,47.8125],[-52.03125,46.40625]]]},"properties":{"n":951}},{"type":"Feature","geometry":{"type":"Polygon","coordinates":[[[-59.0625,43.59375],[-57.65625,43.59375],[-57.65625,45],[-59.0625,45],[-59.0625,43.59375]]]},"properties":{"n":942}},{"type":"Feature","geometry":{"type":"Polygon","coordinates":[[[-61.875,43.59375],[-60.46875,43.59375],[-60.46875,45],[-61.875,45],[-61.875,43.59375]]]},"properties":{"n":895}},{"type":"Feature","geometry":{"type":"Polygon","coordinates":[[[-49.21875,46.40625],[-47.8125,46.40625],[-47.8125,47.8125],[-49.21875,47.8125],[-49.21875,46.40625]]]},"properties":{"n":888}},{"type":"Feature","geometry":{"type":"Polygon","coordinates":[[[-153.28125,57.65625],[-151.875,57.65625],[-151.875,59.0625],[-153.28125,59.0625],[-153.28125,57.65625]]]},"properties":{"n":846}},{"type":"Feature","geometry":{"type":"Polygon","coordinates":[[[-53.4375,47.8125],[-52.03125,47.8125],[-52.03125,49.21875],[-53.4375,49.21875],[-53.4375,47.8125]]]},"properties":{"n":828}},{"type":"Feature","geometry":{"type":"Polygon","coordinates":[[[-63.28125,47.8125],[-61.875,47.8125],[-61.875,49.21875],[-63.28125,49.21875],[-63.28125,47.8125]]]},"properties":{"n":795}},{"type":"Feature","geometry":{"type":"Polygon","coordinates":[[[-54.84375,45],[-53.4375,45],[-53.4375,46.40625],[-54.84375,46.40625],[-54.84375,45]]]},"properties":{"n":741}},{"type":"Feature","geometry":{"type":"Polygon","coordinates":[[[-50.625,46.40625],[-49.21875,46.40625],[-49.21875,47.8125],[-50.625,47.8125],[-50.625,46.40625]]]},"properties":{"n":687}},{"type":"Feature","geometry":{"type":"Polygon","coordinates":[[[-53.4375,50.625],[-52.03125,50.625],[-52.03125,52.03125],[-53.4375,52.03125],[-53.4375,50.625]]]},"properties":{"n":673}},{"type":"Feature","geometry":{"type":"Polygon","coordinates":[[[-66.09375,49.21875],[-64.6875,49.21875],[-64.6875,50.625],[-66.09375,50.625],[-66.09375,49.21875]]]},"properties":{"n":668}},{"type":"Feature","geometry":{"type":"Polygon","coordinates":[[[-52.03125,49.21875],[-50.625,49.21875],[-50.625,50.625],[-52.03125,50.625],[-52.03125,49.21875]]]},"properties":{"n":643}},{"type":"Feature","geometry":{"type":"Polygon","coordinates":[[[-53.4375,46.40625],[-52.03125,46.40625],[-52.03125,47.8125],[-53.4375,47.8125],[-53.4375,46.40625]]]},"properties":{"n":615}},{"type":"Feature","geometry":{"type":"Polygon","coordinates":[[[-54.84375,50.625],[-53.4375,50.625],[-53.4375,52.03125],[-54.84375,52.03125],[-54.84375,50.625]]]},"properties":{"n":614}},{"type":"Feature","geometry":{"type":"Polygon","coordinates":[[[-53.4375,45],[-52.03125,45],[-52.03125,46.40625],[-53.4375,46.40625],[-53.4375,45]]]},"properties":{"n":599}},{"type":"Feature","geometry":{"type":"Polygon","coordinates":[[[-47.8125,46.40625],[-46.40625,46.40625],[-46.40625,47.8125],[-47.8125,47.8125],[-47.8125,46.40625]]]},"properties":{"n":589}},{"type":"Feature","geometry":{"type":"Polygon","coordinates":[[[-53.4375,49.21875],[-52.03125,49.21875],[-52.03125,50.625],[-53.4375,50.625],[-53.4375,49.21875]]]},"properties":{"n":568}},{"type":"Feature","geometry":{"type":"Polygon","coordinates":[[[-52.03125,50.625],[-50.625,50.625],[-50.625,52.03125],[-52.03125,52.03125],[-52.03125,50.625]]]},"properties":{"n":541}},{"type":"Feature","geometry":{"type":"Polygon","coordinates":[[[-63.28125,46.40625],[-61.875,46.40625],[-61.875,47.8125],[-63.28125,47.8125],[-63.28125,46.40625]]]},"properties":{"n":535}},{"type":"Feature","geometry":{"type":"Polygon","coordinates":[[[-68.90625,47.8125],[-67.5,47.8125],[-67.5,49.21875],[-68.90625,49.21875],[-68.90625,47.8125]]]},"properties":{"n":520}},{"type":"Feature","geometry":{"type":"Polygon","coordinates":[[[-151.875,57.65625],[-150.46875,57.65625],[-150.46875,59.0625],[-151.875,59.0625],[-151.875,57.65625]]]},"properties":{"n":518}},{"type":"Feature","geometry":{"type":"Polygon","coordinates":[[[-56.25,45],[-54.84375,45],[-54.84375,46.40625],[-56.25,46.40625],[-56.25,45]]]},"properties":{"n":514}},{"type":"Feature","geometry":{"type":"Polygon","coordinates":[[[-59.0625,49.21875],[-57.65625,49.21875],[-57.65625,50.625],[-59.0625,50.625],[-59.0625,49.21875]]]},"properties":{"n":486}},{"type":"Feature","geometry":{"type":"Polygon","coordinates":[[[-54.84375,52.03125],[-53.4375,52.03125],[-53.4375,53.4375],[-54.84375,53.4375],[-54.84375,52.03125]]]},"properties":{"n":464}},{"type":"Feature","geometry":{"type":"Polygon","coordinates":[[[-67.5,49.21875],[-66.09375,49.21875],[-66.09375,50.625],[-67.5,50.625],[-67.5,49.21875]]]},"properties":{"n":464}},{"type":"Feature","geometry":{"type":"Polygon","coordinates":[[[30.9375,70.3125],[32.34375,70.3125],[32.34375,71.71875],[30.9375,71.71875],[30.9375,70.3125]]]},"properties":{"n":460}},{"type":"Feature","geometry":{"type":"Polygon","coordinates":[[[-157.5,56.25],[-156.09375,56.25],[-156.09375,57.65625],[-157.5,57.65625],[-157.5,56.25]]]},"properties":{"n":449}},{"type":"Feature","geometry":{"type":"Polygon","coordinates":[[[-68.90625,49.21875],[-67.5,49.21875],[-67.5,50.625],[-68.90625,50.625],[-68.90625,49.21875]]]},"properties":{"n":447}},{"type":"Feature","geometry":{"type":"Polygon","coordinates":[[[-154.6875,56.25],[-153.28125,56.25],[-153.28125,57.65625],[-154.6875,57.65625],[-154.6875,56.25]]]},"properties":{"n":430}},{"type":"Feature","geometry":{"type":"Polygon","coordinates":[[[-64.6875,49.21875],[-63.28125,49.21875],[-63.28125,50.625],[-64.6875,50.625],[-64.6875,49.21875]]]},"properties":{"n":415}},{"type":"Feature","geometry":{"type":"Polygon","coordinates":[[[-49.21875,45],[-47.8125,45],[-47.8125,46.40625],[-49.21875,46.40625],[-49.21875,45]]]},"properties":{"n":409}},{"type":"Feature","geometry":{"type":"Polygon","coordinates":[[[-61.875,49.21875],[-60.46875,49.21875],[-60.46875,50.625],[-61.875,50.625],[-61.875,49.21875]]]},"properties":{"n":409}},{"type":"Feature","geometry":{"type":"Polygon","coordinates":[[[-61.875,46.40625],[-60.46875,46.40625],[-60.46875,47.8125],[-61.875,47.8125],[-61.875,46.40625]]]},"properties":{"n":408}},{"type":"Feature","geometry":{"type":"Polygon","coordinates":[[[-52.03125,43.59375],[-50.625,43.59375],[-50.625,45],[-52.03125,45],[-52.03125,43.59375]]]},"properties":{"n":405}},{"type":"Feature","geometry":{"type":"Polygon","coordinates":[[[-50.625,43.59375],[-49.21875,43.59375],[-49.21875,45],[-50.625,45],[-50.625,43.59375]]]},"properties":{"n":395}},{"type":"Feature","geometry":{"type":"Polygon","coordinates":[[[25.3125,70.3125],[26.71875,70.3125],[26.71875,71.71875],[25.3125,71.71875],[25.3125,70.3125]]]},"properties":{"n":385}},{"type":"Feature","geometry":{"type":"Polygon","coordinates":[[[-156.09375,56.25],[-154.6875,56.25],[-154.6875,57.65625],[-156.09375,57.65625],[-156.09375,56.25]]]},"properties":{"n":384}},{"type":"Feature","geometry":{"type":"Polygon","coordinates":[[[-52.03125,45],[-50.625,45],[-50.625,46.40625],[-52.03125,46.40625],[-52.03125,45]]]},"properties":{"n":382}},{"type":"Feature","geometry":{"type":"Polygon","coordinates":[[[-60.46875,49.21875],[-59.0625,49.21875],[-59.0625,50.625],[-60.46875,50.625],[-60.46875,49.21875]]]},"properties":{"n":381}},{"type":"Feature","geometry":{"type":"Polygon","coordinates":[[[-56.25,53.4375],[-54.84375,53.4375],[-54.84375,54.84375],[-56.25,54.84375],[-56.25,53.4375]]]},"properties":{"n":367}},{"type":"Feature","geometry":{"type":"Polygon","coordinates":[[[26.71875,70.3125],[28.125,70.3125],[28.125,71.71875],[26.71875,71.71875],[26.71875,70.3125]]]},"properties":{"n":332}},{"type":"Feature","geometry":{"type":"Polygon","coordinates":[[[-60.46875,47.8125],[-59.0625,47.8125],[-59.0625,49.21875],[-60.46875,49.21875],[-60.46875,47.8125]]]},"properties":{"n":330}},{"type":"Feature","geometry":{"type":"Polygon","coordinates":[[[-56.25,46.40625],[-54.84375,46.40625],[-54.84375,47.8125],[-56.25,47.8125],[-56.25,46.40625]]]},"properties":{"n":329}},{"type":"Feature","geometry":{"type":"Polygon","coordinates":[[[28.125,70.3125],[29.53125,70.3125],[29.53125,71.71875],[28.125,71.71875],[28.125,70.3125]]]},"properties":{"n":324}},{"type":"Feature","geometry":{"type":"Polygon","coordinates":[[[-50.625,45],[-49.21875,45],[-49.21875,46.40625],[-50.625,46.40625],[-50.625,45]]]},"properties":{"n":318}},{"type":"Feature","geometry":{"type":"Polygon","coordinates":[[[-157.5,54.84375],[-156.09375,54.84375],[-156.09375,56.25],[-157.5,56.25],[-157.5,54.84375]]]},"properties":{"n":314}},{"type":"Feature","geometry":{"type":"Polygon","coordinates":[[[-53.4375,43.59375],[-52.03125,43.59375],[-52.03125,45],[-53.4375,45],[-53.4375,43.59375]]]},"properties":{"n":308}},{"type":"Feature","geometry":{"type":"Polygon","coordinates":[[[-63.28125,49.21875],[-61.875,49.21875],[-61.875,50.625],[-63.28125,50.625],[-63.28125,49.21875]]]},"properties":{"n":307}},{"type":"Feature","geometry":{"type":"Polygon","coordinates":[[[35.15625,73.125],[36.5625,73.125],[36.5625,74.53125],[35.15625,74.53125],[35.15625,73.125]]]},"properties":{"n":300}},{"type":"Feature","geometry":{"type":"Polygon","coordinates":[[[-64.6875,46.40625],[-63.28125,46.40625],[-63.28125,47.8125],[-64.6875,47.8125],[-64.6875,46.40625]]]},"properties":{"n":295}},{"type":"Feature","geometry":{"type":"Polygon","coordinates":[[[30.9375,71.71875],[32.34375,71.71875],[32.34375,73.125],[30.9375,73.125],[30.9375,71.71875]]]},"properties":{"n":293}},{"type":"Feature","geometry":{"type":"Polygon","coordinates":[[[-158.90625,54.84375],[-157.5,54.84375],[-157.5,56.25],[-158.90625,56.25],[-158.90625,54.84375]]]},"properties":{"n":293}},{"type":"Feature","geometry":{"type":"Polygon","coordinates":[[[26.71875,71.71875],[28.125,71.71875],[28.125,73.125],[26.71875,73.125],[26.71875,71.71875]]]},"properties":{"n":290}},{"type":"Feature","geometry":{"type":"Polygon","coordinates":[[[-49.21875,47.8125],[-47.8125,47.8125],[-47.8125,49.21875],[-49.21875,49.21875],[-49.21875,47.8125]]]},"properties":{"n":289}},{"type":"Feature","geometry":{"type":"Polygon","coordinates":[[[-52.03125,42.1875],[-50.625,42.1875],[-50.625,43.59375],[-52.03125,43.59375],[-52.03125,42.1875]]]},"properties":{"n":285}},{"type":"Feature","geometry":{"type":"Polygon","coordinates":[[[29.53125,70.3125],[30.9375,70.3125],[30.9375,71.71875],[29.53125,71.71875],[29.53125,70.3125]]]},"properties":{"n":283}},{"type":"Feature","geometry":{"type":"Polygon","coordinates":[[[19.6875,70.3125],[21.09375,70.3125],[21.09375,71.71875],[19.6875,71.71875],[19.6875,70.3125]]]},"properties":{"n":282}},{"type":"Feature","geometry":{"type":"Polygon","coordinates":[[[-54.84375,49.21875],[-53.4375,49.21875],[-53.4375,50.625],[-54.84375,50.625],[-54.84375,49.21875]]]},"properties":{"n":280}},{"type":"Feature","geometry":{"type":"Polygon","coordinates":[[[-61.875,47.8125],[-60.46875,47.8125],[-60.46875,49.21875],[-61.875,49.21875],[-61.875,47.8125]]]},"properties":{"n":280}},{"type":"Feature","geometry":{"type":"Polygon","coordinates":[[[23.90625,70.3125],[25.3125,70.3125],[25.3125,71.71875],[23.90625,71.71875],[23.90625,70.3125]]]},"properties":{"n":279}},{"type":"Feature","geometry":{"type":"Polygon","coordinates":[[[-56.25,50.625],[-54.84375,50.625],[-54.84375,52.03125],[-56.25,52.03125],[-56.25,50.625]]]},"properties":{"n":276}},{"type":"Feature","geometry":{"type":"Polygon","coordinates":[[[23.90625,71.71875],[25.3125,71.71875],[25.3125,73.125],[23.90625,73.125],[23.90625,71.71875]]]},"properties":{"n":272}},{"type":"Feature","geometry":{"type":"Polygon","coordinates":[[[-151.875,56.25],[-150.46875,56.25],[-150.46875,57.65625],[-151.875,57.65625],[-151.875,56.25]]]},"properties":{"n":267}},{"type":"Feature","geometry":{"type":"Polygon","coordinates":[[[-50.625,42.1875],[-49.21875,42.1875],[-49.21875,43.59375],[-50.625,43.59375],[-50.625,42.1875]]]},"properties":{"n":259}},{"type":"Feature","geometry":{"type":"Polygon","coordinates":[[[28.125,71.71875],[29.53125,71.71875],[29.53125,73.125],[28.125,73.125],[28.125,71.71875]]]},"properties":{"n":255}},{"type":"Feature","geometry":{"type":"Polygon","coordinates":[[[33.75,71.71875],[35.15625,71.71875],[35.15625,73.125],[33.75,73.125],[33.75,71.71875]]]},"properties":{"n":254}},{"type":"Feature","geometry":{"type":"Polygon","coordinates":[[[-61.875,45],[-60.46875,45],[-60.46875,46.40625],[-61.875,46.40625],[-61.875,45]]]},"properties":{"n":253}},{"type":"Feature","geometry":{"type":"Polygon","coordinates":[[[-67.5,43.59375],[-66.09375,43.59375],[-66.09375,45],[-67.5,45],[-67.5,43.59375]]]},"properties":{"n":243}},{"type":"Feature","geometry":{"type":"Polygon","coordinates":[[[32.34375,71.71875],[33.75,71.71875],[33.75,73.125],[32.34375,73.125],[32.34375,71.71875]]]},"properties":{"n":233}},{"type":"Feature","geometry":{"type":"Polygon","coordinates":[[[-54.84375,53.4375],[-53.4375,53.4375],[-53.4375,54.84375],[-54.84375,54.84375],[-54.84375,53.4375]]]},"properties":{"n":230}},{"type":"Feature","geometry":{"type":"Polygon","coordinates":[[[32.34375,70.3125],[33.75,70.3125],[33.75,71.71875],[32.34375,71.71875],[32.34375,70.3125]]]},"properties":{"n":229}},{"type":"Feature","geometry":{"type":"Polygon","coordinates":[[[-70.3125,46.40625],[-68.90625,46.40625],[-68.90625,47.8125],[-70.3125,47.8125],[-70.3125,46.40625]]]},"properties":{"n":226}},{"type":"Feature","geometry":{"type":"Polygon","coordinates":[[[29.53125,71.71875],[30.9375,71.71875],[30.9375,73.125],[29.53125,73.125],[29.53125,71.71875]]]},"properties":{"n":225}},{"type":"Feature","geometry":{"type":"Polygon","coordinates":[[[-53.4375,52.03125],[-52.03125,52.03125],[-52.03125,53.4375],[-53.4375,53.4375],[-53.4375,52.03125]]]},"properties":{"n":223}},{"type":"Feature","geometry":{"type":"Polygon","coordinates":[[[22.5,70.3125],[23.90625,70.3125],[23.90625,71.71875],[22.5,71.71875],[22.5,70.3125]]]},"properties":{"n":220}},{"type":"Feature","geometry":{"type":"Polygon","coordinates":[[[25.3125,71.71875],[26.71875,71.71875],[26.71875,73.125],[25.3125,73.125],[25.3125,71.71875]]]},"properties":{"n":198}},{"type":"Feature","geometry":{"type":"Polygon","coordinates":[[[32.34375,73.125],[33.75,73.125],[33.75,74.53125],[32.34375,74.53125],[32.34375,73.125]]]},"properties":{"n":196}},{"type":"Feature","geometry":{"type":"Polygon","coordinates":[[[33.75,70.3125],[35.15625,70.3125],[35.15625,71.71875],[33.75,71.71875],[33.75,70.3125]]]},"properties":{"n":195}},{"type":"Feature","geometry":{"type":"Polygon","coordinates":[[[-54.84375,46.40625],[-53.4375,46.40625],[-53.4375,47.8125],[-54.84375,47.8125],[-54.84375,46.40625]]]},"properties":{"n":195}},{"type":"Feature","geometry":{"type":"Polygon","coordinates":[[[8.4375,78.75],[9.84375,78.75],[9.84375,80.15625],[8.4375,80.15625],[8.4375,78.75]]]},"properties":{"n":193}},{"type":"Feature","geometry":{"type":"Polygon","coordinates":[[[-56.25,52.03125],[-54.84375,52.03125],[-54.84375,53.4375],[-56.25,53.4375],[-56.25,52.03125]]]},"properties":{"n":192}},{"type":"Feature","geometry":{"type":"Polygon","coordinates":[[[33.75,73.125],[35.15625,73.125],[35.15625,74.53125],[33.75,74.53125],[33.75,73.125]]]},"properties":{"n":187}},{"type":"Feature","geometry":{"type":"Polygon","coordinates":[[[-70.3125,47.8125],[-68.90625,47.8125],[-68.90625,49.21875],[-70.3125,49.21875],[-70.3125,47.8125]]]},"properties":{"n":185}},{"type":"Feature","geometry":{"type":"Polygon","coordinates":[[[29.53125,74.53125],[30.9375,74.53125],[30.9375,75.9375],[29.53125,75.9375],[29.53125,74.53125]]]},"properties":{"n":183}},{"type":"Feature","geometry":{"type":"Polygon","coordinates":[[[21.09375,70.3125],[22.5,70.3125],[22.5,71.71875],[21.09375,71.71875],[21.09375,70.3125]]]},"properties":{"n":182}},{"type":"Feature","geometry":{"type":"Polygon","coordinates":[[[-57.65625,46.40625],[-56.25,46.40625],[-56.25,47.8125],[-57.65625,47.8125],[-57.65625,46.40625]]]},"properties":{"n":182}},{"type":"Feature","geometry":{"type":"Polygon","coordinates":[[[-56.25,49.21875],[-54.84375,49.21875],[-54.84375,50.625],[-56.25,50.625],[-56.25,49.21875]]]},"properties":{"n":181}},{"type":"Feature","geometry":{"type":"Polygon","coordinates":[[[33.75,74.53125],[35.15625,74.53125],[35.15625,75.9375],[33.75,75.9375],[33.75,74.53125]]]},"properties":{"n":179}},{"type":"Feature","geometry":{"type":"Polygon","coordinates":[[[19.6875,73.125],[21.09375,73.125],[21.09375,74.53125],[19.6875,74.53125],[19.6875,73.125]]]},"properties":{"n":174}},{"type":"Feature","geometry":{"type":"Polygon","coordinates":[[[22.5,71.71875],[23.90625,71.71875],[23.90625,73.125],[22.5,73.125],[22.5,71.71875]]]},"properties":{"n":173}},{"type":"Feature","geometry":{"type":"Polygon","coordinates":[[[25.3125,74.53125],[26.71875,74.53125],[26.71875,75.9375],[25.3125,75.9375],[25.3125,74.53125]]]},"properties":{"n":172}},{"type":"Feature","geometry":{"type":"Polygon","coordinates":[[[16.875,73.125],[18.28125,73.125],[18.28125,74.53125],[16.875,74.53125],[16.875,73.125]]]},"properties":{"n":172}},{"type":"Feature","geometry":{"type":"Polygon","coordinates":[[[26.71875,74.53125],[28.125,74.53125],[28.125,75.9375],[26.71875,75.9375],[26.71875,74.53125]]]},"properties":{"n":170}},{"type":"Feature","geometry":{"type":"Polygon","coordinates":[[[32.34375,74.53125],[33.75,74.53125],[33.75,75.9375],[32.34375,75.9375],[32.34375,74.53125]]]},"properties":{"n":167}},{"type":"Feature","geometry":{"type":"Polygon","coordinates":[[[18.28125,70.3125],[19.6875,70.3125],[19.6875,71.71875],[18.28125,71.71875],[18.28125,70.3125]]]},"properties":{"n":166}},{"type":"Feature","geometry":{"type":"Polygon","coordinates":[[[-57.65625,45],[-56.25,45],[-56.25,46.40625],[-57.65625,46.40625],[-57.65625,45]]]},"properties":{"n":164}},{"type":"Feature","geometry":{"type":"Polygon","coordinates":[[[9.84375,77.34375],[11.25,77.34375],[11.25,78.75],[9.84375,78.75],[9.84375,77.34375]]]},"properties":{"n":161}},{"type":"Feature","geometry":{"type":"Polygon","coordinates":[[[29.53125,73.125],[30.9375,73.125],[30.9375,74.53125],[29.53125,74.53125],[29.53125,73.125]]]},"properties":{"n":160}},{"type":"Feature","geometry":{"type":"Polygon","coordinates":[[[-49.21875,43.59375],[-47.8125,43.59375],[-47.8125,45],[-49.21875,45],[-49.21875,43.59375]]]},"properties":{"n":160}},{"type":"Feature","geometry":{"type":"Polygon","coordinates":[[[23.90625,73.125],[25.3125,73.125],[25.3125,74.53125],[23.90625,74.53125],[23.90625,73.125]]]},"properties":{"n":154}},{"type":"Feature","geometry":{"type":"Polygon","coordinates":[[[25.3125,73.125],[26.71875,73.125],[26.71875,74.53125],[25.3125,74.53125],[25.3125,73.125]]]},"properties":{"n":153}},{"type":"Feature","geometry":{"type":"Polygon","coordinates":[[[15.46875,80.15625],[16.875,80.15625],[16.875,81.5625],[15.46875,81.5625],[15.46875,80.15625]]]},"properties":{"n":152}},{"type":"Feature","geometry":{"type":"Polygon","coordinates":[[[-59.0625,46.40625],[-57.65625,46.40625],[-57.65625,47.8125],[-59.0625,47.8125],[-59.0625,46.40625]]]},"properties":{"n":152}},{"type":"Feature","geometry":{"type":"Polygon","coordinates":[[[36.5625,74.53125],[37.96875,74.53125],[37.96875,75.9375],[36.5625,75.9375],[36.5625,74.53125]]]},"properties":{"n":151}},{"type":"Feature","geometry":{"type":"Polygon","coordinates":[[[29.53125,75.9375],[30.9375,75.9375],[30.9375,77.34375],[29.53125,77.34375],[29.53125,75.9375]]]},"properties":{"n":151}},{"type":"Feature","geometry":{"type":"Polygon","coordinates":[[[30.9375,73.125],[32.34375,73.125],[32.34375,74.53125],[30.9375,74.53125],[30.9375,73.125]]]},"properties":{"n":151}},{"type":"Feature","geometry":{"type":"Polygon","coordinates":[[[-66.09375,47.8125],[-64.6875,47.8125],[-64.6875,49.21875],[-66.09375,49.21875],[-66.09375,47.8125]]]},"properties":{"n":150}},{"type":"Feature","geometry":{"type":"Polygon","coordinates":[[[16.875,70.3125],[18.28125,70.3125],[18.28125,71.71875],[16.875,71.71875],[16.875,70.3125]]]},"properties":{"n":148}},{"type":"Feature","geometry":{"type":"Polygon","coordinates":[[[-57.65625,50.625],[-56.25,50.625],[-56.25,52.03125],[-57.65625,52.03125],[-57.65625,50.625]]]},"properties":{"n":145}},{"type":"Feature","geometry":{"type":"Polygon","coordinates":[[[-151.875,59.0625],[-150.46875,59.0625],[-150.46875,60.46875],[-151.875,60.46875],[-151.875,59.0625]]]},"properties":{"n":145}},{"type":"Feature","geometry":{"type":"Polygon","coordinates":[[[32.34375,75.9375],[33.75,75.9375],[33.75,77.34375],[32.34375,77.34375],[32.34375,75.9375]]]},"properties":{"n":140}},{"type":"Feature","geometry":{"type":"Polygon","coordinates":[[[28.125,73.125],[29.53125,73.125],[29.53125,74.53125],[28.125,74.53125],[28.125,73.125]]]},"properties":{"n":140}},{"type":"Feature","geometry":{"type":"Polygon","coordinates":[[[21.09375,73.125],[22.5,73.125],[22.5,74.53125],[21.09375,74.53125],[21.09375,73.125]]]},"properties":{"n":140}},{"type":"Feature","geometry":{"type":"Polygon","coordinates":[[[29.53125,68.90625],[30.9375,68.90625],[30.9375,70.3125],[29.53125,70.3125],[29.53125,68.90625]]]},"properties":{"n":137}},{"type":"Feature","geometry":{"type":"Polygon","coordinates":[[[-150.46875,57.65625],[-149.0625,57.65625],[-149.0625,59.0625],[-150.46875,59.0625],[-150.46875,57.65625]]]},"properties":{"n":136}},{"type":"Feature","geometry":{"type":"Polygon","coordinates":[[[28.125,74.53125],[29.53125,74.53125],[29.53125,75.9375],[28.125,75.9375],[28.125,74.53125]]]},"properties":{"n":133}},{"type":"Feature","geometry":{"type":"Polygon","coordinates":[[[-67.5,47.8125],[-66.09375,47.8125],[-66.09375,49.21875],[-67.5,49.21875],[-67.5,47.8125]]]},"properties":{"n":133}},{"type":"Feature","geometry":{"type":"Polygon","coordinates":[[[26.71875,75.9375],[28.125,75.9375],[28.125,77.34375],[26.71875,77.34375],[26.71875,75.9375]]]},"properties":{"n":128}},{"type":"Feature","geometry":{"type":"Polygon","coordinates":[[[18.28125,68.90625],[19.6875,68.90625],[19.6875,70.3125],[18.28125,70.3125],[18.28125,68.90625]]]},"properties":{"n":128}},{"type":"Feature","geometry":{"type":"Polygon","coordinates":[[[-153.28125,59.0625],[-151.875,59.0625],[-151.875,60.46875],[-153.28125,60.46875],[-153.28125,59.0625]]]},"properties":{"n":127}},{"type":"Feature","geometry":{"type":"Polygon","coordinates":[[[19.6875,68.90625],[21.09375,68.90625],[21.09375,70.3125],[19.6875,70.3125],[19.6875,68.90625]]]},"properties":{"n":124}},{"type":"Feature","geometry":{"type":"Polygon","coordinates":[[[35.15625,71.71875],[36.5625,71.71875],[36.5625,73.125],[35.15625,73.125],[35.15625,71.71875]]]},"properties":{"n":122}},{"type":"Feature","geometry":{"type":"Polygon","coordinates":[[[36.5625,73.125],[37.96875,73.125],[37.96875,74.53125],[36.5625,74.53125],[36.5625,73.125]]]},"properties":{"n":121}},{"type":"Feature","geometry":{"type":"Polygon","coordinates":[[[-47.8125,45],[-46.40625,45],[-46.40625,46.40625],[-47.8125,46.40625],[-47.8125,45]]]},"properties":{"n":121}},{"type":"Feature","geometry":{"type":"Polygon","coordinates":[[[26.71875,73.125],[28.125,73.125],[28.125,74.53125],[26.71875,74.53125],[26.71875,73.125]]]},"properties":{"n":119}},{"type":"Feature","geometry":{"type":"Polygon","coordinates":[[[22.5,74.53125],[23.90625,74.53125],[23.90625,75.9375],[22.5,75.9375],[22.5,74.53125]]]},"properties":{"n":119}},{"type":"Feature","geometry":{"type":"Polygon","coordinates":[[[36.5625,75.9375],[37.96875,75.9375],[37.96875,77.34375],[36.5625,77.34375],[36.5625,75.9375]]]},"properties":{"n":118}},{"type":"Feature","geometry":{"type":"Polygon","coordinates":[[[-64.6875,43.59375],[-63.28125,43.59375],[-63.28125,45],[-64.6875,45],[-64.6875,43.59375]]]},"properties":{"n":117}},{"type":"Feature","geometry":{"type":"Polygon","coordinates":[[[30.9375,68.90625],[32.34375,68.90625],[32.34375,70.3125],[30.9375,70.3125],[30.9375,68.90625]]]},"properties":{"n":116}},{"type":"Feature","geometry":{"type":"Polygon","coordinates":[[[-50.625,49.21875],[-49.21875,49.21875],[-49.21875,50.625],[-50.625,50.625],[-50.625,49.21875]]]},"properties":{"n":116}},{"type":"Feature","geometry":{"type":"Polygon","coordinates":[[[26.71875,77.34375],[28.125,77.34375],[28.125,78.75],[26.71875,78.75],[26.71875,77.34375]]]},"properties":{"n":115}},{"type":"Feature","geometry":{"type":"Polygon","coordinates":[[[18.28125,73.125],[19.6875,73.125],[19.6875,74.53125],[18.28125,74.53125],[18.28125,73.125]]]},"properties":{"n":114}},{"type":"Feature","geometry":{"type":"Polygon","coordinates":[[[11.25,77.34375],[12.65625,77.34375],[12.65625,78.75],[11.25,78.75],[11.25,77.34375]]]},"properties":{"n":114}},{"type":"Feature","geometry":{"type":"Polygon","coordinates":[[[35.15625,75.9375],[36.5625,75.9375],[36.5625,77.34375],[35.15625,77.34375],[35.15625,75.9375]]]},"properties":{"n":111}},{"type":"Feature","geometry":{"type":"Polygon","coordinates":[[[-160.3125,54.84375],[-158.90625,54.84375],[-158.90625,56.25],[-160.3125,56.25],[-160.3125,54.84375]]]},"properties":{"n":111}},{"type":"Feature","geometry":{"type":"Polygon","coordinates":[[[-57.65625,54.84375],[-56.25,54.84375],[-56.25,56.25],[-57.65625,56.25],[-57.65625,54.84375]]]},"properties":{"n":110}},{"type":"Feature","geometry":{"type":"Polygon","coordinates":[[[8.4375,77.34375],[9.84375,77.34375],[9.84375,78.75],[8.4375,78.75],[8.4375,77.34375]]]},"properties":{"n":109}},{"type":"Feature","geometry":{"type":"Polygon","coordinates":[[[35.15625,74.53125],[36.5625,74.53125],[36.5625,75.9375],[35.15625,75.9375],[35.15625,74.53125]]]},"properties":{"n":108}},{"type":"Feature","geometry":{"type":"Polygon","coordinates":[[[22.5,73.125],[23.90625,73.125],[23.90625,74.53125],[22.5,74.53125],[22.5,73.125]]]},"properties":{"n":108}},{"type":"Feature","geometry":{"type":"Polygon","coordinates":[[[28.125,75.9375],[29.53125,75.9375],[29.53125,77.34375],[28.125,77.34375],[28.125,75.9375]]]},"properties":{"n":106}},{"type":"Feature","geometry":{"type":"Polygon","coordinates":[[[12.65625,75.9375],[14.0625,75.9375],[14.0625,77.34375],[12.65625,77.34375],[12.65625,75.9375]]]},"properties":{"n":105}},{"type":"Feature","geometry":{"type":"Polygon","coordinates":[[[21.09375,71.71875],[22.5,71.71875],[22.5,73.125],[21.09375,73.125],[21.09375,71.71875]]]},"properties":{"n":105}},{"type":"Feature","geometry":{"type":"Polygon","coordinates":[[[29.53125,77.34375],[30.9375,77.34375],[30.9375,78.75],[29.53125,78.75],[29.53125,77.34375]]]},"properties":{"n":101}},{"type":"Feature","geometry":{"type":"Polygon","coordinates":[[[19.6875,71.71875],[21.09375,71.71875],[21.09375,73.125],[19.6875,73.125],[19.6875,71.71875]]]},"properties":{"n":101}},{"type":"Feature","geometry":{"type":"Polygon","coordinates":[[[35.15625,70.3125],[36.5625,70.3125],[36.5625,71.71875],[35.15625,71.71875],[35.15625,70.3125]]]},"properties":{"n":100}},{"type":"Feature","geometry":{"type":"Polygon","coordinates":[[[14.0625,75.9375],[15.46875,75.9375],[15.46875,77.34375],[14.0625,77.34375],[14.0625,75.9375]]]},"properties":{"n":100}},{"type":"Feature","geometry":{"type":"Polygon","coordinates":[[[30.9375,74.53125],[32.34375,74.53125],[32.34375,75.9375],[30.9375,75.9375],[30.9375,74.53125]]]},"properties":{"n":99}},{"type":"Feature","geometry":{"type":"Polygon","coordinates":[[[-71.71875,46.40625],[-70.3125,46.40625],[-70.3125,47.8125],[-71.71875,47.8125],[-71.71875,46.40625]]]},"properties":{"n":97}},{"type":"Feature","geometry":{"type":"Polygon","coordinates":[[[19.6875,75.9375],[21.09375,75.9375],[21.09375,77.34375],[19.6875,77.34375],[19.6875,75.9375]]]},"properties":{"n":94}},{"type":"Feature","geometry":{"type":"Polygon","coordinates":[[[-61.875,42.1875],[-60.46875,42.1875],[-60.46875,43.59375],[-61.875,43.59375],[-61.875,42.1875]]]},"properties":{"n":94}},{"type":"Feature","geometry":{"type":"Polygon","coordinates":[[[-156.09375,54.84375],[-154.6875,54.84375],[-154.6875,56.25],[-156.09375,56.25],[-156.09375,54.84375]]]},"properties":{"n":90}},{"type":"Feature","geometry":{"type":"Polygon","coordinates":[[[-57.65625,49.21875],[-56.25,49.21875],[-56.25,50.625],[-57.65625,50.625],[-57.65625,49.21875]]]},"properties":{"n":87}},{"type":"Feature","geometry":{"type":"Polygon","coordinates":[[[-164.53125,54.84375],[-163.125,54.84375],[-163.125,56.25],[-164.53125,56.25],[-164.53125,54.84375]]]},"properties":{"n":87}},{"type":"Feature","geometry":{"type":"Polygon","coordinates":[[[-54.84375,43.59375],[-53.4375,43.59375],[-53.4375,45],[-54.84375,45],[-54.84375,43.59375]]]},"properties":{"n":86}},{"type":"Feature","geometry":{"type":"Polygon","coordinates":[[[-154.6875,54.84375],[-153.28125,54.84375],[-153.28125,56.25],[-154.6875,56.25],[-154.6875,54.84375]]]},"properties":{"n":86}},{"type":"Feature","geometry":{"type":"Polygon","coordinates":[[[35.15625,77.34375],[36.5625,77.34375],[36.5625,78.75],[35.15625,78.75],[35.15625,77.34375]]]},"properties":{"n":83}},{"type":"Feature","geometry":{"type":"Polygon","coordinates":[[[32.34375,78.75],[33.75,78.75],[33.75,80.15625],[32.34375,80.15625],[32.34375,78.75]]]},"properties":{"n":82}},{"type":"Feature","geometry":{"type":"Polygon","coordinates":[[[32.34375,77.34375],[33.75,77.34375],[33.75,78.75],[32.34375,78.75],[32.34375,77.34375]]]},"properties":{"n":82}},{"type":"Feature","geometry":{"type":"Polygon","coordinates":[[[23.90625,74.53125],[25.3125,74.53125],[25.3125,75.9375],[23.90625,75.9375],[23.90625,74.53125]]]},"properties":{"n":82}},{"type":"Feature","geometry":{"type":"Polygon","coordinates":[[[-57.65625,43.59375],[-56.25,43.59375],[-56.25,45],[-57.65625,45],[-57.65625,43.59375]]]},"properties":{"n":82}},{"type":"Feature","geometry":{"type":"Polygon","coordinates":[[[25.3125,77.34375],[26.71875,77.34375],[26.71875,78.75],[25.3125,78.75],[25.3125,77.34375]]]},"properties":{"n":81}},{"type":"Feature","geometry":{"type":"Polygon","coordinates":[[[-158.90625,56.25],[-157.5,56.25],[-157.5,57.65625],[-158.90625,57.65625],[-158.90625,56.25]]]},"properties":{"n":79}},{"type":"Feature","geometry":{"type":"Polygon","coordinates":[[[21.09375,74.53125],[22.5,74.53125],[22.5,75.9375],[21.09375,75.9375],[21.09375,74.53125]]]},"properties":{"n":78}},{"type":"Feature","geometry":{"type":"Polygon","coordinates":[[[16.875,68.90625],[18.28125,68.90625],[18.28125,70.3125],[16.875,70.3125],[16.875,68.90625]]]},"properties":{"n":78}},{"type":"Feature","geometry":{"type":"Polygon","coordinates":[[[-150.46875,59.0625],[-149.0625,59.0625],[-149.0625,60.46875],[-150.46875,60.46875],[-150.46875,59.0625]]]},"properties":{"n":78}},{"type":"Feature","geometry":{"type":"Polygon","coordinates":[[[33.75,75.9375],[35.15625,75.9375],[35.15625,77.34375],[33.75,77.34375],[33.75,75.9375]]]},"properties":{"n":74}},{"type":"Feature","geometry":{"type":"Polygon","coordinates":[[[-157.5,70.3125],[-156.09375,70.3125],[-156.09375,71.71875],[-157.5,71.71875],[-157.5,70.3125]]]},"properties":{"n":74}},{"type":"Feature","geometry":{"type":"Polygon","coordinates":[[[-154.6875,57.65625],[-153.28125,57.65625],[-153.28125,59.0625],[-154.6875,59.0625],[-154.6875,57.65625]]]},"properties":{"n":74}},{"type":"Feature","geometry":{"type":"Polygon","coordinates":[[[40.78125,74.53125],[42.1875,74.53125],[42.1875,75.9375],[40.78125,75.9375],[40.78125,74.53125]]]},"properties":{"n":73}},{"type":"Feature","geometry":{"type":"Polygon","coordinates":[[[37.96875,70.3125],[39.375,70.3125],[39.375,71.71875],[37.96875,71.71875],[37.96875,70.3125]]]},"properties":{"n":73}},{"type":"Feature","geometry":{"type":"Polygon","coordinates":[[[18.28125,71.71875],[19.6875,71.71875],[19.6875,73.125],[18.28125,73.125],[18.28125,71.71875]]]},"properties":{"n":72}},{"type":"Feature","geometry":{"type":"Polygon","coordinates":[[[18.28125,74.53125],[19.6875,74.53125],[19.6875,75.9375],[18.28125,75.9375],[18.28125,74.53125]]]},"properties":{"n":71}},{"type":"Feature","geometry":{"type":"Polygon","coordinates":[[[-165.9375,54.84375],[-164.53125,54.84375],[-164.53125,56.25],[-165.9375,56.25],[-165.9375,54.84375]]]},"properties":{"n":71}},{"type":"Feature","geometry":{"type":"Polygon","coordinates":[[[18.28125,75.9375],[19.6875,75.9375],[19.6875,77.34375],[18.28125,77.34375],[18.28125,75.9375]]]},"properties":{"n":70}},{"type":"Feature","geometry":{"type":"Polygon","coordinates":[[[36.5625,70.3125],[37.96875,70.3125],[37.96875,71.71875],[36.5625,71.71875],[36.5625,70.3125]]]},"properties":{"n":69}},{"type":"Feature","geometry":{"type":"Polygon","coordinates":[[[37.96875,71.71875],[39.375,71.71875],[39.375,73.125],[37.96875,73.125],[37.96875,71.71875]]]},"properties":{"n":68}},{"type":"Feature","geometry":{"type":"Polygon","coordinates":[[[-94.21875,57.65625],[-92.8125,57.65625],[-92.8125,59.0625],[-94.21875,59.0625],[-94.21875,57.65625]]]},"properties":{"n":68}},{"type":"Feature","geometry":{"type":"Polygon","coordinates":[[[16.875,74.53125],[18.28125,74.53125],[18.28125,75.9375],[16.875,75.9375],[16.875,74.53125]]]},"properties":{"n":67}},{"type":"Feature","geometry":{"type":"Polygon","coordinates":[[[21.09375,68.90625],[22.5,68.90625],[22.5,70.3125],[21.09375,70.3125],[21.09375,68.90625]]]},"properties":{"n":67}},{"type":"Feature","geometry":{"type":"Polygon","coordinates":[[[25.3125,75.9375],[26.71875,75.9375],[26.71875,77.34375],[25.3125,77.34375],[25.3125,75.9375]]]},"properties":{"n":66}},{"type":"Feature","geometry":{"type":"Polygon","coordinates":[[[-54.84375,47.8125],[-53.4375,47.8125],[-53.4375,49.21875],[-54.84375,49.21875],[-54.84375,47.8125]]]},"properties":{"n":66}},{"type":"Feature","geometry":{"type":"Polygon","coordinates":[[[37.96875,73.125],[39.375,73.125],[39.375,74.53125],[37.96875,74.53125],[37.96875,73.125]]]},"properties":{"n":64}},{"type":"Feature","geometry":{"type":"Polygon","coordinates":[[[16.875,78.75],[18.28125,78.75],[18.28125,80.15625],[16.875,80.15625],[16.875,78.75]]]},"properties":{"n":64}},{"type":"Feature","geometry":{"type":"Polygon","coordinates":[[[22.5,75.9375],[23.90625,75.9375],[23.90625,77.34375],[22.5,77.34375],[22.5,75.9375]]]},"properties":{"n":63}},{"type":"Feature","geometry":{"type":"Polygon","coordinates":[[[-15.46875,68.90625],[-14.0625,68.90625],[-14.0625,70.3125],[-15.46875,70.3125],[-15.46875,68.90625]]]},"properties":{"n":63}},{"type":"Feature","geometry":{"type":"Polygon","coordinates":[[[-18.28125,61.875],[-16.875,61.875],[-16.875,63.28125],[-18.28125,63.28125],[-18.28125,61.875]]]},"properties":{"n":63}},{"type":"Feature","geometry":{"type":"Polygon","coordinates":[[[-70.3125,59.0625],[-68.90625,59.0625],[-68.90625,60.46875],[-70.3125,60.46875],[-70.3125,59.0625]]]},"properties":{"n":63}},{"type":"Feature","geometry":{"type":"Polygon","coordinates":[[[30.9375,75.9375],[32.34375,75.9375],[32.34375,77.34375],[30.9375,77.34375],[30.9375,75.9375]]]},"properties":{"n":62}},{"type":"Feature","geometry":{"type":"Polygon","coordinates":[[[11.25,75.9375],[12.65625,75.9375],[12.65625,77.34375],[11.25,77.34375],[11.25,75.9375]]]},"properties":{"n":60}},{"type":"Feature","geometry":{"type":"Polygon","coordinates":[[[15.46875,74.53125],[16.875,74.53125],[16.875,75.9375],[15.46875,75.9375],[15.46875,74.53125]]]},"properties":{"n":60}},{"type":"Feature","geometry":{"type":"Polygon","coordinates":[[[-66.09375,45],[-64.6875,45],[-64.6875,46.40625],[-66.09375,46.40625],[-66.09375,45]]]},"properties":{"n":60}},{"type":"Feature","geometry":{"type":"Polygon","coordinates":[[[-149.0625,59.0625],[-147.65625,59.0625],[-147.65625,60.46875],[-149.0625,60.46875],[-149.0625,59.0625]]]},"properties":{"n":60}},{"type":"Feature","geometry":{"type":"Polygon","coordinates":[[[37.96875,74.53125],[39.375,74.53125],[39.375,75.9375],[37.96875,75.9375],[37.96875,74.53125]]]},"properties":{"n":59}},{"type":"Feature","geometry":{"type":"Polygon","coordinates":[[[33.75,68.90625],[35.15625,68.90625],[35.15625,70.3125],[33.75,70.3125],[33.75,68.90625]]]},"properties":{"n":59}},{"type":"Feature","geometry":{"type":"Polygon","coordinates":[[[29.53125,78.75],[30.9375,78.75],[30.9375,80.15625],[29.53125,80.15625],[29.53125,78.75]]]},"properties":{"n":58}},{"type":"Feature","geometry":{"type":"Polygon","coordinates":[[[7.03125,78.75],[8.4375,78.75],[8.4375,80.15625],[7.03125,80.15625],[7.03125,78.75]]]},"properties":{"n":58}},{"type":"Feature","geometry":{"type":"Polygon","coordinates":[[[15.46875,73.125],[16.875,73.125],[16.875,74.53125],[15.46875,74.53125],[15.46875,73.125]]]},"properties":{"n":58}},{"type":"Feature","geometry":{"type":"Polygon","coordinates":[[[-63.28125,43.59375],[-61.875,43.59375],[-61.875,45],[-63.28125,45],[-63.28125,43.59375]]]},"properties":{"n":57}},{"type":"Feature","geometry":{"type":"Polygon","coordinates":[[[36.5625,71.71875],[37.96875,71.71875],[37.96875,73.125],[36.5625,73.125],[36.5625,71.71875]]]},"properties":{"n":55}},{"type":"Feature","geometry":{"type":"Polygon","coordinates":[[[14.0625,74.53125],[15.46875,74.53125],[15.46875,75.9375],[14.0625,75.9375],[14.0625,74.53125]]]},"properties":{"n":55}},{"type":"Feature","geometry":{"type":"Polygon","coordinates":[[[36.5625,77.34375],[37.96875,77.34375],[37.96875,78.75],[36.5625,78.75],[36.5625,77.34375]]]},"properties":{"n":54}},{"type":"Feature","geometry":{"type":"Polygon","coordinates":[[[42.1875,75.9375],[43.59375,75.9375],[43.59375,77.34375],[42.1875,77.34375],[42.1875,75.9375]]]},"properties":{"n":53}},{"type":"Feature","geometry":{"type":"Polygon","coordinates":[[[39.375,75.9375],[40.78125,75.9375],[40.78125,77.34375],[39.375,77.34375],[39.375,75.9375]]]},"properties":{"n":51}},{"type":"Feature","geometry":{"type":"Polygon","coordinates":[[[-59.0625,54.84375],[-57.65625,54.84375],[-57.65625,56.25],[-59.0625,56.25],[-59.0625,54.84375]]]},"properties":{"n":51}},{"type":"Feature","geometry":{"type":"Polygon","coordinates":[[[33.75,77.34375],[35.15625,77.34375],[35.15625,78.75],[33.75,78.75],[33.75,77.34375]]]},"properties":{"n":50}},{"type":"Feature","geometry":{"type":"Polygon","coordinates":[[[42.1875,71.71875],[43.59375,71.71875],[43.59375,73.125],[42.1875,73.125],[42.1875,71.71875]]]},"properties":{"n":49}},{"type":"Feature","geometry":{"type":"Polygon","coordinates":[[[16.875,80.15625],[18.28125,80.15625],[18.28125,81.5625],[16.875,81.5625],[16.875,80.15625]]]},"properties":{"n":49}},{"type":"Feature","geometry":{"type":"Polygon","coordinates":[[[15.46875,75.9375],[16.875,75.9375],[16.875,77.34375],[15.46875,77.34375],[15.46875,75.9375]]]},"properties":{"n":49}},{"type":"Feature","geometry":{"type":"Polygon","coordinates":[[[12.65625,77.34375],[14.0625,77.34375],[14.0625,78.75],[12.65625,78.75],[12.65625,77.34375]]]},"properties":{"n":49}},{"type":"Feature","geometry":{"type":"Polygon","coordinates":[[[-47.8125,47.8125],[-46.40625,47.8125],[-46.40625,49.21875],[-47.8125,49.21875],[-47.8125,47.8125]]]},"properties":{"n":49}},{"type":"Feature","geometry":{"type":"Polygon","coordinates":[[[-64.6875,42.1875],[-63.28125,42.1875],[-63.28125,43.59375],[-64.6875,43.59375],[-64.6875,42.1875]]]},"properties":{"n":49}},{"type":"Feature","geometry":{"type":"Polygon","coordinates":[[[39.375,71.71875],[40.78125,71.71875],[40.78125,73.125],[39.375,73.125],[39.375,71.71875]]]},"properties":{"n":48}},{"type":"Feature","geometry":{"type":"Polygon","coordinates":[[[-66.09375,42.1875],[-64.6875,42.1875],[-64.6875,43.59375],[-66.09375,43.59375],[-66.09375,42.1875]]]},"properties":{"n":48}},{"type":"Feature","geometry":{"type":"Polygon","coordinates":[[[-154.6875,59.0625],[-153.28125,59.0625],[-153.28125,60.46875],[-154.6875,60.46875],[-154.6875,59.0625]]]},"properties":{"n":48}},{"type":"Feature","geometry":{"type":"Polygon","coordinates":[[[9.84375,78.75],[11.25,78.75],[11.25,80.15625],[9.84375,80.15625],[9.84375,78.75]]]},"properties":{"n":47}},{"type":"Feature","geometry":{"type":"Polygon","coordinates":[[[-68.90625,59.0625],[-67.5,59.0625],[-67.5,60.46875],[-68.90625,60.46875],[-68.90625,59.0625]]]},"properties":{"n":47}},{"type":"Feature","geometry":{"type":"Polygon","coordinates":[[[-167.34375,56.25],[-165.9375,56.25],[-165.9375,57.65625],[-167.34375,57.65625],[-167.34375,56.25]]]},"properties":{"n":47}},{"type":"Feature","geometry":{"type":"Polygon","coordinates":[[[33.75,78.75],[35.15625,78.75],[35.15625,80.15625],[33.75,80.15625],[33.75,78.75]]]},"properties":{"n":46}},{"type":"Feature","geometry":{"type":"Polygon","coordinates":[[[-56.25,54.84375],[-54.84375,54.84375],[-54.84375,56.25],[-56.25,56.25],[-56.25,54.84375]]]},"properties":{"n":46}},{"type":"Feature","geometry":{"type":"Polygon","coordinates":[[[-139.21875,68.90625],[-137.8125,68.90625],[-137.8125,70.3125],[-139.21875,70.3125],[-139.21875,68.90625]]]},"properties":{"n":46}},{"type":"Feature","geometry":{"type":"Polygon","coordinates":[[[16.875,75.9375],[18.28125,75.9375],[18.28125,77.34375],[16.875,77.34375],[16.875,75.9375]]]},"properties":{"n":45}},{"type":"Feature","geometry":{"type":"Polygon","coordinates":[[[16.875,71.71875],[18.28125,71.71875],[18.28125,73.125],[16.875,73.125],[16.875,71.71875]]]},"properties":{"n":45}},{"type":"Feature","geometry":{"type":"Polygon","coordinates":[[[-59.0625,50.625],[-57.65625,50.625],[-57.65625,52.03125],[-59.0625,52.03125],[-59.0625,50.625]]]},"properties":{"n":44}},{"type":"Feature","geometry":{"type":"Polygon","coordinates":[[[23.90625,75.9375],[25.3125,75.9375],[25.3125,77.34375],[23.90625,77.34375],[23.90625,75.9375]]]},"properties":{"n":43}},{"type":"Feature","geometry":{"type":"Polygon","coordinates":[[[39.375,74.53125],[40.78125,74.53125],[40.78125,75.9375],[39.375,75.9375],[39.375,74.53125]]]},"properties":{"n":41}},{"type":"Feature","geometry":{"type":"Polygon","coordinates":[[[19.6875,74.53125],[21.09375,74.53125],[21.09375,75.9375],[19.6875,75.9375],[19.6875,74.53125]]]},"properties":{"n":41}},{"type":"Feature","geometry":{"type":"Polygon","coordinates":[[[43.59375,70.3125],[45,70.3125],[45,71.71875],[43.59375,71.71875],[43.59375,70.3125]]]},"properties":{"n":39}},{"type":"Feature","geometry":{"type":"Polygon","coordinates":[[[-156.09375,57.65625],[-154.6875,57.65625],[-154.6875,59.0625],[-156.09375,59.0625],[-156.09375,57.65625]]]},"properties":{"n":39}},{"type":"Feature","geometry":{"type":"Polygon","coordinates":[[[-164.53125,57.65625],[-163.125,57.65625],[-163.125,59.0625],[-164.53125,59.0625],[-164.53125,57.65625]]]},"properties":{"n":39}},{"type":"Feature","geometry":{"type":"Polygon","coordinates":[[[39.375,70.3125],[40.78125,70.3125],[40.78125,71.71875],[39.375,71.71875],[39.375,70.3125]]]},"properties":{"n":38}},{"type":"Feature","geometry":{"type":"Polygon","coordinates":[[[14.0625,77.34375],[15.46875,77.34375],[15.46875,78.75],[14.0625,78.75],[14.0625,77.34375]]]},"properties":{"n":37}},{"type":"Feature","geometry":{"type":"Polygon","coordinates":[[[-168.75,56.25],[-167.34375,56.25],[-167.34375,57.65625],[-168.75,57.65625],[-168.75,56.25]]]},"properties":{"n":37}},{"type":"Feature","geometry":{"type":"Polygon","coordinates":[[[40.78125,73.125],[42.1875,73.125],[42.1875,74.53125],[40.78125,74.53125],[40.78125,73.125]]]},"properties":{"n":36}},{"type":"Feature","geometry":{"type":"Polygon","coordinates":[[[12.65625,80.15625],[14.0625,80.15625],[14.0625,81.5625],[12.65625,81.5625],[12.65625,80.15625]]]},"properties":{"n":36}},{"type":"Feature","geometry":{"type":"Polygon","coordinates":[[[15.46875,71.71875],[16.875,71.71875],[16.875,73.125],[15.46875,73.125],[15.46875,71.71875]]]},"properties":{"n":36}},{"type":"Feature","geometry":{"type":"Polygon","coordinates":[[[-165.9375,53.4375],[-164.53125,53.4375],[-164.53125,54.84375],[-165.9375,54.84375],[-165.9375,53.4375]]]},"properties":{"n":36}},{"type":"Feature","geometry":{"type":"Polygon","coordinates":[[[43.59375,71.71875],[45,71.71875],[45,73.125],[43.59375,73.125],[43.59375,71.71875]]]},"properties":{"n":35}},{"type":"Feature","geometry":{"type":"Polygon","coordinates":[[[32.34375,68.90625],[33.75,68.90625],[33.75,70.3125],[32.34375,70.3125],[32.34375,68.90625]]]},"properties":{"n":35}},{"type":"Feature","geometry":{"type":"Polygon","coordinates":[[[18.28125,80.15625],[19.6875,80.15625],[19.6875,81.5625],[18.28125,81.5625],[18.28125,80.15625]]]},"properties":{"n":35}},{"type":"Feature","geometry":{"type":"Polygon","coordinates":[[[-59.0625,47.8125],[-57.65625,47.8125],[-57.65625,49.21875],[-59.0625,49.21875],[-59.0625,47.8125]]]},"properties":{"n":35}},{"type":"Feature","geometry":{"type":"Polygon","coordinates":[[[-149.0625,60.46875],[-147.65625,60.46875],[-147.65625,61.875],[-149.0625,61.875],[-149.0625,60.46875]]]},"properties":{"n":35}},{"type":"Feature","geometry":{"type":"Polygon","coordinates":[[[45,71.71875],[46.40625,71.71875],[46.40625,73.125],[45,73.125],[45,71.71875]]]},"properties":{"n":34}},{"type":"Feature","geometry":{"type":"Polygon","coordinates":[[[45,70.3125],[46.40625,70.3125],[46.40625,71.71875],[45,71.71875],[45,70.3125]]]},"properties":{"n":34}},{"type":"Feature","geometry":{"type":"Polygon","coordinates":[[[23.90625,80.15625],[25.3125,80.15625],[25.3125,81.5625],[23.90625,81.5625],[23.90625,80.15625]]]},"properties":{"n":34}},{"type":"Feature","geometry":{"type":"Polygon","coordinates":[[[28.125,77.34375],[29.53125,77.34375],[29.53125,78.75],[28.125,78.75],[28.125,77.34375]]]},"properties":{"n":34}},{"type":"Feature","geometry":{"type":"Polygon","coordinates":[[[14.0625,80.15625],[15.46875,80.15625],[15.46875,81.5625],[14.0625,81.5625],[14.0625,80.15625]]]},"properties":{"n":34}},{"type":"Feature","geometry":{"type":"Polygon","coordinates":[[[-67.5,59.0625],[-66.09375,59.0625],[-66.09375,60.46875],[-67.5,60.46875],[-67.5,59.0625]]]},"properties":{"n":34}},{"type":"Feature","geometry":{"type":"Polygon","coordinates":[[[23.90625,77.34375],[25.3125,77.34375],[25.3125,78.75],[23.90625,78.75],[23.90625,77.34375]]]},"properties":{"n":33}},{"type":"Feature","geometry":{"type":"Polygon","coordinates":[[[-61.875,64.6875],[-60.46875,64.6875],[-60.46875,66.09375],[-61.875,66.09375],[-61.875,64.6875]]]},"properties":{"n":33}},{"type":"Feature","geometry":{"type":"Polygon","coordinates":[[[-50.625,50.625],[-49.21875,50.625],[-49.21875,52.03125],[-50.625,52.03125],[-50.625,50.625]]]},"properties":{"n":33}},{"type":"Feature","geometry":{"type":"Polygon","coordinates":[[[-160.3125,56.25],[-158.90625,56.25],[-158.90625,57.65625],[-160.3125,57.65625],[-160.3125,56.25]]]},"properties":{"n":33}},{"type":"Feature","geometry":{"type":"Polygon","coordinates":[[[-164.53125,59.0625],[-163.125,59.0625],[-163.125,60.46875],[-164.53125,60.46875],[-164.53125,59.0625]]]},"properties":{"n":33}},{"type":"Feature","geometry":{"type":"Polygon","coordinates":[[[22.5,80.15625],[23.90625,80.15625],[23.90625,81.5625],[22.5,81.5625],[22.5,80.15625]]]},"properties":{"n":32}},{"type":"Feature","geometry":{"type":"Polygon","coordinates":[[[39.375,73.125],[40.78125,73.125],[40.78125,74.53125],[39.375,74.53125],[39.375,73.125]]]},"properties":{"n":32}},{"type":"Feature","geometry":{"type":"Polygon","coordinates":[[[11.25,80.15625],[12.65625,80.15625],[12.65625,81.5625],[11.25,81.5625],[11.25,80.15625]]]},"properties":{"n":32}},{"type":"Feature","geometry":{"type":"Polygon","coordinates":[[[-63.28125,45],[-61.875,45],[-61.875,46.40625],[-63.28125,46.40625],[-63.28125,45]]]},"properties":{"n":32}},{"type":"Feature","geometry":{"type":"Polygon","coordinates":[[[-125.15625,45],[-123.75,45],[-123.75,46.40625],[-125.15625,46.40625],[-125.15625,45]]]},"properties":{"n":32}},{"type":"Feature","geometry":{"type":"Polygon","coordinates":[[[-167.34375,57.65625],[-165.9375,57.65625],[-165.9375,59.0625],[-167.34375,59.0625],[-167.34375,57.65625]]]},"properties":{"n":32}},{"type":"Feature","geometry":{"type":"Polygon","coordinates":[[[30.9375,78.75],[32.34375,78.75],[32.34375,80.15625],[30.9375,80.15625],[30.9375,78.75]]]},"properties":{"n":31}},{"type":"Feature","geometry":{"type":"Polygon","coordinates":[[[28.125,78.75],[29.53125,78.75],[29.53125,80.15625],[28.125,80.15625],[28.125,78.75]]]},"properties":{"n":31}},{"type":"Feature","geometry":{"type":"Polygon","coordinates":[[[42.1875,70.3125],[43.59375,70.3125],[43.59375,71.71875],[42.1875,71.71875],[42.1875,70.3125]]]},"properties":{"n":31}},{"type":"Feature","geometry":{"type":"Polygon","coordinates":[[[40.78125,71.71875],[42.1875,71.71875],[42.1875,73.125],[40.78125,73.125],[40.78125,71.71875]]]},"properties":{"n":31}},{"type":"Feature","geometry":{"type":"Polygon","coordinates":[[[22.5,68.90625],[23.90625,68.90625],[23.90625,70.3125],[22.5,70.3125],[22.5,68.90625]]]},"properties":{"n":31}},{"type":"Feature","geometry":{"type":"Polygon","coordinates":[[[-80.15625,50.625],[-78.75,50.625],[-78.75,52.03125],[-80.15625,52.03125],[-80.15625,50.625]]]},"properties":{"n":31}},{"type":"Feature","geometry":{"type":"Polygon","coordinates":[[[26.71875,78.75],[28.125,78.75],[28.125,80.15625],[26.71875,80.15625],[26.71875,78.75]]]},"properties":{"n":30}},{"type":"Feature","geometry":{"type":"Polygon","coordinates":[[[9.84375,80.15625],[11.25,80.15625],[11.25,81.5625],[9.84375,81.5625],[9.84375,80.15625]]]},"properties":{"n":30}},{"type":"Feature","geometry":{"type":"Polygon","coordinates":[[[-66.09375,43.59375],[-64.6875,43.59375],[-64.6875,45],[-66.09375,45],[-66.09375,43.59375]]]},"properties":{"n":30}},{"type":"Feature","geometry":{"type":"Polygon","coordinates":[[[-125.15625,46.40625],[-123.75,46.40625],[-123.75,47.8125],[-125.15625,47.8125],[-125.15625,46.40625]]]},"properties":{"n":30}},{"type":"Feature","geometry":{"type":"Polygon","coordinates":[[[30.9375,77.34375],[32.34375,77.34375],[32.34375,78.75],[30.9375,78.75],[30.9375,77.34375]]]},"properties":{"n":29}},{"type":"Feature","geometry":{"type":"Polygon","coordinates":[[[-165.9375,56.25],[-164.53125,56.25],[-164.53125,57.65625],[-165.9375,57.65625],[-165.9375,56.25]]]},"properties":{"n":29}},{"type":"Feature","geometry":{"type":"Polygon","coordinates":[[[-165.9375,57.65625],[-164.53125,57.65625],[-164.53125,59.0625],[-165.9375,59.0625],[-165.9375,57.65625]]]},"properties":{"n":28}},{"type":"Feature","geometry":{"type":"Polygon","coordinates":[[[33.75,80.15625],[35.15625,80.15625],[35.15625,81.5625],[33.75,81.5625],[33.75,80.15625]]]},"properties":{"n":27}},{"type":"Feature","geometry":{"type":"Polygon","coordinates":[[[37.96875,75.9375],[39.375,75.9375],[39.375,77.34375],[37.96875,77.34375],[37.96875,75.9375]]]},"properties":{"n":27}},{"type":"Feature","geometry":{"type":"Polygon","coordinates":[[[14.0625,78.75],[15.46875,78.75],[15.46875,80.15625],[14.0625,80.15625],[14.0625,78.75]]]},"properties":{"n":27}},{"type":"Feature","geometry":{"type":"Polygon","coordinates":[[[-52.03125,52.03125],[-50.625,52.03125],[-50.625,53.4375],[-52.03125,53.4375],[-52.03125,52.03125]]]},"properties":{"n":27}},{"type":"Feature","geometry":{"type":"Polygon","coordinates":[[[21.09375,75.9375],[22.5,75.9375],[22.5,77.34375],[21.09375,77.34375],[21.09375,75.9375]]]},"properties":{"n":26}},{"type":"Feature","geometry":{"type":"Polygon","coordinates":[[[15.46875,68.90625],[16.875,68.90625],[16.875,70.3125],[15.46875,70.3125],[15.46875,68.90625]]]},"properties":{"n":26}},{"type":"Feature","geometry":{"type":"Polygon","coordinates":[[[46.40625,70.3125],[47.8125,70.3125],[47.8125,71.71875],[46.40625,71.71875],[46.40625,70.3125]]]},"properties":{"n":25}},{"type":"Feature","geometry":{"type":"Polygon","coordinates":[[[29.53125,80.15625],[30.9375,80.15625],[30.9375,81.5625],[29.53125,81.5625],[29.53125,80.15625]]]},"properties":{"n":25}},{"type":"Feature","geometry":{"type":"Polygon","coordinates":[[[-67.5,45],[-66.09375,45],[-66.09375,46.40625],[-67.5,46.40625],[-67.5,45]]]},"properties":{"n":25}},{"type":"Feature","geometry":{"type":"Polygon","coordinates":[[[-146.25,59.0625],[-144.84375,59.0625],[-144.84375,60.46875],[-146.25,60.46875],[-146.25,59.0625]]]},"properties":{"n":25}},{"type":"Feature","geometry":{"type":"Polygon","coordinates":[[[12.65625,78.75],[14.0625,78.75],[14.0625,80.15625],[12.65625,80.15625],[12.65625,78.75]]]},"properties":{"n":24}},{"type":"Feature","geometry":{"type":"Polygon","coordinates":[[[-68.90625,60.46875],[-67.5,60.46875],[-67.5,61.875],[-68.90625,61.875],[-68.90625,60.46875]]]},"properties":{"n":24}},{"type":"Feature","geometry":{"type":"Polygon","coordinates":[[[-70.3125,60.46875],[-68.90625,60.46875],[-68.90625,61.875],[-70.3125,61.875],[-70.3125,60.46875]]]},"properties":{"n":24}},{"type":"Feature","geometry":{"type":"Polygon","coordinates":[[[35.15625,68.90625],[36.5625,68.90625],[36.5625,70.3125],[35.15625,70.3125],[35.15625,68.90625]]]},"properties":{"n":23}},{"type":"Feature","geometry":{"type":"Polygon","coordinates":[[[19.6875,80.15625],[21.09375,80.15625],[21.09375,81.5625],[19.6875,81.5625],[19.6875,80.15625]]]},"properties":{"n":23}},{"type":"Feature","geometry":{"type":"Polygon","coordinates":[[[11.25,78.75],[12.65625,78.75],[12.65625,80.15625],[11.25,80.15625],[11.25,78.75]]]},"properties":{"n":23}},{"type":"Feature","geometry":{"type":"Polygon","coordinates":[[[-63.28125,61.875],[-61.875,61.875],[-61.875,63.28125],[-63.28125,63.28125],[-63.28125,61.875]]]},"properties":{"n":23}},{"type":"Feature","geometry":{"type":"Polygon","coordinates":[[[-53.4375,53.4375],[-52.03125,53.4375],[-52.03125,54.84375],[-53.4375,54.84375],[-53.4375,53.4375]]]},"properties":{"n":23}},{"type":"Feature","geometry":{"type":"Polygon","coordinates":[[[-57.65625,53.4375],[-56.25,53.4375],[-56.25,54.84375],[-57.65625,54.84375],[-57.65625,53.4375]]]},"properties":{"n":23}},{"type":"Feature","geometry":{"type":"Polygon","coordinates":[[[-136.40625,56.25],[-135,56.25],[-135,57.65625],[-136.40625,57.65625],[-136.40625,56.25]]]},"properties":{"n":23}},{"type":"Feature","geometry":{"type":"Polygon","coordinates":[[[-147.65625,59.0625],[-146.25,59.0625],[-146.25,60.46875],[-147.65625,60.46875],[-147.65625,59.0625]]]},"properties":{"n":23}},{"type":"Feature","geometry":{"type":"Polygon","coordinates":[[[-168.75,57.65625],[-167.34375,57.65625],[-167.34375,59.0625],[-168.75,59.0625],[-168.75,57.65625]]]},"properties":{"n":23}},{"type":"Feature","geometry":{"type":"Polygon","coordinates":[[[-161.71875,54.84375],[-160.3125,54.84375],[-160.3125,56.25],[-161.71875,56.25],[-161.71875,54.84375]]]},"properties":{"n":23}},{"type":"Feature","geometry":{"type":"Polygon","coordinates":[[[37.96875,77.34375],[39.375,77.34375],[39.375,78.75],[37.96875,78.75],[37.96875,77.34375]]]},"properties":{"n":22}},{"type":"Feature","geometry":{"type":"Polygon","coordinates":[[[21.09375,80.15625],[22.5,80.15625],[22.5,81.5625],[21.09375,81.5625],[21.09375,80.15625]]]},"properties":{"n":22}},{"type":"Feature","geometry":{"type":"Polygon","coordinates":[[[-77.34375,61.875],[-75.9375,61.875],[-75.9375,63.28125],[-77.34375,63.28125],[-77.34375,61.875]]]},"properties":{"n":22}},{"type":"Feature","geometry":{"type":"Polygon","coordinates":[[[-78.75,61.875],[-77.34375,61.875],[-77.34375,63.28125],[-78.75,63.28125],[-78.75,61.875]]]},"properties":{"n":22}},{"type":"Feature","geometry":{"type":"Polygon","coordinates":[[[-67.5,42.1875],[-66.09375,42.1875],[-66.09375,43.59375],[-67.5,43.59375],[-67.5,42.1875]]]},"properties":{"n":22}},{"type":"Feature","geometry":{"type":"Polygon","coordinates":[[[-125.15625,40.78125],[-123.75,40.78125],[-123.75,42.1875],[-125.15625,42.1875],[-125.15625,40.78125]]]},"properties":{"n":22}},{"type":"Feature","geometry":{"type":"Polygon","coordinates":[[[40.78125,70.3125],[42.1875,70.3125],[42.1875,71.71875],[40.78125,71.71875],[40.78125,70.3125]]]},"properties":{"n":21}},{"type":"Feature","geometry":{"type":"Polygon","coordinates":[[[-160.3125,57.65625],[-158.90625,57.65625],[-158.90625,59.0625],[-160.3125,59.0625],[-160.3125,57.65625]]]},"properties":{"n":21}},{"type":"Feature","geometry":{"type":"Polygon","coordinates":[[[-167.34375,53.4375],[-165.9375,53.4375],[-165.9375,54.84375],[-167.34375,54.84375],[-167.34375,53.4375]]]},"properties":{"n":21}},{"type":"Feature","geometry":{"type":"Polygon","coordinates":[[[35.15625,78.75],[36.5625,78.75],[36.5625,80.15625],[35.15625,80.15625],[35.15625,78.75]]]},"properties":{"n":20}},{"type":"Feature","geometry":{"type":"Polygon","coordinates":[[[32.34375,80.15625],[33.75,80.15625],[33.75,81.5625],[32.34375,81.5625],[32.34375,80.15625]]]},"properties":{"n":20}},{"type":"Feature","geometry":{"type":"Polygon","coordinates":[[[28.125,68.90625],[29.53125,68.90625],[29.53125,70.3125],[28.125,70.3125],[28.125,68.90625]]]},"properties":{"n":20}},{"type":"Feature","geometry":{"type":"Polygon","coordinates":[[[-23.90625,63.28125],[-22.5,63.28125],[-22.5,64.6875],[-23.90625,64.6875],[-23.90625,63.28125]]]},"properties":{"n":20}},{"type":"Feature","geometry":{"type":"Polygon","coordinates":[[[-77.34375,54.84375],[-75.9375,54.84375],[-75.9375,56.25],[-77.34375,56.25],[-77.34375,54.84375]]]},"properties":{"n":20}},{"type":"Feature","geometry":{"type":"Polygon","coordinates":[[[-161.71875,53.4375],[-160.3125,53.4375],[-160.3125,54.84375],[-161.71875,54.84375],[-161.71875,53.4375]]]},"properties":{"n":20}},{"type":"Feature","geometry":{"type":"Polygon","coordinates":[[[-164.53125,53.4375],[-163.125,53.4375],[-163.125,54.84375],[-164.53125,54.84375],[-164.53125,53.4375]]]},"properties":{"n":20}},{"type":"Feature","geometry":{"type":"Polygon","coordinates":[[[-125.15625,43.59375],[-123.75,43.59375],[-123.75,45],[-125.15625,45],[-125.15625,43.59375]]]},"properties":{"n":20}},{"type":"Feature","geometry":{"type":"Polygon","coordinates":[[[14.0625,71.71875],[15.46875,71.71875],[15.46875,73.125],[14.0625,73.125],[14.0625,71.71875]]]},"properties":{"n":19}},{"type":"Feature","geometry":{"type":"Polygon","coordinates":[[[-80.15625,53.4375],[-78.75,53.4375],[-78.75,54.84375],[-80.15625,54.84375],[-80.15625,53.4375]]]},"properties":{"n":19}},{"type":"Feature","geometry":{"type":"Polygon","coordinates":[[[-158.90625,57.65625],[-157.5,57.65625],[-157.5,59.0625],[-158.90625,59.0625],[-158.90625,57.65625]]]},"properties":{"n":18}},{"type":"Feature","geometry":{"type":"Polygon","coordinates":[[[-167.34375,54.84375],[-165.9375,54.84375],[-165.9375,56.25],[-167.34375,56.25],[-167.34375,54.84375]]]},"properties":{"n":18}},{"type":"Feature","geometry":{"type":"Polygon","coordinates":[[[15.46875,70.3125],[16.875,70.3125],[16.875,71.71875],[15.46875,71.71875],[15.46875,70.3125]]]},"properties":{"n":17}},{"type":"Feature","geometry":{"type":"Polygon","coordinates":[[[47.8125,70.3125],[49.21875,70.3125],[49.21875,71.71875],[47.8125,71.71875],[47.8125,70.3125]]]},"properties":{"n":16}},{"type":"Feature","geometry":{"type":"Polygon","coordinates":[[[26.71875,80.15625],[28.125,80.15625],[28.125,81.5625],[26.71875,81.5625],[26.71875,80.15625]]]},"properties":{"n":16}},{"type":"Feature","geometry":{"type":"Polygon","coordinates":[[[23.90625,68.90625],[25.3125,68.90625],[25.3125,70.3125],[23.90625,70.3125],[23.90625,68.90625]]]},"properties":{"n":16}},{"type":"Feature","geometry":{"type":"Polygon","coordinates":[[[-163.125,57.65625],[-161.71875,57.65625],[-161.71875,59.0625],[-163.125,59.0625],[-163.125,57.65625]]]},"properties":{"n":16}},{"type":"Feature","geometry":{"type":"Polygon","coordinates":[[[-163.125,54.84375],[-161.71875,54.84375],[-161.71875,56.25],[-163.125,56.25],[-163.125,54.84375]]]},"properties":{"n":16}},{"type":"Feature","geometry":{"type":"Polygon","coordinates":[[[-163.125,53.4375],[-161.71875,53.4375],[-161.71875,54.84375],[-163.125,54.84375],[-163.125,53.4375]]]},"properties":{"n":16}},{"type":"Feature","geometry":{"type":"Polygon","coordinates":[[[46.40625,71.71875],[47.8125,71.71875],[47.8125,73.125],[46.40625,73.125],[46.40625,71.71875]]]},"properties":{"n":15}},{"type":"Feature","geometry":{"type":"Polygon","coordinates":[[[18.28125,78.75],[19.6875,78.75],[19.6875,80.15625],[18.28125,80.15625],[18.28125,78.75]]]},"properties":{"n":15}},{"type":"Feature","geometry":{"type":"Polygon","coordinates":[[[-60.46875,64.6875],[-59.0625,64.6875],[-59.0625,66.09375],[-60.46875,66.09375],[-60.46875,64.6875]]]},"properties":{"n":15}},{"type":"Feature","geometry":{"type":"Polygon","coordinates":[[[-68.90625,43.59375],[-67.5,43.59375],[-67.5,45],[-68.90625,45],[-68.90625,43.59375]]]},"properties":{"n":15}},{"type":"Feature","geometry":{"type":"Polygon","coordinates":[[[-125.15625,47.8125],[-123.75,47.8125],[-123.75,49.21875],[-125.15625,49.21875],[-125.15625,47.8125]]]},"properties":{"n":15}},{"type":"Feature","geometry":{"type":"Polygon","coordinates":[[[28.125,80.15625],[29.53125,80.15625],[29.53125,81.5625],[28.125,81.5625],[28.125,80.15625]]]},"properties":{"n":14}},{"type":"Feature","geometry":{"type":"Polygon","coordinates":[[[25.3125,80.15625],[26.71875,80.15625],[26.71875,81.5625],[25.3125,81.5625],[25.3125,80.15625]]]},"properties":{"n":14}},{"type":"Feature","geometry":{"type":"Polygon","coordinates":[[[40.78125,77.34375],[42.1875,77.34375],[42.1875,78.75],[40.78125,78.75],[40.78125,77.34375]]]},"properties":{"n":14}},{"type":"Feature","geometry":{"type":"Polygon","coordinates":[[[40.78125,75.9375],[42.1875,75.9375],[42.1875,77.34375],[40.78125,77.34375],[40.78125,75.9375]]]},"properties":{"n":14}},{"type":"Feature","geometry":{"type":"Polygon","coordinates":[[[40.78125,68.90625],[42.1875,68.90625],[42.1875,70.3125],[40.78125,70.3125],[40.78125,68.90625]]]},"properties":{"n":14}},{"type":"Feature","geometry":{"type":"Polygon","coordinates":[[[15.46875,78.75],[16.875,78.75],[16.875,80.15625],[15.46875,80.15625],[15.46875,78.75]]]},"properties":{"n":14}},{"type":"Feature","geometry":{"type":"Polygon","coordinates":[[[-61.875,63.28125],[-60.46875,63.28125],[-60.46875,64.6875],[-61.875,64.6875],[-61.875,63.28125]]]},"properties":{"n":14}},{"type":"Feature","geometry":{"type":"Polygon","coordinates":[[[-68.90625,61.875],[-67.5,61.875],[-67.5,63.28125],[-68.90625,63.28125],[-68.90625,61.875]]]},"properties":{"n":14}},{"type":"Feature","geometry":{"type":"Polygon","coordinates":[[[-73.125,61.875],[-71.71875,61.875],[-71.71875,63.28125],[-73.125,63.28125],[-73.125,61.875]]]},"properties":{"n":14}},{"type":"Feature","geometry":{"type":"Polygon","coordinates":[[[-75.9375,61.875],[-74.53125,61.875],[-74.53125,63.28125],[-75.9375,63.28125],[-75.9375,61.875]]]},"properties":{"n":14}},{"type":"Feature","geometry":{"type":"Polygon","coordinates":[[[-78.75,54.84375],[-77.34375,54.84375],[-77.34375,56.25],[-78.75,56.25],[-78.75,54.84375]]]},"properties":{"n":14}},{"type":"Feature","geometry":{"type":"Polygon","coordinates":[[[-135,57.65625],[-133.59375,57.65625],[-133.59375,59.0625],[-135,59.0625],[-135,57.65625]]]},"properties":{"n":14}},{"type":"Feature","geometry":{"type":"Polygon","coordinates":[[[-164.53125,56.25],[-163.125,56.25],[-163.125,57.65625],[-164.53125,57.65625],[-164.53125,56.25]]]},"properties":{"n":14}},{"type":"Feature","geometry":{"type":"Polygon","coordinates":[[[-170.15625,56.25],[-168.75,56.25],[-168.75,57.65625],[-170.15625,57.65625],[-170.15625,56.25]]]},"properties":{"n":14}},{"type":"Feature","geometry":{"type":"Polygon","coordinates":[[[30.9375,80.15625],[32.34375,80.15625],[32.34375,81.5625],[30.9375,81.5625],[30.9375,80.15625]]]},"properties":{"n":13}},{"type":"Feature","geometry":{"type":"Polygon","coordinates":[[[23.90625,78.75],[25.3125,78.75],[25.3125,80.15625],[23.90625,80.15625],[23.90625,78.75]]]},"properties":{"n":13}},{"type":"Feature","geometry":{"type":"Polygon","coordinates":[[[37.96875,68.90625],[39.375,68.90625],[39.375,70.3125],[37.96875,70.3125],[37.96875,68.90625]]]},"properties":{"n":13}},{"type":"Feature","geometry":{"type":"Polygon","coordinates":[[[14.0625,73.125],[15.46875,73.125],[15.46875,74.53125],[14.0625,74.53125],[14.0625,73.125]]]},"properties":{"n":13}},{"type":"Feature","geometry":{"type":"Polygon","coordinates":[[[-60.46875,56.25],[-59.0625,56.25],[-59.0625,57.65625],[-60.46875,57.65625],[-60.46875,56.25]]]},"properties":{"n":13}},{"type":"Feature","geometry":{"type":"Polygon","coordinates":[[[-61.875,56.25],[-60.46875,56.25],[-60.46875,57.65625],[-61.875,57.65625],[-61.875,56.25]]]},"properties":{"n":13}},{"type":"Feature","geometry":{"type":"Polygon","coordinates":[[[-70.3125,61.875],[-68.90625,61.875],[-68.90625,63.28125],[-70.3125,63.28125],[-70.3125,61.875]]]},"properties":{"n":13}},{"type":"Feature","geometry":{"type":"Polygon","coordinates":[[[-123.75,68.90625],[-122.34375,68.90625],[-122.34375,70.3125],[-123.75,70.3125],[-123.75,68.90625]]]},"properties":{"n":13}},{"type":"Feature","geometry":{"type":"Polygon","coordinates":[[[-123.75,49.21875],[-122.34375,49.21875],[-122.34375,50.625],[-123.75,50.625],[-123.75,49.21875]]]},"properties":{"n":13}},{"type":"Feature","geometry":{"type":"Polygon","coordinates":[[[-165.9375,68.90625],[-164.53125,68.90625],[-164.53125,70.3125],[-165.9375,70.3125],[-165.9375,68.90625]]]},"properties":{"n":13}},{"type":"Feature","geometry":{"type":"Polygon","coordinates":[[[-174.375,63.28125],[-172.96875,63.28125],[-172.96875,64.6875],[-174.375,64.6875],[-174.375,63.28125]]]},"properties":{"n":13}},{"type":"Feature","geometry":{"type":"Polygon","coordinates":[[[-170.15625,57.65625],[-168.75,57.65625],[-168.75,59.0625],[-170.15625,59.0625],[-170.15625,57.65625]]]},"properties":{"n":13}},{"type":"Feature","geometry":{"type":"Polygon","coordinates":[[[154.6875,54.84375],[156.09375,54.84375],[156.09375,56.25],[154.6875,56.25],[154.6875,54.84375]]]},"properties":{"n":12}},{"type":"Feature","geometry":{"type":"Polygon","coordinates":[[[5.625,78.75],[7.03125,78.75],[7.03125,80.15625],[5.625,80.15625],[5.625,78.75]]]},"properties":{"n":12}},{"type":"Feature","geometry":{"type":"Polygon","coordinates":[[[-8.4375,67.5],[-7.03125,67.5],[-7.03125,68.90625],[-8.4375,68.90625],[-8.4375,67.5]]]},"properties":{"n":12}},{"type":"Feature","geometry":{"type":"Polygon","coordinates":[[[-61.875,57.65625],[-60.46875,57.65625],[-60.46875,59.0625],[-61.875,59.0625],[-61.875,57.65625]]]},"properties":{"n":12}},{"type":"Feature","geometry":{"type":"Polygon","coordinates":[[[-74.53125,63.28125],[-73.125,63.28125],[-73.125,64.6875],[-74.53125,64.6875],[-74.53125,63.28125]]]},"properties":{"n":12}},{"type":"Feature","geometry":{"type":"Polygon","coordinates":[[[-56.25,43.59375],[-54.84375,43.59375],[-54.84375,45],[-56.25,45],[-56.25,43.59375]]]},"properties":{"n":12}},{"type":"Feature","geometry":{"type":"Polygon","coordinates":[[[-150.46875,56.25],[-149.0625,56.25],[-149.0625,57.65625],[-150.46875,57.65625],[-150.46875,56.25]]]},"properties":{"n":12}},{"type":"Feature","geometry":{"type":"Polygon","coordinates":[[[43.59375,68.90625],[45,68.90625],[45,70.3125],[43.59375,70.3125],[43.59375,68.90625]]]},"properties":{"n":11}},{"type":"Feature","geometry":{"type":"Polygon","coordinates":[[[8.4375,80.15625],[9.84375,80.15625],[9.84375,81.5625],[8.4375,81.5625],[8.4375,80.15625]]]},"properties":{"n":11}},{"type":"Feature","geometry":{"type":"Polygon","coordinates":[[[-66.09375,60.46875],[-64.6875,60.46875],[-64.6875,61.875],[-66.09375,61.875],[-66.09375,60.46875]]]},"properties":{"n":11}},{"type":"Feature","geometry":{"type":"Polygon","coordinates":[[[-137.8125,57.65625],[-136.40625,57.65625],[-136.40625,59.0625],[-137.8125,59.0625],[-137.8125,57.65625]]]},"properties":{"n":11}},{"type":"Feature","geometry":{"type":"Polygon","coordinates":[[[-165.9375,59.0625],[-164.53125,59.0625],[-164.53125,60.46875],[-165.9375,60.46875],[-165.9375,59.0625]]]},"properties":{"n":11}},{"type":"Feature","geometry":{"type":"Polygon","coordinates":[[[-168.75,54.84375],[-167.34375,54.84375],[-167.34375,56.25],[-168.75,56.25],[-168.75,54.84375]]]},"properties":{"n":11}},{"type":"Feature","geometry":{"type":"Polygon","coordinates":[[[7.03125,77.34375],[8.4375,77.34375],[8.4375,78.75],[7.03125,78.75],[7.03125,77.34375]]]},"properties":{"n":10}},{"type":"Feature","geometry":{"type":"Polygon","coordinates":[[[-60.46875,42.1875],[-59.0625,42.1875],[-59.0625,43.59375],[-60.46875,43.59375],[-60.46875,42.1875]]]},"properties":{"n":10}},{"type":"Feature","geometry":{"type":"Polygon","coordinates":[[[-161.71875,56.25],[-160.3125,56.25],[-160.3125,57.65625],[-161.71875,57.65625],[-161.71875,56.25]]]},"properties":{"n":10}},{"type":"Feature","geometry":{"type":"Polygon","coordinates":[[[25.3125,78.75],[26.71875,78.75],[26.71875,80.15625],[25.3125,80.15625],[25.3125,78.75]]]},"properties":{"n":9}},{"type":"Feature","geometry":{"type":"Polygon","coordinates":[[[-63.28125,59.0625],[-61.875,59.0625],[-61.875,60.46875],[-63.28125,60.46875],[-63.28125,59.0625]]]},"properties":{"n":9}},{"type":"Feature","geometry":{"type":"Polygon","coordinates":[[[-66.09375,59.0625],[-64.6875,59.0625],[-64.6875,60.46875],[-66.09375,60.46875],[-66.09375,59.0625]]]},"properties":{"n":9}},{"type":"Feature","geometry":{"type":"Polygon","coordinates":[[[-60.46875,54.84375],[-59.0625,54.84375],[-59.0625,56.25],[-60.46875,56.25],[-60.46875,54.84375]]]},"properties":{"n":9}},{"type":"Feature","geometry":{"type":"Polygon","coordinates":[[[-66.09375,46.40625],[-64.6875,46.40625],[-64.6875,47.8125],[-66.09375,47.8125],[-66.09375,46.40625]]]},"properties":{"n":9}},{"type":"Feature","geometry":{"type":"Polygon","coordinates":[[[-75.9375,63.28125],[-74.53125,63.28125],[-74.53125,64.6875],[-75.9375,64.6875],[-75.9375,63.28125]]]},"properties":{"n":9}},{"type":"Feature","geometry":{"type":"Polygon","coordinates":[[[-77.34375,63.28125],[-75.9375,63.28125],[-75.9375,64.6875],[-77.34375,64.6875],[-77.34375,63.28125]]]},"properties":{"n":9}},{"type":"Feature","geometry":{"type":"Polygon","coordinates":[[[-80.15625,54.84375],[-78.75,54.84375],[-78.75,56.25],[-80.15625,56.25],[-80.15625,54.84375]]]},"properties":{"n":9}},{"type":"Feature","geometry":{"type":"Polygon","coordinates":[[[-70.3125,43.59375],[-68.90625,43.59375],[-68.90625,45],[-70.3125,45],[-70.3125,43.59375]]]},"properties":{"n":9}},{"type":"Feature","geometry":{"type":"Polygon","coordinates":[[[-108.28125,67.5],[-106.875,67.5],[-106.875,68.90625],[-108.28125,68.90625],[-108.28125,67.5]]]},"properties":{"n":9}},{"type":"Feature","geometry":{"type":"Polygon","coordinates":[[[-129.375,70.3125],[-127.96875,70.3125],[-127.96875,71.71875],[-129.375,71.71875],[-129.375,70.3125]]]},"properties":{"n":9}},{"type":"Feature","geometry":{"type":"Polygon","coordinates":[[[-167.34375,67.5],[-165.9375,67.5],[-165.9375,68.90625],[-167.34375,68.90625],[-167.34375,67.5]]]},"properties":{"n":9}},{"type":"Feature","geometry":{"type":"Polygon","coordinates":[[[-172.96875,61.875],[-171.5625,61.875],[-171.5625,63.28125],[-172.96875,63.28125],[-172.96875,61.875]]]},"properties":{"n":9}},{"type":"Feature","geometry":{"type":"Polygon","coordinates":[[[45,73.125],[46.40625,73.125],[46.40625,74.53125],[45,74.53125],[45,73.125]]]},"properties":{"n":8}},{"type":"Feature","geometry":{"type":"Polygon","coordinates":[[[22.5,78.75],[23.90625,78.75],[23.90625,80.15625],[22.5,80.15625],[22.5,78.75]]]},"properties":{"n":8}},{"type":"Feature","geometry":{"type":"Polygon","coordinates":[[[39.375,77.34375],[40.78125,77.34375],[40.78125,78.75],[39.375,78.75],[39.375,77.34375]]]},"properties":{"n":8}},{"type":"Feature","geometry":{"type":"Polygon","coordinates":[[[36.5625,68.90625],[37.96875,68.90625],[37.96875,70.3125],[36.5625,70.3125],[36.5625,68.90625]]]},"properties":{"n":8}},{"type":"Feature","geometry":{"type":"Polygon","coordinates":[[[5.625,80.15625],[7.03125,80.15625],[7.03125,81.5625],[5.625,81.5625],[5.625,80.15625]]]},"properties":{"n":8}},{"type":"Feature","geometry":{"type":"Polygon","coordinates":[[[4.21875,80.15625],[5.625,80.15625],[5.625,81.5625],[4.21875,81.5625],[4.21875,80.15625]]]},"properties":{"n":8}},{"type":"Feature","geometry":{"type":"Polygon","coordinates":[[[14.0625,68.90625],[15.46875,68.90625],[15.46875,70.3125],[14.0625,70.3125],[14.0625,68.90625]]]},"properties":{"n":8}},{"type":"Feature","geometry":{"type":"Polygon","coordinates":[[[88.59375,21.09375],[90,21.09375],[90,22.5],[88.59375,22.5],[88.59375,21.09375]]]},"properties":{"n":8}},{"type":"Feature","geometry":{"type":"Polygon","coordinates":[[[-26.71875,64.6875],[-25.3125,64.6875],[-25.3125,66.09375],[-26.71875,66.09375],[-26.71875,64.6875]]]},"properties":{"n":8}},{"type":"Feature","geometry":{"type":"Polygon","coordinates":[[[-30.9375,64.6875],[-29.53125,64.6875],[-29.53125,66.09375],[-30.9375,66.09375],[-30.9375,64.6875]]]},"properties":{"n":8}},{"type":"Feature","geometry":{"type":"Polygon","coordinates":[[[-63.28125,64.6875],[-61.875,64.6875],[-61.875,66.09375],[-63.28125,66.09375],[-63.28125,64.6875]]]},"properties":{"n":8}},{"type":"Feature","geometry":{"type":"Polygon","coordinates":[[[-63.28125,63.28125],[-61.875,63.28125],[-61.875,64.6875],[-63.28125,64.6875],[-63.28125,63.28125]]]},"properties":{"n":8}},{"type":"Feature","geometry":{"type":"Polygon","coordinates":[[[-64.6875,60.46875],[-63.28125,60.46875],[-63.28125,61.875],[-64.6875,61.875],[-64.6875,60.46875]]]},"properties":{"n":8}},{"type":"Feature","geometry":{"type":"Polygon","coordinates":[[[-46.40625,46.40625],[-45,46.40625],[-45,47.8125],[-46.40625,47.8125],[-46.40625,46.40625]]]},"properties":{"n":8}},{"type":"Feature","geometry":{"type":"Polygon","coordinates":[[[-68.90625,57.65625],[-67.5,57.65625],[-67.5,59.0625],[-68.90625,59.0625],[-68.90625,57.65625]]]},"properties":{"n":8}},{"type":"Feature","geometry":{"type":"Polygon","coordinates":[[[-82.96875,61.875],[-81.5625,61.875],[-81.5625,63.28125],[-82.96875,63.28125],[-82.96875,61.875]]]},"properties":{"n":8}},{"type":"Feature","geometry":{"type":"Polygon","coordinates":[[[-125.15625,49.21875],[-123.75,49.21875],[-123.75,50.625],[-125.15625,50.625],[-125.15625,49.21875]]]},"properties":{"n":8}},{"type":"Feature","geometry":{"type":"Polygon","coordinates":[[[-171.5625,56.25],[-170.15625,56.25],[-170.15625,57.65625],[-171.5625,57.65625],[-171.5625,56.25]]]},"properties":{"n":8}},{"type":"Feature","geometry":{"type":"Polygon","coordinates":[[[-125.15625,42.1875],[-123.75,42.1875],[-123.75,43.59375],[-125.15625,43.59375],[-125.15625,42.1875]]]},"properties":{"n":8}},{"type":"Feature","geometry":{"type":"Polygon","coordinates":[[[45,68.90625],[46.40625,68.90625],[46.40625,70.3125],[45,70.3125],[45,68.90625]]]},"properties":{"n":7}},{"type":"Feature","geometry":{"type":"Polygon","coordinates":[[[42.1875,68.90625],[43.59375,68.90625],[43.59375,70.3125],[42.1875,70.3125],[42.1875,68.90625]]]},"properties":{"n":7}},{"type":"Feature","geometry":{"type":"Polygon","coordinates":[[[8.4375,75.9375],[9.84375,75.9375],[9.84375,77.34375],[8.4375,77.34375],[8.4375,75.9375]]]},"properties":{"n":7}},{"type":"Feature","geometry":{"type":"Polygon","coordinates":[[[-25.3125,64.6875],[-23.90625,64.6875],[-23.90625,66.09375],[-25.3125,66.09375],[-25.3125,64.6875]]]},"properties":{"n":7}},{"type":"Feature","geometry":{"type":"Polygon","coordinates":[[[-28.125,64.6875],[-26.71875,64.6875],[-26.71875,66.09375],[-28.125,66.09375],[-28.125,64.6875]]]},"properties":{"n":7}},{"type":"Feature","geometry":{"type":"Polygon","coordinates":[[[-67.5,60.46875],[-66.09375,60.46875],[-66.09375,61.875],[-67.5,61.875],[-67.5,60.46875]]]},"properties":{"n":7}},{"type":"Feature","geometry":{"type":"Polygon","coordinates":[[[-54.84375,54.84375],[-53.4375,54.84375],[-53.4375,56.25],[-54.84375,56.25],[-54.84375,54.84375]]]},"properties":{"n":7}},{"type":"Feature","geometry":{"type":"Polygon","coordinates":[[[-78.75,63.28125],[-77.34375,63.28125],[-77.34375,64.6875],[-78.75,64.6875],[-78.75,63.28125]]]},"properties":{"n":7}},{"type":"Feature","geometry":{"type":"Polygon","coordinates":[[[-78.75,52.03125],[-77.34375,52.03125],[-77.34375,53.4375],[-78.75,53.4375],[-78.75,52.03125]]]},"properties":{"n":7}},{"type":"Feature","geometry":{"type":"Polygon","coordinates":[[[-80.15625,52.03125],[-78.75,52.03125],[-78.75,53.4375],[-80.15625,53.4375],[-80.15625,52.03125]]]},"properties":{"n":7}},{"type":"Feature","geometry":{"type":"Polygon","coordinates":[[[-123.75,47.8125],[-122.34375,47.8125],[-122.34375,49.21875],[-123.75,49.21875],[-123.75,47.8125]]]},"properties":{"n":7}},{"type":"Feature","geometry":{"type":"Polygon","coordinates":[[[-130.78125,53.4375],[-129.375,53.4375],[-129.375,54.84375],[-130.78125,54.84375],[-130.78125,53.4375]]]},"properties":{"n":7}},{"type":"Feature","geometry":{"type":"Polygon","coordinates":[[[-136.40625,57.65625],[-135,57.65625],[-135,59.0625],[-136.40625,59.0625],[-136.40625,57.65625]]]},"properties":{"n":7}},{"type":"Feature","geometry":{"type":"Polygon","coordinates":[[[-153.28125,54.84375],[-151.875,54.84375],[-151.875,56.25],[-153.28125,56.25],[-153.28125,54.84375]]]},"properties":{"n":7}},{"type":"Feature","geometry":{"type":"Polygon","coordinates":[[[-171.5625,59.0625],[-170.15625,59.0625],[-170.15625,60.46875],[-171.5625,60.46875],[-171.5625,59.0625]]]},"properties":{"n":7}},{"type":"Feature","geometry":{"type":"Polygon","coordinates":[[[47.8125,71.71875],[49.21875,71.71875],[49.21875,73.125],[47.8125,73.125],[47.8125,71.71875]]]},"properties":{"n":6}},{"type":"Feature","geometry":{"type":"Polygon","coordinates":[[[37.96875,78.75],[39.375,78.75],[39.375,80.15625],[37.96875,80.15625],[37.96875,78.75]]]},"properties":{"n":6}},{"type":"Feature","geometry":{"type":"Polygon","coordinates":[[[39.375,68.90625],[40.78125,68.90625],[40.78125,70.3125],[39.375,70.3125],[39.375,68.90625]]]},"properties":{"n":6}},{"type":"Feature","geometry":{"type":"Polygon","coordinates":[[[7.03125,80.15625],[8.4375,80.15625],[8.4375,81.5625],[7.03125,81.5625],[7.03125,80.15625]]]},"properties":{"n":6}},{"type":"Feature","geometry":{"type":"Polygon","coordinates":[[[18.28125,77.34375],[19.6875,77.34375],[19.6875,78.75],[18.28125,78.75],[18.28125,77.34375]]]},"properties":{"n":6}},{"type":"Feature","geometry":{"type":"Polygon","coordinates":[[[15.46875,77.34375],[16.875,77.34375],[16.875,78.75],[15.46875,78.75],[15.46875,77.34375]]]},"properties":{"n":6}},{"type":"Feature","geometry":{"type":"Polygon","coordinates":[[[12.65625,73.125],[14.0625,73.125],[14.0625,74.53125],[12.65625,74.53125],[12.65625,73.125]]]},"properties":{"n":6}},{"type":"Feature","geometry":{"type":"Polygon","coordinates":[[[12.65625,67.5],[14.0625,67.5],[14.0625,68.90625],[12.65625,68.90625],[12.65625,67.5]]]},"properties":{"n":6}},{"type":"Feature","geometry":{"type":"Polygon","coordinates":[[[11.25,67.5],[12.65625,67.5],[12.65625,68.90625],[11.25,68.90625],[11.25,67.5]]]},"properties":{"n":6}},{"type":"Feature","geometry":{"type":"Polygon","coordinates":[[[-45,46.40625],[-43.59375,46.40625],[-43.59375,47.8125],[-45,47.8125],[-45,46.40625]]]},"properties":{"n":6}},{"type":"Feature","geometry":{"type":"Polygon","coordinates":[[[-52.03125,68.90625],[-50.625,68.90625],[-50.625,70.3125],[-52.03125,70.3125],[-52.03125,68.90625]]]},"properties":{"n":6}},{"type":"Feature","geometry":{"type":"Polygon","coordinates":[[[-60.46875,67.5],[-59.0625,67.5],[-59.0625,68.90625],[-60.46875,68.90625],[-60.46875,67.5]]]},"properties":{"n":6}},{"type":"Feature","geometry":{"type":"Polygon","coordinates":[[[-74.53125,61.875],[-73.125,61.875],[-73.125,63.28125],[-74.53125,63.28125],[-74.53125,61.875]]]},"properties":{"n":6}},{"type":"Feature","geometry":{"type":"Polygon","coordinates":[[[-71.71875,60.46875],[-70.3125,60.46875],[-70.3125,61.875],[-71.71875,61.875],[-71.71875,60.46875]]]},"properties":{"n":6}},{"type":"Feature","geometry":{"type":"Polygon","coordinates":[[[-67.5,40.78125],[-66.09375,40.78125],[-66.09375,42.1875],[-67.5,42.1875],[-67.5,40.78125]]]},"properties":{"n":6}},{"type":"Feature","geometry":{"type":"Polygon","coordinates":[[[-92.8125,56.25],[-91.40625,56.25],[-91.40625,57.65625],[-92.8125,57.65625],[-92.8125,56.25]]]},"properties":{"n":6}},{"type":"Feature","geometry":{"type":"Polygon","coordinates":[[[-167.34375,68.90625],[-165.9375,68.90625],[-165.9375,70.3125],[-167.34375,70.3125],[-167.34375,68.90625]]]},"properties":{"n":6}},{"type":"Feature","geometry":{"type":"Polygon","coordinates":[[[-144.84375,59.0625],[-143.4375,59.0625],[-143.4375,60.46875],[-144.84375,60.46875],[-144.84375,59.0625]]]},"properties":{"n":6}},{"type":"Feature","geometry":{"type":"Polygon","coordinates":[[[-165.9375,63.28125],[-164.53125,63.28125],[-164.53125,64.6875],[-165.9375,64.6875],[-165.9375,63.28125]]]},"properties":{"n":6}},{"type":"Feature","geometry":{"type":"Polygon","coordinates":[[[-161.71875,57.65625],[-160.3125,57.65625],[-160.3125,59.0625],[-161.71875,59.0625],[-161.71875,57.65625]]]},"properties":{"n":6}},{"type":"Feature","geometry":{"type":"Polygon","coordinates":[[[-158.90625,53.4375],[-157.5,53.4375],[-157.5,54.84375],[-158.90625,54.84375],[-158.90625,53.4375]]]},"properties":{"n":6}},{"type":"Feature","geometry":{"type":"Polygon","coordinates":[[[-160.3125,53.4375],[-158.90625,53.4375],[-158.90625,54.84375],[-160.3125,54.84375],[-160.3125,53.4375]]]},"properties":{"n":6}},{"type":"Feature","geometry":{"type":"Polygon","coordinates":[[[47.8125,73.125],[49.21875,73.125],[49.21875,74.53125],[47.8125,74.53125],[47.8125,73.125]]]},"properties":{"n":5}},{"type":"Feature","geometry":{"type":"Polygon","coordinates":[[[42.1875,77.34375],[43.59375,77.34375],[43.59375,78.75],[42.1875,78.75],[42.1875,77.34375]]]},"properties":{"n":5}},{"type":"Feature","geometry":{"type":"Polygon","coordinates":[[[42.1875,74.53125],[43.59375,74.53125],[43.59375,75.9375],[42.1875,75.9375],[42.1875,74.53125]]]},"properties":{"n":5}},{"type":"Feature","geometry":{"type":"Polygon","coordinates":[[[9.84375,75.9375],[11.25,75.9375],[11.25,77.34375],[9.84375,77.34375],[9.84375,75.9375]]]},"properties":{"n":5}},{"type":"Feature","geometry":{"type":"Polygon","coordinates":[[[7.03125,75.9375],[8.4375,75.9375],[8.4375,77.34375],[7.03125,77.34375],[7.03125,75.9375]]]},"properties":{"n":5}},{"type":"Feature","geometry":{"type":"Polygon","coordinates":[[[4.21875,77.34375],[5.625,77.34375],[5.625,78.75],[4.21875,78.75],[4.21875,77.34375]]]},"properties":{"n":5}},{"type":"Feature","geometry":{"type":"Polygon","coordinates":[[[4.21875,75.9375],[5.625,75.9375],[5.625,77.34375],[4.21875,77.34375],[4.21875,75.9375]]]},"properties":{"n":5}},{"type":"Feature","geometry":{"type":"Polygon","coordinates":[[[-7.03125,71.71875],[-5.625,71.71875],[-5.625,73.125],[-7.03125,73.125],[-7.03125,71.71875]]]},"properties":{"n":5}},{"type":"Feature","geometry":{"type":"Polygon","coordinates":[[[-11.25,71.71875],[-9.84375,71.71875],[-9.84375,73.125],[-11.25,73.125],[-11.25,71.71875]]]},"properties":{"n":5}},{"type":"Feature","geometry":{"type":"Polygon","coordinates":[[[-42.1875,59.0625],[-40.78125,59.0625],[-40.78125,60.46875],[-42.1875,60.46875],[-42.1875,59.0625]]]},"properties":{"n":5}},{"type":"Feature","geometry":{"type":"Polygon","coordinates":[[[-61.875,66.09375],[-60.46875,66.09375],[-60.46875,67.5],[-61.875,67.5],[-61.875,66.09375]]]},"properties":{"n":5}},{"type":"Feature","geometry":{"type":"Polygon","coordinates":[[[-63.28125,66.09375],[-61.875,66.09375],[-61.875,67.5],[-63.28125,67.5],[-63.28125,66.09375]]]},"properties":{"n":5}},{"type":"Feature","geometry":{"type":"Polygon","coordinates":[[[-64.6875,63.28125],[-63.28125,63.28125],[-63.28125,64.6875],[-64.6875,64.6875],[-64.6875,63.28125]]]},"properties":{"n":5}},{"type":"Feature","geometry":{"type":"Polygon","coordinates":[[[-59.0625,56.25],[-57.65625,56.25],[-57.65625,57.65625],[-59.0625,57.65625],[-59.0625,56.25]]]},"properties":{"n":5}},{"type":"Feature","geometry":{"type":"Polygon","coordinates":[[[-63.28125,42.1875],[-61.875,42.1875],[-61.875,43.59375],[-63.28125,43.59375],[-63.28125,42.1875]]]},"properties":{"n":5}},{"type":"Feature","geometry":{"type":"Polygon","coordinates":[[[-115.3125,67.5],[-113.90625,67.5],[-113.90625,68.90625],[-115.3125,68.90625],[-115.3125,67.5]]]},"properties":{"n":5}},{"type":"Feature","geometry":{"type":"Polygon","coordinates":[[[-154.6875,70.3125],[-153.28125,70.3125],[-153.28125,71.71875],[-154.6875,71.71875],[-154.6875,70.3125]]]},"properties":{"n":5}},{"type":"Feature","geometry":{"type":"Polygon","coordinates":[[[-168.75,67.5],[-167.34375,67.5],[-167.34375,68.90625],[-168.75,68.90625],[-168.75,67.5]]]},"properties":{"n":5}},{"type":"Feature","geometry":{"type":"Polygon","coordinates":[[[-178.59375,70.3125],[-177.1875,70.3125],[-177.1875,71.71875],[-178.59375,71.71875],[-178.59375,70.3125]]]},"properties":{"n":5}},{"type":"Feature","geometry":{"type":"Polygon","coordinates":[[[-149.0625,57.65625],[-147.65625,57.65625],[-147.65625,59.0625],[-149.0625,59.0625],[-149.0625,57.65625]]]},"properties":{"n":5}},{"type":"Feature","geometry":{"type":"Polygon","coordinates":[[[-167.34375,63.28125],[-165.9375,63.28125],[-165.9375,64.6875],[-167.34375,64.6875],[-167.34375,63.28125]]]},"properties":{"n":5}},{"type":"Feature","geometry":{"type":"Polygon","coordinates":[[[-170.15625,63.28125],[-168.75,63.28125],[-168.75,64.6875],[-170.15625,64.6875],[-170.15625,63.28125]]]},"properties":{"n":5}},{"type":"Feature","geometry":{"type":"Polygon","coordinates":[[[-177.1875,59.0625],[-175.78125,59.0625],[-175.78125,60.46875],[-177.1875,60.46875],[-177.1875,59.0625]]]},"properties":{"n":5}},{"type":"Feature","geometry":{"type":"Polygon","coordinates":[[[49.21875,73.125],[50.625,73.125],[50.625,74.53125],[49.21875,74.53125],[49.21875,73.125]]]},"properties":{"n":4}},{"type":"Feature","geometry":{"type":"Polygon","coordinates":[[[46.40625,73.125],[47.8125,73.125],[47.8125,74.53125],[46.40625,74.53125],[46.40625,73.125]]]},"properties":{"n":4}},{"type":"Feature","geometry":{"type":"Polygon","coordinates":[[[49.21875,71.71875],[50.625,71.71875],[50.625,73.125],[49.21875,73.125],[49.21875,71.71875]]]},"properties":{"n":4}},{"type":"Feature","geometry":{"type":"Polygon","coordinates":[[[36.5625,78.75],[37.96875,78.75],[37.96875,80.15625],[36.5625,80.15625],[36.5625,78.75]]]},"properties":{"n":4}},{"type":"Feature","geometry":{"type":"Polygon","coordinates":[[[12.65625,74.53125],[14.0625,74.53125],[14.0625,75.9375],[12.65625,75.9375],[12.65625,74.53125]]]},"properties":{"n":4}},{"type":"Feature","geometry":{"type":"Polygon","coordinates":[[[14.0625,70.3125],[15.46875,70.3125],[15.46875,71.71875],[14.0625,71.71875],[14.0625,70.3125]]]},"properties":{"n":4}},{"type":"Feature","geometry":{"type":"Polygon","coordinates":[[[12.65625,64.6875],[14.0625,64.6875],[14.0625,66.09375],[12.65625,66.09375],[12.65625,64.6875]]]},"properties":{"n":4}},{"type":"Feature","geometry":{"type":"Polygon","coordinates":[[[-22.5,63.28125],[-21.09375,63.28125],[-21.09375,64.6875],[-22.5,64.6875],[-22.5,63.28125]]]},"properties":{"n":4}},{"type":"Feature","geometry":{"type":"Polygon","coordinates":[[[-25.3125,63.28125],[-23.90625,63.28125],[-23.90625,64.6875],[-25.3125,64.6875],[-25.3125,63.28125]]]},"properties":{"n":4}},{"type":"Feature","geometry":{"type":"Polygon","coordinates":[[[-33.75,64.6875],[-32.34375,64.6875],[-32.34375,66.09375],[-33.75,66.09375],[-33.75,64.6875]]]},"properties":{"n":4}},{"type":"Feature","geometry":{"type":"Polygon","coordinates":[[[-36.5625,63.28125],[-35.15625,63.28125],[-35.15625,64.6875],[-36.5625,64.6875],[-36.5625,63.28125]]]},"properties":{"n":4}},{"type":"Feature","geometry":{"type":"Polygon","coordinates":[[[-54.84375,68.90625],[-53.4375,68.90625],[-53.4375,70.3125],[-54.84375,70.3125],[-54.84375,68.90625]]]},"properties":{"n":4}},{"type":"Feature","geometry":{"type":"Polygon","coordinates":[[[-56.25,59.0625],[-54.84375,59.0625],[-54.84375,60.46875],[-56.25,60.46875],[-56.25,59.0625]]]},"properties":{"n":4}},{"type":"Feature","geometry":{"type":"Polygon","coordinates":[[[-132.1875,68.90625],[-130.78125,68.90625],[-130.78125,70.3125],[-132.1875,70.3125],[-132.1875,68.90625]]]},"properties":{"n":4}},{"type":"Feature","geometry":{"type":"Polygon","coordinates":[[[-91.40625,64.6875],[-90,64.6875],[-90,66.09375],[-91.40625,66.09375],[-91.40625,64.6875]]]},"properties":{"n":4}},{"type":"Feature","geometry":{"type":"Polygon","coordinates":[[[-95.625,57.65625],[-94.21875,57.65625],[-94.21875,59.0625],[-95.625,59.0625],[-95.625,57.65625]]]},"properties":{"n":4}},{"type":"Feature","geometry":{"type":"Polygon","coordinates":[[[-126.5625,50.625],[-125.15625,50.625],[-125.15625,52.03125],[-126.5625,52.03125],[-126.5625,50.625]]]},"properties":{"n":4}},{"type":"Feature","geometry":{"type":"Polygon","coordinates":[[[-126.5625,49.21875],[-125.15625,49.21875],[-125.15625,50.625],[-126.5625,50.625],[-126.5625,49.21875]]]},"properties":{"n":4}},{"type":"Feature","geometry":{"type":"Polygon","coordinates":[[[-170.15625,67.5],[-168.75,67.5],[-168.75,68.90625],[-170.15625,68.90625],[-170.15625,67.5]]]},"properties":{"n":4}},{"type":"Feature","geometry":{"type":"Polygon","coordinates":[[[-140.625,59.0625],[-139.21875,59.0625],[-139.21875,60.46875],[-140.625,60.46875],[-140.625,59.0625]]]},"properties":{"n":4}},{"type":"Feature","geometry":{"type":"Polygon","coordinates":[[[-139.21875,57.65625],[-137.8125,57.65625],[-137.8125,59.0625],[-139.21875,59.0625],[-139.21875,57.65625]]]},"properties":{"n":4}},{"type":"Feature","geometry":{"type":"Polygon","coordinates":[[[-147.65625,60.46875],[-146.25,60.46875],[-146.25,61.875],[-147.65625,61.875],[-147.65625,60.46875]]]},"properties":{"n":4}},{"type":"Feature","geometry":{"type":"Polygon","coordinates":[[[-168.75,64.6875],[-167.34375,64.6875],[-167.34375,66.09375],[-168.75,66.09375],[-168.75,64.6875]]]},"properties":{"n":4}},{"type":"Feature","geometry":{"type":"Polygon","coordinates":[[[-168.75,63.28125],[-167.34375,63.28125],[-167.34375,64.6875],[-168.75,64.6875],[-168.75,63.28125]]]},"properties":{"n":4}},{"type":"Feature","geometry":{"type":"Polygon","coordinates":[[[-163.125,56.25],[-161.71875,56.25],[-161.71875,57.65625],[-163.125,57.65625],[-163.125,56.25]]]},"properties":{"n":4}},{"type":"Feature","geometry":{"type":"Polygon","coordinates":[[[-170.15625,64.6875],[-168.75,64.6875],[-168.75,66.09375],[-170.15625,66.09375],[-170.15625,64.6875]]]},"properties":{"n":4}},{"type":"Feature","geometry":{"type":"Polygon","coordinates":[[[-172.96875,60.46875],[-171.5625,60.46875],[-171.5625,61.875],[-172.96875,61.875],[-172.96875,60.46875]]]},"properties":{"n":4}},{"type":"Feature","geometry":{"type":"Polygon","coordinates":[[[-174.375,60.46875],[-172.96875,60.46875],[-172.96875,61.875],[-174.375,61.875],[-174.375,60.46875]]]},"properties":{"n":4}},{"type":"Feature","geometry":{"type":"Polygon","coordinates":[[[-125.15625,39.375],[-123.75,39.375],[-123.75,40.78125],[-125.15625,40.78125],[-125.15625,39.375]]]},"properties":{"n":4}},{"type":"Feature","geometry":{"type":"Polygon","coordinates":[[[40.78125,78.75],[42.1875,78.75],[42.1875,80.15625],[40.78125,80.15625],[40.78125,78.75]]]},"properties":{"n":3}},{"type":"Feature","geometry":{"type":"Polygon","coordinates":[[[43.59375,77.34375],[45,77.34375],[45,78.75],[43.59375,78.75],[43.59375,77.34375]]]},"properties":{"n":3}},{"type":"Feature","geometry":{"type":"Polygon","coordinates":[[[43.59375,75.9375],[45,75.9375],[45,77.34375],[43.59375,77.34375],[43.59375,75.9375]]]},"properties":{"n":3}},{"type":"Feature","geometry":{"type":"Polygon","coordinates":[[[43.59375,74.53125],[45,74.53125],[45,75.9375],[43.59375,75.9375],[43.59375,74.53125]]]},"properties":{"n":3}},{"type":"Feature","geometry":{"type":"Polygon","coordinates":[[[43.59375,73.125],[45,73.125],[45,74.53125],[43.59375,74.53125],[43.59375,73.125]]]},"properties":{"n":3}},{"type":"Feature","geometry":{"type":"Polygon","coordinates":[[[19.6875,77.34375],[21.09375,77.34375],[21.09375,78.75],[19.6875,78.75],[19.6875,77.34375]]]},"properties":{"n":3}},{"type":"Feature","geometry":{"type":"Polygon","coordinates":[[[15.46875,67.5],[16.875,67.5],[16.875,68.90625],[15.46875,68.90625],[15.46875,67.5]]]},"properties":{"n":3}},{"type":"Feature","geometry":{"type":"Polygon","coordinates":[[[12.65625,68.90625],[14.0625,68.90625],[14.0625,70.3125],[12.65625,70.3125],[12.65625,68.90625]]]},"properties":{"n":3}},{"type":"Feature","geometry":{"type":"Polygon","coordinates":[[[5.625,77.34375],[7.03125,77.34375],[7.03125,78.75],[5.625,78.75],[5.625,77.34375]]]},"properties":{"n":3}},{"type":"Feature","geometry":{"type":"Polygon","coordinates":[[[5.625,75.9375],[7.03125,75.9375],[7.03125,77.34375],[5.625,77.34375],[5.625,75.9375]]]},"properties":{"n":3}},{"type":"Feature","geometry":{"type":"Polygon","coordinates":[[[8.4375,74.53125],[9.84375,74.53125],[9.84375,75.9375],[8.4375,75.9375],[8.4375,74.53125]]]},"properties":{"n":3}},{"type":"Feature","geometry":{"type":"Polygon","coordinates":[[[2.8125,77.34375],[4.21875,77.34375],[4.21875,78.75],[2.8125,78.75],[2.8125,77.34375]]]},"properties":{"n":3}},{"type":"Feature","geometry":{"type":"Polygon","coordinates":[[[-8.4375,70.3125],[-7.03125,70.3125],[-7.03125,71.71875],[-8.4375,71.71875],[-8.4375,70.3125]]]},"properties":{"n":3}},{"type":"Feature","geometry":{"type":"Polygon","coordinates":[[[-9.84375,70.3125],[-8.4375,70.3125],[-8.4375,71.71875],[-9.84375,71.71875],[-9.84375,70.3125]]]},"properties":{"n":3}},{"type":"Feature","geometry":{"type":"Polygon","coordinates":[[[-11.25,64.6875],[-9.84375,64.6875],[-9.84375,66.09375],[-11.25,66.09375],[-11.25,64.6875]]]},"properties":{"n":3}},{"type":"Feature","geometry":{"type":"Polygon","coordinates":[[[-23.90625,66.09375],[-22.5,66.09375],[-22.5,67.5],[-23.90625,67.5],[-23.90625,66.09375]]]},"properties":{"n":3}},{"type":"Feature","geometry":{"type":"Polygon","coordinates":[[[-29.53125,64.6875],[-28.125,64.6875],[-28.125,66.09375],[-29.53125,66.09375],[-29.53125,64.6875]]]},"properties":{"n":3}},{"type":"Feature","geometry":{"type":"Polygon","coordinates":[[[-32.34375,64.6875],[-30.9375,64.6875],[-30.9375,66.09375],[-32.34375,66.09375],[-32.34375,64.6875]]]},"properties":{"n":3}},{"type":"Feature","geometry":{"type":"Polygon","coordinates":[[[-53.4375,68.90625],[-52.03125,68.90625],[-52.03125,70.3125],[-53.4375,70.3125],[-53.4375,68.90625]]]},"properties":{"n":3}},{"type":"Feature","geometry":{"type":"Polygon","coordinates":[[[-64.6875,67.5],[-63.28125,67.5],[-63.28125,68.90625],[-64.6875,68.90625],[-64.6875,67.5]]]},"properties":{"n":3}},{"type":"Feature","geometry":{"type":"Polygon","coordinates":[[[-66.09375,67.5],[-64.6875,67.5],[-64.6875,68.90625],[-66.09375,68.90625],[-66.09375,67.5]]]},"properties":{"n":3}},{"type":"Feature","geometry":{"type":"Polygon","coordinates":[[[-82.96875,68.90625],[-81.5625,68.90625],[-81.5625,70.3125],[-82.96875,70.3125],[-82.96875,68.90625]]]},"properties":{"n":3}},{"type":"Feature","geometry":{"type":"Polygon","coordinates":[[[-54.84375,66.09375],[-53.4375,66.09375],[-53.4375,67.5],[-54.84375,67.5],[-54.84375,66.09375]]]},"properties":{"n":3}},{"type":"Feature","geometry":{"type":"Polygon","coordinates":[[[-52.03125,63.28125],[-50.625,63.28125],[-50.625,64.6875],[-52.03125,64.6875],[-52.03125,63.28125]]]},"properties":{"n":3}},{"type":"Feature","geometry":{"type":"Polygon","coordinates":[[[-52.03125,61.875],[-50.625,61.875],[-50.625,63.28125],[-52.03125,63.28125],[-52.03125,61.875]]]},"properties":{"n":3}},{"type":"Feature","geometry":{"type":"Polygon","coordinates":[[[-59.0625,66.09375],[-57.65625,66.09375],[-57.65625,67.5],[-59.0625,67.5],[-59.0625,66.09375]]]},"properties":{"n":3}},{"type":"Feature","geometry":{"type":"Polygon","coordinates":[[[-61.875,61.875],[-60.46875,61.875],[-60.46875,63.28125],[-61.875,63.28125],[-61.875,61.875]]]},"properties":{"n":3}},{"type":"Feature","geometry":{"type":"Polygon","coordinates":[[[-64.6875,61.875],[-63.28125,61.875],[-63.28125,63.28125],[-64.6875,63.28125],[-64.6875,61.875]]]},"properties":{"n":3}},{"type":"Feature","geometry":{"type":"Polygon","coordinates":[[[-66.09375,61.875],[-64.6875,61.875],[-64.6875,63.28125],[-66.09375,63.28125],[-66.09375,61.875]]]},"properties":{"n":3}},{"type":"Feature","geometry":{"type":"Polygon","coordinates":[[[-63.28125,57.65625],[-61.875,57.65625],[-61.875,59.0625],[-63.28125,59.0625],[-63.28125,57.65625]]]},"properties":{"n":3}},{"type":"Feature","geometry":{"type":"Polygon","coordinates":[[[-67.5,57.65625],[-66.09375,57.65625],[-66.09375,59.0625],[-67.5,59.0625],[-67.5,57.65625]]]},"properties":{"n":3}},{"type":"Feature","geometry":{"type":"Polygon","coordinates":[[[-46.40625,47.8125],[-45,47.8125],[-45,49.21875],[-46.40625,49.21875],[-46.40625,47.8125]]]},"properties":{"n":3}},{"type":"Feature","geometry":{"type":"Polygon","coordinates":[[[-64.6875,45],[-63.28125,45],[-63.28125,46.40625],[-64.6875,46.40625],[-64.6875,45]]]},"properties":{"n":3}},{"type":"Feature","geometry":{"type":"Polygon","coordinates":[[[-68.90625,63.28125],[-67.5,63.28125],[-67.5,64.6875],[-68.90625,64.6875],[-68.90625,63.28125]]]},"properties":{"n":3}},{"type":"Feature","geometry":{"type":"Polygon","coordinates":[[[-73.125,63.28125],[-71.71875,63.28125],[-71.71875,64.6875],[-73.125,64.6875],[-73.125,63.28125]]]},"properties":{"n":3}},{"type":"Feature","geometry":{"type":"Polygon","coordinates":[[[-78.75,57.65625],[-77.34375,57.65625],[-77.34375,59.0625],[-78.75,59.0625],[-78.75,57.65625]]]},"properties":{"n":3}},{"type":"Feature","geometry":{"type":"Polygon","coordinates":[[[-49.21875,42.1875],[-47.8125,42.1875],[-47.8125,43.59375],[-49.21875,43.59375],[-49.21875,42.1875]]]},"properties":{"n":3}},{"type":"Feature","geometry":{"type":"Polygon","coordinates":[[[-71.71875,40.78125],[-70.3125,40.78125],[-70.3125,42.1875],[-71.71875,42.1875],[-71.71875,40.78125]]]},"properties":{"n":3}},{"type":"Feature","geometry":{"type":"Polygon","coordinates":[[[-126.5625,71.71875],[-125.15625,71.71875],[-125.15625,73.125],[-126.5625,73.125],[-126.5625,71.71875]]]},"properties":{"n":3}},{"type":"Feature","geometry":{"type":"Polygon","coordinates":[[[-129.375,68.90625],[-127.96875,68.90625],[-127.96875,70.3125],[-129.375,70.3125],[-129.375,68.90625]]]},"properties":{"n":3}},{"type":"Feature","geometry":{"type":"Polygon","coordinates":[[[-135,68.90625],[-133.59375,68.90625],[-133.59375,70.3125],[-135,70.3125],[-135,68.90625]]]},"properties":{"n":3}},{"type":"Feature","geometry":{"type":"Polygon","coordinates":[[[-91.40625,63.28125],[-90,63.28125],[-90,64.6875],[-91.40625,64.6875],[-91.40625,63.28125]]]},"properties":{"n":3}},{"type":"Feature","geometry":{"type":"Polygon","coordinates":[[[-94.21875,60.46875],[-92.8125,60.46875],[-92.8125,61.875],[-94.21875,61.875],[-94.21875,60.46875]]]},"properties":{"n":3}},{"type":"Feature","geometry":{"type":"Polygon","coordinates":[[[-95.625,59.0625],[-94.21875,59.0625],[-94.21875,60.46875],[-95.625,60.46875],[-95.625,59.0625]]]},"properties":{"n":3}},{"type":"Feature","geometry":{"type":"Polygon","coordinates":[[[-135,56.25],[-133.59375,56.25],[-133.59375,57.65625],[-135,57.65625],[-135,56.25]]]},"properties":{"n":3}},{"type":"Feature","geometry":{"type":"Polygon","coordinates":[[[-137.8125,68.90625],[-136.40625,68.90625],[-136.40625,70.3125],[-137.8125,70.3125],[-137.8125,68.90625]]]},"properties":{"n":3}},{"type":"Feature","geometry":{"type":"Polygon","coordinates":[[[-140.625,68.90625],[-139.21875,68.90625],[-139.21875,70.3125],[-140.625,70.3125],[-140.625,68.90625]]]},"properties":{"n":3}},{"type":"Feature","geometry":{"type":"Polygon","coordinates":[[[-153.28125,70.3125],[-151.875,70.3125],[-151.875,71.71875],[-153.28125,71.71875],[-153.28125,70.3125]]]},"properties":{"n":3}},{"type":"Feature","geometry":{"type":"Polygon","coordinates":[[[-151.875,60.46875],[-150.46875,60.46875],[-150.46875,61.875],[-151.875,61.875],[-151.875,60.46875]]]},"properties":{"n":3}},{"type":"Feature","geometry":{"type":"Polygon","coordinates":[[[-168.75,66.09375],[-167.34375,66.09375],[-167.34375,67.5],[-168.75,67.5],[-168.75,66.09375]]]},"properties":{"n":3}},{"type":"Feature","geometry":{"type":"Polygon","coordinates":[[[-167.34375,59.0625],[-165.9375,59.0625],[-165.9375,60.46875],[-167.34375,60.46875],[-167.34375,59.0625]]]},"properties":{"n":3}},{"type":"Feature","geometry":{"type":"Polygon","coordinates":[[[-168.75,59.0625],[-167.34375,59.0625],[-167.34375,60.46875],[-168.75,60.46875],[-168.75,59.0625]]]},"properties":{"n":3}},{"type":"Feature","geometry":{"type":"Polygon","coordinates":[[[-171.5625,66.09375],[-170.15625,66.09375],[-170.15625,67.5],[-171.5625,67.5],[-171.5625,66.09375]]]},"properties":{"n":3}},{"type":"Feature","geometry":{"type":"Polygon","coordinates":[[[-178.59375,63.28125],[-177.1875,63.28125],[-177.1875,64.6875],[-178.59375,64.6875],[-178.59375,63.28125]]]},"properties":{"n":3}},{"type":"Feature","geometry":{"type":"Polygon","coordinates":[[[-180,61.875],[-178.59375,61.875],[-178.59375,63.28125],[-180,63.28125],[-180,61.875]]]},"properties":{"n":3}},{"type":"Feature","geometry":{"type":"Polygon","coordinates":[[[-171.5625,57.65625],[-170.15625,57.65625],[-170.15625,59.0625],[-171.5625,59.0625],[-171.5625,57.65625]]]},"properties":{"n":3}},{"type":"Feature","geometry":{"type":"Polygon","coordinates":[[[-175.78125,59.0625],[-174.375,59.0625],[-174.375,60.46875],[-175.78125,60.46875],[-175.78125,59.0625]]]},"properties":{"n":3}},{"type":"Feature","geometry":{"type":"Polygon","coordinates":[[[-170.15625,54.84375],[-168.75,54.84375],[-168.75,56.25],[-170.15625,56.25],[-170.15625,54.84375]]]},"properties":{"n":3}},{"type":"Feature","geometry":{"type":"Polygon","coordinates":[[[171.5625,60.46875],[172.96875,60.46875],[172.96875,61.875],[171.5625,61.875],[171.5625,60.46875]]]},"properties":{"n":2}},{"type":"Feature","geometry":{"type":"Polygon","coordinates":[[[157.5,52.03125],[158.90625,52.03125],[158.90625,53.4375],[157.5,53.4375],[157.5,52.03125]]]},"properties":{"n":2}},{"type":"Feature","geometry":{"type":"Polygon","coordinates":[[[136.40625,53.4375],[137.8125,53.4375],[137.8125,54.84375],[136.40625,54.84375],[136.40625,53.4375]]]},"properties":{"n":2}},{"type":"Feature","geometry":{"type":"Polygon","coordinates":[[[142.03125,46.40625],[143.4375,46.40625],[143.4375,47.8125],[142.03125,47.8125],[142.03125,46.40625]]]},"properties":{"n":2}},{"type":"Feature","geometry":{"type":"Polygon","coordinates":[[[50.625,73.125],[52.03125,73.125],[52.03125,74.53125],[50.625,74.53125],[50.625,73.125]]]},"properties":{"n":2}},{"type":"Feature","geometry":{"type":"Polygon","coordinates":[[[45,77.34375],[46.40625,77.34375],[46.40625,78.75],[45,78.75],[45,77.34375]]]},"properties":{"n":2}},{"type":"Feature","geometry":{"type":"Polygon","coordinates":[[[39.375,78.75],[40.78125,78.75],[40.78125,80.15625],[39.375,80.15625],[39.375,78.75]]]},"properties":{"n":2}},{"type":"Feature","geometry":{"type":"Polygon","coordinates":[[[33.75,81.5625],[35.15625,81.5625],[35.15625,82.96875],[33.75,82.96875],[33.75,81.5625]]]},"properties":{"n":2}},{"type":"Feature","geometry":{"type":"Polygon","coordinates":[[[37.96875,80.15625],[39.375,80.15625],[39.375,81.5625],[37.96875,81.5625],[37.96875,80.15625]]]},"properties":{"n":2}},{"type":"Feature","geometry":{"type":"Polygon","coordinates":[[[32.34375,81.5625],[33.75,81.5625],[33.75,82.96875],[32.34375,82.96875],[32.34375,81.5625]]]},"properties":{"n":2}},{"type":"Feature","geometry":{"type":"Polygon","coordinates":[[[42.1875,73.125],[43.59375,73.125],[43.59375,74.53125],[42.1875,74.53125],[42.1875,73.125]]]},"properties":{"n":2}},{"type":"Feature","geometry":{"type":"Polygon","coordinates":[[[40.78125,67.5],[42.1875,67.5],[42.1875,68.90625],[40.78125,68.90625],[40.78125,67.5]]]},"properties":{"n":2}},{"type":"Feature","geometry":{"type":"Polygon","coordinates":[[[25.3125,68.90625],[26.71875,68.90625],[26.71875,70.3125],[25.3125,70.3125],[25.3125,68.90625]]]},"properties":{"n":2}},{"type":"Feature","geometry":{"type":"Polygon","coordinates":[[[15.46875,81.5625],[16.875,81.5625],[16.875,82.96875],[15.46875,82.96875],[15.46875,81.5625]]]},"properties":{"n":2}},{"type":"Feature","geometry":{"type":"Polygon","coordinates":[[[4.21875,78.75],[5.625,78.75],[5.625,80.15625],[4.21875,80.15625],[4.21875,78.75]]]},"properties":{"n":2}},{"type":"Feature","geometry":{"type":"Polygon","coordinates":[[[2.8125,78.75],[4.21875,78.75],[4.21875,80.15625],[2.8125,80.15625],[2.8125,78.75]]]},"properties":{"n":2}},{"type":"Feature","geometry":{"type":"Polygon","coordinates":[[[11.25,74.53125],[12.65625,74.53125],[12.65625,75.9375],[11.25,75.9375],[11.25,74.53125]]]},"properties":{"n":2}},{"type":"Feature","geometry":{"type":"Polygon","coordinates":[[[11.25,73.125],[12.65625,73.125],[12.65625,74.53125],[11.25,74.53125],[11.25,73.125]]]},"properties":{"n":2}},{"type":"Feature","geometry":{"type":"Polygon","coordinates":[[[14.0625,67.5],[15.46875,67.5],[15.46875,68.90625],[14.0625,68.90625],[14.0625,67.5]]]},"properties":{"n":2}},{"type":"Feature","geometry":{"type":"Polygon","coordinates":[[[7.03125,73.125],[8.4375,73.125],[8.4375,74.53125],[7.03125,74.53125],[7.03125,73.125]]]},"properties":{"n":2}},{"type":"Feature","geometry":{"type":"Polygon","coordinates":[[[2.8125,75.9375],[4.21875,75.9375],[4.21875,77.34375],[2.8125,77.34375],[2.8125,75.9375]]]},"properties":{"n":2}},{"type":"Feature","geometry":{"type":"Polygon","coordinates":[[[-5.625,73.125],[-4.21875,73.125],[-4.21875,74.53125],[-5.625,74.53125],[-5.625,73.125]]]},"properties":{"n":2}},{"type":"Feature","geometry":{"type":"Polygon","coordinates":[[[-5.625,71.71875],[-4.21875,71.71875],[-4.21875,73.125],[-5.625,73.125],[-5.625,71.71875]]]},"properties":{"n":2}},{"type":"Feature","geometry":{"type":"Polygon","coordinates":[[[-4.21875,67.5],[-2.8125,67.5],[-2.8125,68.90625],[-4.21875,68.90625],[-4.21875,67.5]]]},"properties":{"n":2}},{"type":"Feature","geometry":{"type":"Polygon","coordinates":[[[-11.25,70.3125],[-9.84375,70.3125],[-9.84375,71.71875],[-11.25,71.71875],[-11.25,70.3125]]]},"properties":{"n":2}},{"type":"Feature","geometry":{"type":"Polygon","coordinates":[[[-12.65625,71.71875],[-11.25,71.71875],[-11.25,73.125],[-12.65625,73.125],[-12.65625,71.71875]]]},"properties":{"n":2}},{"type":"Feature","geometry":{"type":"Polygon","coordinates":[[[-14.0625,71.71875],[-12.65625,71.71875],[-12.65625,73.125],[-14.0625,73.125],[-14.0625,71.71875]]]},"properties":{"n":2}},{"type":"Feature","geometry":{"type":"Polygon","coordinates":[[[-12.65625,70.3125],[-11.25,70.3125],[-11.25,71.71875],[-12.65625,71.71875],[-12.65625,70.3125]]]},"properties":{"n":2}},{"type":"Feature","geometry":{"type":"Polygon","coordinates":[[[-14.0625,68.90625],[-12.65625,68.90625],[-12.65625,70.3125],[-14.0625,70.3125],[-14.0625,68.90625]]]},"properties":{"n":2}},{"type":"Feature","geometry":{"type":"Polygon","coordinates":[[[-45,78.75],[-43.59375,78.75],[-43.59375,80.15625],[-45,80.15625],[-45,78.75]]]},"properties":{"n":2}},{"type":"Feature","geometry":{"type":"Polygon","coordinates":[[[-25.3125,67.5],[-23.90625,67.5],[-23.90625,68.90625],[-25.3125,68.90625],[-25.3125,67.5]]]},"properties":{"n":2}},{"type":"Feature","geometry":{"type":"Polygon","coordinates":[[[-14.0625,66.09375],[-12.65625,66.09375],[-12.65625,67.5],[-14.0625,67.5],[-14.0625,66.09375]]]},"properties":{"n":2}},{"type":"Feature","geometry":{"type":"Polygon","coordinates":[[[-15.46875,66.09375],[-14.0625,66.09375],[-14.0625,67.5],[-15.46875,67.5],[-15.46875,66.09375]]]},"properties":{"n":2}},{"type":"Feature","geometry":{"type":"Polygon","coordinates":[[[-15.46875,63.28125],[-14.0625,63.28125],[-14.0625,64.6875],[-15.46875,64.6875],[-15.46875,63.28125]]]},"properties":{"n":2}},{"type":"Feature","geometry":{"type":"Polygon","coordinates":[[[-16.875,63.28125],[-15.46875,63.28125],[-15.46875,64.6875],[-16.875,64.6875],[-16.875,63.28125]]]},"properties":{"n":2}},{"type":"Feature","geometry":{"type":"Polygon","coordinates":[[[-19.6875,63.28125],[-18.28125,63.28125],[-18.28125,64.6875],[-19.6875,64.6875],[-19.6875,63.28125]]]},"properties":{"n":2}},{"type":"Feature","geometry":{"type":"Polygon","coordinates":[[[-21.09375,49.21875],[-19.6875,49.21875],[-19.6875,50.625],[-21.09375,50.625],[-21.09375,49.21875]]]},"properties":{"n":2}},{"type":"Feature","geometry":{"type":"Polygon","coordinates":[[[-30.9375,59.0625],[-29.53125,59.0625],[-29.53125,60.46875],[-30.9375,60.46875],[-30.9375,59.0625]]]},"properties":{"n":2}},{"type":"Feature","geometry":{"type":"Polygon","coordinates":[[[-35.15625,64.6875],[-33.75,64.6875],[-33.75,66.09375],[-35.15625,66.09375],[-35.15625,64.6875]]]},"properties":{"n":2}},{"type":"Feature","geometry":{"type":"Polygon","coordinates":[[[-39.375,63.28125],[-37.96875,63.28125],[-37.96875,64.6875],[-39.375,64.6875],[-39.375,63.28125]]]},"properties":{"n":2}},{"type":"Feature","geometry":{"type":"Polygon","coordinates":[[[-45,59.0625],[-43.59375,59.0625],[-43.59375,60.46875],[-45,60.46875],[-45,59.0625]]]},"properties":{"n":2}},{"type":"Feature","geometry":{"type":"Polygon","coordinates":[[[-50.625,68.90625],[-49.21875,68.90625],[-49.21875,70.3125],[-50.625,70.3125],[-50.625,68.90625]]]},"properties":{"n":2}},{"type":"Feature","geometry":{"type":"Polygon","coordinates":[[[-59.0625,67.5],[-57.65625,67.5],[-57.65625,68.90625],[-59.0625,68.90625],[-59.0625,67.5]]]},"properties":{"n":2}},{"type":"Feature","geometry":{"type":"Polygon","coordinates":[[[-52.03125,64.6875],[-50.625,64.6875],[-50.625,66.09375],[-52.03125,66.09375],[-52.03125,64.6875]]]},"properties":{"n":2}},{"type":"Feature","geometry":{"type":"Polygon","coordinates":[[[-53.4375,63.28125],[-52.03125,63.28125],[-52.03125,64.6875],[-53.4375,64.6875],[-53.4375,63.28125]]]},"properties":{"n":2}},{"type":"Feature","geometry":{"type":"Polygon","coordinates":[[[-54.84375,63.28125],[-53.4375,63.28125],[-53.4375,64.6875],[-54.84375,64.6875],[-54.84375,63.28125]]]},"properties":{"n":2}},{"type":"Feature","geometry":{"type":"Polygon","coordinates":[[[-57.65625,64.6875],[-56.25,64.6875],[-56.25,66.09375],[-57.65625,66.09375],[-57.65625,64.6875]]]},"properties":{"n":2}},{"type":"Feature","geometry":{"type":"Polygon","coordinates":[[[-60.46875,63.28125],[-59.0625,63.28125],[-59.0625,64.6875],[-60.46875,64.6875],[-60.46875,63.28125]]]},"properties":{"n":2}},{"type":"Feature","geometry":{"type":"Polygon","coordinates":[[[-66.09375,66.09375],[-64.6875,66.09375],[-64.6875,67.5],[-66.09375,67.5],[-66.09375,66.09375]]]},"properties":{"n":2}},{"type":"Feature","geometry":{"type":"Polygon","coordinates":[[[-61.875,59.0625],[-60.46875,59.0625],[-60.46875,60.46875],[-61.875,60.46875],[-61.875,59.0625]]]},"properties":{"n":2}},{"type":"Feature","geometry":{"type":"Polygon","coordinates":[[[-77.34375,56.25],[-75.9375,56.25],[-75.9375,57.65625],[-77.34375,57.65625],[-77.34375,56.25]]]},"properties":{"n":2}},{"type":"Feature","geometry":{"type":"Polygon","coordinates":[[[-87.1875,59.0625],[-85.78125,59.0625],[-85.78125,60.46875],[-87.1875,60.46875],[-87.1875,59.0625]]]},"properties":{"n":2}},{"type":"Feature","geometry":{"type":"Polygon","coordinates":[[[-78.75,50.625],[-77.34375,50.625],[-77.34375,52.03125],[-78.75,52.03125],[-78.75,50.625]]]},"properties":{"n":2}},{"type":"Feature","geometry":{"type":"Polygon","coordinates":[[[-81.5625,52.03125],[-80.15625,52.03125],[-80.15625,53.4375],[-81.5625,53.4375],[-81.5625,52.03125]]]},"properties":{"n":2}},{"type":"Feature","geometry":{"type":"Polygon","coordinates":[[[-81.5625,50.625],[-80.15625,50.625],[-80.15625,52.03125],[-81.5625,52.03125],[-81.5625,50.625]]]},"properties":{"n":2}},{"type":"Feature","geometry":{"type":"Polygon","coordinates":[[[-82.96875,52.03125],[-81.5625,52.03125],[-81.5625,53.4375],[-82.96875,53.4375],[-82.96875,52.03125]]]},"properties":{"n":2}},{"type":"Feature","geometry":{"type":"Polygon","coordinates":[[[-53.4375,42.1875],[-52.03125,42.1875],[-52.03125,43.59375],[-53.4375,43.59375],[-53.4375,42.1875]]]},"properties":{"n":2}},{"type":"Feature","geometry":{"type":"Polygon","coordinates":[[[-67.5,39.375],[-66.09375,39.375],[-66.09375,40.78125],[-67.5,40.78125],[-67.5,39.375]]]},"properties":{"n":2}},{"type":"Feature","geometry":{"type":"Polygon","coordinates":[[[-133.59375,68.90625],[-132.1875,68.90625],[-132.1875,70.3125],[-133.59375,70.3125],[-133.59375,68.90625]]]},"properties":{"n":2}},{"type":"Feature","geometry":{"type":"Polygon","coordinates":[[[-108.28125,66.09375],[-106.875,66.09375],[-106.875,67.5],[-108.28125,67.5],[-108.28125,66.09375]]]},"properties":{"n":2}},{"type":"Feature","geometry":{"type":"Polygon","coordinates":[[[-127.96875,50.625],[-126.5625,50.625],[-126.5625,52.03125],[-127.96875,52.03125],[-127.96875,50.625]]]},"properties":{"n":2}},{"type":"Feature","geometry":{"type":"Polygon","coordinates":[[[-130.78125,50.625],[-129.375,50.625],[-129.375,52.03125],[-130.78125,52.03125],[-130.78125,50.625]]]},"properties":{"n":2}},{"type":"Feature","geometry":{"type":"Polygon","coordinates":[[[-150.46875,70.3125],[-149.0625,70.3125],[-149.0625,71.71875],[-150.46875,71.71875],[-150.46875,70.3125]]]},"properties":{"n":2}},{"type":"Feature","geometry":{"type":"Polygon","coordinates":[[[-151.875,70.3125],[-150.46875,70.3125],[-150.46875,71.71875],[-151.875,71.71875],[-151.875,70.3125]]]},"properties":{"n":2}},{"type":"Feature","geometry":{"type":"Polygon","coordinates":[[[-156.09375,70.3125],[-154.6875,70.3125],[-154.6875,71.71875],[-156.09375,71.71875],[-156.09375,70.3125]]]},"properties":{"n":2}},{"type":"Feature","geometry":{"type":"Polygon","coordinates":[[[-160.3125,70.3125],[-158.90625,70.3125],[-158.90625,71.71875],[-160.3125,71.71875],[-160.3125,70.3125]]]},"properties":{"n":2}},{"type":"Feature","geometry":{"type":"Polygon","coordinates":[[[-164.53125,68.90625],[-163.125,68.90625],[-163.125,70.3125],[-164.53125,70.3125],[-164.53125,68.90625]]]},"properties":{"n":2}},{"type":"Feature","geometry":{"type":"Polygon","coordinates":[[[-168.75,68.90625],[-167.34375,68.90625],[-167.34375,70.3125],[-168.75,70.3125],[-168.75,68.90625]]]},"properties":{"n":2}},{"type":"Feature","geometry":{"type":"Polygon","coordinates":[[[-146.25,57.65625],[-144.84375,57.65625],[-144.84375,59.0625],[-146.25,59.0625],[-146.25,57.65625]]]},"properties":{"n":2}},{"type":"Feature","geometry":{"type":"Polygon","coordinates":[[[-157.5,53.4375],[-156.09375,53.4375],[-156.09375,54.84375],[-157.5,54.84375],[-157.5,53.4375]]]},"properties":{"n":2}},{"type":"Feature","geometry":{"type":"Polygon","coordinates":[[[-167.34375,66.09375],[-165.9375,66.09375],[-165.9375,67.5],[-167.34375,67.5],[-167.34375,66.09375]]]},"properties":{"n":2}},{"type":"Feature","geometry":{"type":"Polygon","coordinates":[[[-167.34375,64.6875],[-165.9375,64.6875],[-165.9375,66.09375],[-167.34375,66.09375],[-167.34375,64.6875]]]},"properties":{"n":2}},{"type":"Feature","geometry":{"type":"Polygon","coordinates":[[[-165.9375,61.875],[-164.53125,61.875],[-164.53125,63.28125],[-165.9375,63.28125],[-165.9375,61.875]]]},"properties":{"n":2}},{"type":"Feature","geometry":{"type":"Polygon","coordinates":[[[-163.125,59.0625],[-161.71875,59.0625],[-161.71875,60.46875],[-163.125,60.46875],[-163.125,59.0625]]]},"properties":{"n":2}},{"type":"Feature","geometry":{"type":"Polygon","coordinates":[[[-174.375,66.09375],[-172.96875,66.09375],[-172.96875,67.5],[-174.375,67.5],[-174.375,66.09375]]]},"properties":{"n":2}},{"type":"Feature","geometry":{"type":"Polygon","coordinates":[[[-170.15625,60.46875],[-168.75,60.46875],[-168.75,61.875],[-170.15625,61.875],[-170.15625,60.46875]]]},"properties":{"n":2}},{"type":"Feature","geometry":{"type":"Polygon","coordinates":[[[-178.59375,59.0625],[-177.1875,59.0625],[-177.1875,60.46875],[-178.59375,60.46875],[-178.59375,59.0625]]]},"properties":{"n":2}},{"type":"Feature","geometry":{"type":"Polygon","coordinates":[[[-178.59375,57.65625],[-177.1875,57.65625],[-177.1875,59.0625],[-178.59375,59.0625],[-178.59375,57.65625]]]},"properties":{"n":2}},{"type":"Feature","geometry":{"type":"Polygon","coordinates":[[[-168.75,52.03125],[-167.34375,52.03125],[-167.34375,53.4375],[-168.75,53.4375],[-168.75,52.03125]]]},"properties":{"n":2}},{"type":"Feature","geometry":{"type":"Polygon","coordinates":[[[-170.15625,53.4375],[-168.75,53.4375],[-168.75,54.84375],[-170.15625,54.84375],[-170.15625,53.4375]]]},"properties":{"n":2}},{"type":"Feature","geometry":{"type":"Polygon","coordinates":[[[-127.96875,40.78125],[-126.5625,40.78125],[-126.5625,42.1875],[-127.96875,42.1875],[-127.96875,40.78125]]]},"properties":{"n":2}},{"type":"Feature","geometry":{"type":"Polygon","coordinates":[[[-142.03125,28.125],[-140.625,28.125],[-140.625,29.53125],[-142.03125,29.53125],[-142.03125,28.125]]]},"properties":{"n":2}},{"type":"Feature","geometry":{"type":"Polygon","coordinates":[[[167.34375,57.65625],[168.75,57.65625],[168.75,59.0625],[167.34375,59.0625],[167.34375,57.65625]]]},"properties":{"n":1}},{"type":"Feature","geometry":{"type":"Polygon","coordinates":[[[158.90625,57.65625],[160.3125,57.65625],[160.3125,59.0625],[158.90625,59.0625],[158.90625,57.65625]]]},"properties":{"n":1}},{"type":"Feature","geometry":{"type":"Polygon","coordinates":[[[157.5,54.84375],[158.90625,54.84375],[158.90625,56.25],[157.5,56.25],[157.5,54.84375]]]},"properties":{"n":1}},{"type":"Feature","geometry":{"type":"Polygon","coordinates":[[[151.875,56.25],[153.28125,56.25],[153.28125,57.65625],[151.875,57.65625],[151.875,56.25]]]},"properties":{"n":1}},{"type":"Feature","geometry":{"type":"Polygon","coordinates":[[[156.09375,50.625],[157.5,50.625],[157.5,52.03125],[156.09375,52.03125],[156.09375,50.625]]]},"properties":{"n":1}},{"type":"Feature","geometry":{"type":"Polygon","coordinates":[[[137.8125,53.4375],[139.21875,53.4375],[139.21875,54.84375],[137.8125,54.84375],[137.8125,53.4375]]]},"properties":{"n":1}},{"type":"Feature","geometry":{"type":"Polygon","coordinates":[[[142.03125,45],[143.4375,45],[143.4375,46.40625],[142.03125,46.40625],[142.03125,45]]]},"properties":{"n":1}},{"type":"Feature","geometry":{"type":"Polygon","coordinates":[[[140.625,42.1875],[142.03125,42.1875],[142.03125,43.59375],[140.625,43.59375],[140.625,42.1875]]]},"properties":{"n":1}},{"type":"Feature","geometry":{"type":"Polygon","coordinates":[[[45,78.75],[46.40625,78.75],[46.40625,80.15625],[45,80.15625],[45,78.75]]]},"properties":{"n":1}},{"type":"Feature","geometry":{"type":"Polygon","coordinates":[[[45,75.9375],[46.40625,75.9375],[46.40625,77.34375],[45,77.34375],[45,75.9375]]]},"properties":{"n":1}},{"type":"Feature","geometry":{"type":"Polygon","coordinates":[[[46.40625,68.90625],[47.8125,68.90625],[47.8125,70.3125],[46.40625,70.3125],[46.40625,68.90625]]]},"properties":{"n":1}},{"type":"Feature","geometry":{"type":"Polygon","coordinates":[[[43.59375,80.15625],[45,80.15625],[45,81.5625],[43.59375,81.5625],[43.59375,80.15625]]]},"properties":{"n":1}},{"type":"Feature","geometry":{"type":"Polygon","coordinates":[[[42.1875,80.15625],[43.59375,80.15625],[43.59375,81.5625],[42.1875,81.5625],[42.1875,80.15625]]]},"properties":{"n":1}},{"type":"Feature","geometry":{"type":"Polygon","coordinates":[[[39.375,80.15625],[40.78125,80.15625],[40.78125,81.5625],[39.375,81.5625],[39.375,80.15625]]]},"properties":{"n":1}},{"type":"Feature","geometry":{"type":"Polygon","coordinates":[[[35.15625,81.5625],[36.5625,81.5625],[36.5625,82.96875],[35.15625,82.96875],[35.15625,81.5625]]]},"properties":{"n":1}},{"type":"Feature","geometry":{"type":"Polygon","coordinates":[[[36.5625,80.15625],[37.96875,80.15625],[37.96875,81.5625],[36.5625,81.5625],[36.5625,80.15625]]]},"properties":{"n":1}},{"type":"Feature","geometry":{"type":"Polygon","coordinates":[[[22.5,81.5625],[23.90625,81.5625],[23.90625,82.96875],[22.5,82.96875],[22.5,81.5625]]]},"properties":{"n":1}},{"type":"Feature","geometry":{"type":"Polygon","coordinates":[[[39.375,67.5],[40.78125,67.5],[40.78125,68.90625],[39.375,68.90625],[39.375,67.5]]]},"properties":{"n":1}},{"type":"Feature","geometry":{"type":"Polygon","coordinates":[[[22.5,77.34375],[23.90625,77.34375],[23.90625,78.75],[22.5,78.75],[22.5,77.34375]]]},"properties":{"n":1}},{"type":"Feature","geometry":{"type":"Polygon","coordinates":[[[21.09375,78.75],[22.5,78.75],[22.5,80.15625],[21.09375,80.15625],[21.09375,78.75]]]},"properties":{"n":1}},{"type":"Feature","geometry":{"type":"Polygon","coordinates":[[[19.6875,78.75],[21.09375,78.75],[21.09375,80.15625],[19.6875,80.15625],[19.6875,78.75]]]},"properties":{"n":1}},{"type":"Feature","geometry":{"type":"Polygon","coordinates":[[[14.0625,81.5625],[15.46875,81.5625],[15.46875,82.96875],[14.0625,82.96875],[14.0625,81.5625]]]},"properties":{"n":1}},{"type":"Feature","geometry":{"type":"Polygon","coordinates":[[[2.8125,80.15625],[4.21875,80.15625],[4.21875,81.5625],[2.8125,81.5625],[2.8125,80.15625]]]},"properties":{"n":1}},{"type":"Feature","geometry":{"type":"Polygon","coordinates":[[[12.65625,71.71875],[14.0625,71.71875],[14.0625,73.125],[12.65625,73.125],[12.65625,71.71875]]]},"properties":{"n":1}},{"type":"Feature","geometry":{"type":"Polygon","coordinates":[[[12.65625,70.3125],[14.0625,70.3125],[14.0625,71.71875],[12.65625,71.71875],[12.65625,70.3125]]]},"properties":{"n":1}},{"type":"Feature","geometry":{"type":"Polygon","coordinates":[[[11.25,70.3125],[12.65625,70.3125],[12.65625,71.71875],[11.25,71.71875],[11.25,70.3125]]]},"properties":{"n":1}},{"type":"Feature","geometry":{"type":"Polygon","coordinates":[[[9.84375,74.53125],[11.25,74.53125],[11.25,75.9375],[9.84375,75.9375],[9.84375,74.53125]]]},"properties":{"n":1}},{"type":"Feature","geometry":{"type":"Polygon","coordinates":[[[9.84375,73.125],[11.25,73.125],[11.25,74.53125],[9.84375,74.53125],[9.84375,73.125]]]},"properties":{"n":1}},{"type":"Feature","geometry":{"type":"Polygon","coordinates":[[[8.4375,73.125],[9.84375,73.125],[9.84375,74.53125],[8.4375,74.53125],[8.4375,73.125]]]},"properties":{"n":1}},{"type":"Feature","geometry":{"type":"Polygon","coordinates":[[[7.03125,74.53125],[8.4375,74.53125],[8.4375,75.9375],[7.03125,75.9375],[7.03125,74.53125]]]},"properties":{"n":1}},{"type":"Feature","geometry":{"type":"Polygon","coordinates":[[[1.40625,74.53125],[2.8125,74.53125],[2.8125,75.9375],[1.40625,75.9375],[1.40625,74.53125]]]},"properties":{"n":1}},{"type":"Feature","geometry":{"type":"Polygon","coordinates":[[[9.84375,71.71875],[11.25,71.71875],[11.25,73.125],[9.84375,73.125],[9.84375,71.71875]]]},"properties":{"n":1}},{"type":"Feature","geometry":{"type":"Polygon","coordinates":[[[8.4375,71.71875],[9.84375,71.71875],[9.84375,73.125],[8.4375,73.125],[8.4375,71.71875]]]},"properties":{"n":1}},{"type":"Feature","geometry":{"type":"Polygon","coordinates":[[[8.4375,70.3125],[9.84375,70.3125],[9.84375,71.71875],[8.4375,71.71875],[8.4375,70.3125]]]},"properties":{"n":1}},{"type":"Feature","geometry":{"type":"Polygon","coordinates":[[[7.03125,71.71875],[8.4375,71.71875],[8.4375,73.125],[7.03125,73.125],[7.03125,71.71875]]]},"properties":{"n":1}},{"type":"Feature","geometry":{"type":"Polygon","coordinates":[[[4.21875,68.90625],[5.625,68.90625],[5.625,70.3125],[4.21875,70.3125],[4.21875,68.90625]]]},"properties":{"n":1}},{"type":"Feature","geometry":{"type":"Polygon","coordinates":[[[2.8125,68.90625],[4.21875,68.90625],[4.21875,70.3125],[2.8125,70.3125],[2.8125,68.90625]]]},"properties":{"n":1}},{"type":"Feature","geometry":{"type":"Polygon","coordinates":[[[2.8125,67.5],[4.21875,67.5],[4.21875,68.90625],[2.8125,68.90625],[2.8125,67.5]]]},"properties":{"n":1}},{"type":"Feature","geometry":{"type":"Polygon","coordinates":[[[1.40625,68.90625],[2.8125,68.90625],[2.8125,70.3125],[1.40625,70.3125],[1.40625,68.90625]]]},"properties":{"n":1}},{"type":"Feature","geometry":{"type":"Polygon","coordinates":[[[-2.8125,75.9375],[-1.40625,75.9375],[-1.40625,77.34375],[-2.8125,77.34375],[-2.8125,75.9375]]]},"properties":{"n":1}},{"type":"Feature","geometry":{"type":"Polygon","coordinates":[[[-2.8125,74.53125],[-1.40625,74.53125],[-1.40625,75.9375],[-2.8125,75.9375],[-2.8125,74.53125]]]},"properties":{"n":1}},{"type":"Feature","geometry":{"type":"Polygon","coordinates":[[[-4.21875,74.53125],[-2.8125,74.53125],[-2.8125,75.9375],[-4.21875,75.9375],[-4.21875,74.53125]]]},"properties":{"n":1}},{"type":"Feature","geometry":{"type":"Polygon","coordinates":[[[-4.21875,73.125],[-2.8125,73.125],[-2.8125,74.53125],[-4.21875,74.53125],[-4.21875,73.125]]]},"properties":{"n":1}},{"type":"Feature","geometry":{"type":"Polygon","coordinates":[[[-7.03125,73.125],[-5.625,73.125],[-5.625,74.53125],[-7.03125,74.53125],[-7.03125,73.125]]]},"properties":{"n":1}},{"type":"Feature","geometry":{"type":"Polygon","coordinates":[[[-9.84375,73.125],[-8.4375,73.125],[-8.4375,74.53125],[-9.84375,74.53125],[-9.84375,73.125]]]},"properties":{"n":1}},{"type":"Feature","geometry":{"type":"Polygon","coordinates":[[[-2.8125,70.3125],[-1.40625,70.3125],[-1.40625,71.71875],[-2.8125,71.71875],[-2.8125,70.3125]]]},"properties":{"n":1}},{"type":"Feature","geometry":{"type":"Polygon","coordinates":[[[-9.84375,71.71875],[-8.4375,71.71875],[-8.4375,73.125],[-9.84375,73.125],[-9.84375,71.71875]]]},"properties":{"n":1}},{"type":"Feature","geometry":{"type":"Polygon","coordinates":[[[-8.4375,68.90625],[-7.03125,68.90625],[-7.03125,70.3125],[-8.4375,70.3125],[-8.4375,68.90625]]]},"properties":{"n":1}},{"type":"Feature","geometry":{"type":"Polygon","coordinates":[[[-7.03125,67.5],[-5.625,67.5],[-5.625,68.90625],[-7.03125,68.90625],[-7.03125,67.5]]]},"properties":{"n":1}},{"type":"Feature","geometry":{"type":"Polygon","coordinates":[[[-9.84375,68.90625],[-8.4375,68.90625],[-8.4375,70.3125],[-9.84375,70.3125],[-9.84375,68.90625]]]},"properties":{"n":1}},{"type":"Feature","geometry":{"type":"Polygon","coordinates":[[[-11.25,68.90625],[-9.84375,68.90625],[-9.84375,70.3125],[-11.25,70.3125],[-11.25,68.90625]]]},"properties":{"n":1}},{"type":"Feature","geometry":{"type":"Polygon","coordinates":[[[-12.65625,73.125],[-11.25,73.125],[-11.25,74.53125],[-12.65625,74.53125],[-12.65625,73.125]]]},"properties":{"n":1}},{"type":"Feature","geometry":{"type":"Polygon","coordinates":[[[-14.0625,70.3125],[-12.65625,70.3125],[-12.65625,71.71875],[-14.0625,71.71875],[-14.0625,70.3125]]]},"properties":{"n":1}},{"type":"Feature","geometry":{"type":"Polygon","coordinates":[[[-15.46875,67.5],[-14.0625,67.5],[-14.0625,68.90625],[-15.46875,68.90625],[-15.46875,67.5]]]},"properties":{"n":1}},{"type":"Feature","geometry":{"type":"Polygon","coordinates":[[[-18.28125,70.3125],[-16.875,70.3125],[-16.875,71.71875],[-18.28125,71.71875],[-18.28125,70.3125]]]},"properties":{"n":1}},{"type":"Feature","geometry":{"type":"Polygon","coordinates":[[[-18.28125,67.5],[-16.875,67.5],[-16.875,68.90625],[-18.28125,68.90625],[-18.28125,67.5]]]},"properties":{"n":1}},{"type":"Feature","geometry":{"type":"Polygon","coordinates":[[[-1.40625,66.09375],[0,66.09375],[0,67.5],[-1.40625,67.5],[-1.40625,66.09375]]]},"properties":{"n":1}},{"type":"Feature","geometry":{"type":"Polygon","coordinates":[[[-2.8125,66.09375],[-1.40625,66.09375],[-1.40625,67.5],[-2.8125,67.5],[-2.8125,66.09375]]]},"properties":{"n":1}},{"type":"Feature","geometry":{"type":"Polygon","coordinates":[[[-1.40625,61.875],[0,61.875],[0,63.28125],[-1.40625,63.28125],[-1.40625,61.875]]]},"properties":{"n":1}},{"type":"Feature","geometry":{"type":"Polygon","coordinates":[[[-11.25,66.09375],[-9.84375,66.09375],[-9.84375,67.5],[-11.25,67.5],[-11.25,66.09375]]]},"properties":{"n":1}},{"type":"Feature","geometry":{"type":"Polygon","coordinates":[[[-9.84375,63.28125],[-8.4375,63.28125],[-8.4375,64.6875],[-9.84375,64.6875],[-9.84375,63.28125]]]},"properties":{"n":1}},{"type":"Feature","geometry":{"type":"Polygon","coordinates":[[[-4.21875,60.46875],[-2.8125,60.46875],[-2.8125,61.875],[-4.21875,61.875],[-4.21875,60.46875]]]},"properties":{"n":1}},{"type":"Feature","geometry":{"type":"Polygon","coordinates":[[[-12.65625,64.6875],[-11.25,64.6875],[-11.25,66.09375],[-12.65625,66.09375],[-12.65625,64.6875]]]},"properties":{"n":1}},{"type":"Feature","geometry":{"type":"Polygon","coordinates":[[[-12.65625,63.28125],[-11.25,63.28125],[-11.25,64.6875],[-12.65625,64.6875],[-12.65625,63.28125]]]},"properties":{"n":1}},{"type":"Feature","geometry":{"type":"Polygon","coordinates":[[[-25.3125,66.09375],[-23.90625,66.09375],[-23.90625,67.5],[-25.3125,67.5],[-25.3125,66.09375]]]},"properties":{"n":1}},{"type":"Feature","geometry":{"type":"Polygon","coordinates":[[[-23.90625,64.6875],[-22.5,64.6875],[-22.5,66.09375],[-23.90625,66.09375],[-23.90625,64.6875]]]},"properties":{"n":1}},{"type":"Feature","geometry":{"type":"Polygon","coordinates":[[[-26.71875,66.09375],[-25.3125,66.09375],[-25.3125,67.5],[-26.71875,67.5],[-26.71875,66.09375]]]},"properties":{"n":1}},{"type":"Feature","geometry":{"type":"Polygon","coordinates":[[[-36.5625,64.6875],[-35.15625,64.6875],[-35.15625,66.09375],[-36.5625,66.09375],[-36.5625,64.6875]]]},"properties":{"n":1}},{"type":"Feature","geometry":{"type":"Polygon","coordinates":[[[-37.96875,64.6875],[-36.5625,64.6875],[-36.5625,66.09375],[-37.96875,66.09375],[-37.96875,64.6875]]]},"properties":{"n":1}},{"type":"Feature","geometry":{"type":"Polygon","coordinates":[[[-40.78125,61.875],[-39.375,61.875],[-39.375,63.28125],[-40.78125,63.28125],[-40.78125,61.875]]]},"properties":{"n":1}},{"type":"Feature","geometry":{"type":"Polygon","coordinates":[[[-42.1875,61.875],[-40.78125,61.875],[-40.78125,63.28125],[-42.1875,63.28125],[-42.1875,61.875]]]},"properties":{"n":1}},{"type":"Feature","geometry":{"type":"Polygon","coordinates":[[[-45,60.46875],[-43.59375,60.46875],[-43.59375,61.875],[-45,61.875],[-45,60.46875]]]},"properties":{"n":1}},{"type":"Feature","geometry":{"type":"Polygon","coordinates":[[[-45,47.8125],[-43.59375,47.8125],[-43.59375,49.21875],[-45,49.21875],[-45,47.8125]]]},"properties":{"n":1}},{"type":"Feature","geometry":{"type":"Polygon","coordinates":[[[-54.84375,70.3125],[-53.4375,70.3125],[-53.4375,71.71875],[-54.84375,71.71875],[-54.84375,70.3125]]]},"properties":{"n":1}},{"type":"Feature","geometry":{"type":"Polygon","coordinates":[[[-57.65625,68.90625],[-56.25,68.90625],[-56.25,70.3125],[-57.65625,70.3125],[-57.65625,68.90625]]]},"properties":{"n":1}},{"type":"Feature","geometry":{"type":"Polygon","coordinates":[[[-59.0625,68.90625],[-57.65625,68.90625],[-57.65625,70.3125],[-59.0625,70.3125],[-59.0625,68.90625]]]},"properties":{"n":1}},{"type":"Feature","geometry":{"type":"Polygon","coordinates":[[[-78.75,71.71875],[-77.34375,71.71875],[-77.34375,73.125],[-78.75,73.125],[-78.75,71.71875]]]},"properties":{"n":1}},{"type":"Feature","geometry":{"type":"Polygon","coordinates":[[[-84.375,75.9375],[-82.96875,75.9375],[-82.96875,77.34375],[-84.375,77.34375],[-84.375,75.9375]]]},"properties":{"n":1}},{"type":"Feature","geometry":{"type":"Polygon","coordinates":[[[-80.15625,74.53125],[-78.75,74.53125],[-78.75,75.9375],[-80.15625,75.9375],[-80.15625,74.53125]]]},"properties":{"n":1}},{"type":"Feature","geometry":{"type":"Polygon","coordinates":[[[-80.15625,71.71875],[-78.75,71.71875],[-78.75,73.125],[-80.15625,73.125],[-80.15625,71.71875]]]},"properties":{"n":1}},{"type":"Feature","geometry":{"type":"Polygon","coordinates":[[[-87.1875,71.71875],[-85.78125,71.71875],[-85.78125,73.125],[-87.1875,73.125],[-87.1875,71.71875]]]},"properties":{"n":1}},{"type":"Feature","geometry":{"type":"Polygon","coordinates":[[[-87.1875,68.90625],[-85.78125,68.90625],[-85.78125,70.3125],[-87.1875,70.3125],[-87.1875,68.90625]]]},"properties":{"n":1}},{"type":"Feature","geometry":{"type":"Polygon","coordinates":[[[-56.25,66.09375],[-54.84375,66.09375],[-54.84375,67.5],[-56.25,67.5],[-56.25,66.09375]]]},"properties":{"n":1}},{"type":"Feature","geometry":{"type":"Polygon","coordinates":[[[-56.25,64.6875],[-54.84375,64.6875],[-54.84375,66.09375],[-56.25,66.09375],[-56.25,64.6875]]]},"properties":{"n":1}},{"type":"Feature","geometry":{"type":"Polygon","coordinates":[[[-46.40625,60.46875],[-45,60.46875],[-45,61.875],[-46.40625,61.875],[-46.40625,60.46875]]]},"properties":{"n":1}},{"type":"Feature","geometry":{"type":"Polygon","coordinates":[[[-46.40625,59.0625],[-45,59.0625],[-45,60.46875],[-46.40625,60.46875],[-46.40625,59.0625]]]},"properties":{"n":1}},{"type":"Feature","geometry":{"type":"Polygon","coordinates":[[[-57.65625,66.09375],[-56.25,66.09375],[-56.25,67.5],[-57.65625,67.5],[-57.65625,66.09375]]]},"properties":{"n":1}},{"type":"Feature","geometry":{"type":"Polygon","coordinates":[[[-59.0625,64.6875],[-57.65625,64.6875],[-57.65625,66.09375],[-59.0625,66.09375],[-59.0625,64.6875]]]},"properties":{"n":1}},{"type":"Feature","geometry":{"type":"Polygon","coordinates":[[[-60.46875,57.65625],[-59.0625,57.65625],[-59.0625,59.0625],[-60.46875,59.0625],[-60.46875,57.65625]]]},"properties":{"n":1}},{"type":"Feature","geometry":{"type":"Polygon","coordinates":[[[-59.0625,53.4375],[-57.65625,53.4375],[-57.65625,54.84375],[-59.0625,54.84375],[-59.0625,53.4375]]]},"properties":{"n":1}},{"type":"Feature","geometry":{"type":"Polygon","coordinates":[[[-60.46875,53.4375],[-59.0625,53.4375],[-59.0625,54.84375],[-60.46875,54.84375],[-60.46875,53.4375]]]},"properties":{"n":1}},{"type":"Feature","geometry":{"type":"Polygon","coordinates":[[[-63.28125,54.84375],[-61.875,54.84375],[-61.875,56.25],[-63.28125,56.25],[-63.28125,54.84375]]]},"properties":{"n":1}},{"type":"Feature","geometry":{"type":"Polygon","coordinates":[[[-70.3125,63.28125],[-68.90625,63.28125],[-68.90625,64.6875],[-70.3125,64.6875],[-70.3125,63.28125]]]},"properties":{"n":1}},{"type":"Feature","geometry":{"type":"Polygon","coordinates":[[[-87.1875,66.09375],[-85.78125,66.09375],[-85.78125,67.5],[-87.1875,67.5],[-87.1875,66.09375]]]},"properties":{"n":1}},{"type":"Feature","geometry":{"type":"Polygon","coordinates":[[[-87.1875,64.6875],[-85.78125,64.6875],[-85.78125,66.09375],[-87.1875,66.09375],[-87.1875,64.6875]]]},"properties":{"n":1}},{"type":"Feature","geometry":{"type":"Polygon","coordinates":[[[-90,63.28125],[-88.59375,63.28125],[-88.59375,64.6875],[-90,64.6875],[-90,63.28125]]]},"properties":{"n":1}},{"type":"Feature","geometry":{"type":"Polygon","coordinates":[[[-90,61.875],[-88.59375,61.875],[-88.59375,63.28125],[-90,63.28125],[-90,61.875]]]},"properties":{"n":1}},{"type":"Feature","geometry":{"type":"Polygon","coordinates":[[[-88.59375,56.25],[-87.1875,56.25],[-87.1875,57.65625],[-88.59375,57.65625],[-88.59375,56.25]]]},"properties":{"n":1}},{"type":"Feature","geometry":{"type":"Polygon","coordinates":[[[-90,56.25],[-88.59375,56.25],[-88.59375,57.65625],[-90,57.65625],[-90,56.25]]]},"properties":{"n":1}},{"type":"Feature","geometry":{"type":"Polygon","coordinates":[[[-68.90625,46.40625],[-67.5,46.40625],[-67.5,47.8125],[-68.90625,47.8125],[-68.90625,46.40625]]]},"properties":{"n":1}},{"type":"Feature","geometry":{"type":"Polygon","coordinates":[[[-71.71875,42.1875],[-70.3125,42.1875],[-70.3125,43.59375],[-71.71875,43.59375],[-71.71875,42.1875]]]},"properties":{"n":1}},{"type":"Feature","geometry":{"type":"Polygon","coordinates":[[[-70.3125,40.78125],[-68.90625,40.78125],[-68.90625,42.1875],[-70.3125,42.1875],[-70.3125,40.78125]]]},"properties":{"n":1}},{"type":"Feature","geometry":{"type":"Polygon","coordinates":[[[-111.09375,67.5],[-109.6875,67.5],[-109.6875,68.90625],[-111.09375,68.90625],[-111.09375,67.5]]]},"properties":{"n":1}},{"type":"Feature","geometry":{"type":"Polygon","coordinates":[[[-125.15625,68.90625],[-123.75,68.90625],[-123.75,70.3125],[-125.15625,70.3125],[-125.15625,68.90625]]]},"properties":{"n":1}},{"type":"Feature","geometry":{"type":"Polygon","coordinates":[[[-126.5625,68.90625],[-125.15625,68.90625],[-125.15625,70.3125],[-126.5625,70.3125],[-126.5625,68.90625]]]},"properties":{"n":1}},{"type":"Feature","geometry":{"type":"Polygon","coordinates":[[[-127.96875,68.90625],[-126.5625,68.90625],[-126.5625,70.3125],[-127.96875,70.3125],[-127.96875,68.90625]]]},"properties":{"n":1}},{"type":"Feature","geometry":{"type":"Polygon","coordinates":[[[-130.78125,68.90625],[-129.375,68.90625],[-129.375,70.3125],[-130.78125,70.3125],[-130.78125,68.90625]]]},"properties":{"n":1}},{"type":"Feature","geometry":{"type":"Polygon","coordinates":[[[-95.625,66.09375],[-94.21875,66.09375],[-94.21875,67.5],[-95.625,67.5],[-95.625,66.09375]]]},"properties":{"n":1}},{"type":"Feature","geometry":{"type":"Polygon","coordinates":[[[-92.8125,61.875],[-91.40625,61.875],[-91.40625,63.28125],[-92.8125,63.28125],[-92.8125,61.875]]]},"properties":{"n":1}},{"type":"Feature","geometry":{"type":"Polygon","coordinates":[[[-95.625,60.46875],[-94.21875,60.46875],[-94.21875,61.875],[-95.625,61.875],[-95.625,60.46875]]]},"properties":{"n":1}},{"type":"Feature","geometry":{"type":"Polygon","coordinates":[[[-91.40625,57.65625],[-90,57.65625],[-90,59.0625],[-91.40625,59.0625],[-91.40625,57.65625]]]},"properties":{"n":1}},{"type":"Feature","geometry":{"type":"Polygon","coordinates":[[[-133.59375,56.25],[-132.1875,56.25],[-132.1875,57.65625],[-133.59375,57.65625],[-133.59375,56.25]]]},"properties":{"n":1}},{"type":"Feature","geometry":{"type":"Polygon","coordinates":[[[-133.59375,54.84375],[-132.1875,54.84375],[-132.1875,56.25],[-133.59375,56.25],[-133.59375,54.84375]]]},"properties":{"n":1}},{"type":"Feature","geometry":{"type":"Polygon","coordinates":[[[-133.59375,53.4375],[-132.1875,53.4375],[-132.1875,54.84375],[-133.59375,54.84375],[-133.59375,53.4375]]]},"properties":{"n":1}},{"type":"Feature","geometry":{"type":"Polygon","coordinates":[[[-136.40625,68.90625],[-135,68.90625],[-135,70.3125],[-136.40625,70.3125],[-136.40625,68.90625]]]},"properties":{"n":1}},{"type":"Feature","geometry":{"type":"Polygon","coordinates":[[[-147.65625,70.3125],[-146.25,70.3125],[-146.25,71.71875],[-147.65625,71.71875],[-147.65625,70.3125]]]},"properties":{"n":1}},{"type":"Feature","geometry":{"type":"Polygon","coordinates":[[[-149.0625,70.3125],[-147.65625,70.3125],[-147.65625,71.71875],[-149.0625,71.71875],[-149.0625,70.3125]]]},"properties":{"n":1}},{"type":"Feature","geometry":{"type":"Polygon","coordinates":[[[-161.71875,70.3125],[-160.3125,70.3125],[-160.3125,71.71875],[-161.71875,71.71875],[-161.71875,70.3125]]]},"properties":{"n":1}},{"type":"Feature","geometry":{"type":"Polygon","coordinates":[[[-165.9375,70.3125],[-164.53125,70.3125],[-164.53125,71.71875],[-165.9375,71.71875],[-165.9375,70.3125]]]},"properties":{"n":1}},{"type":"Feature","geometry":{"type":"Polygon","coordinates":[[[-172.96875,67.5],[-171.5625,67.5],[-171.5625,68.90625],[-172.96875,68.90625],[-172.96875,67.5]]]},"properties":{"n":1}},{"type":"Feature","geometry":{"type":"Polygon","coordinates":[[[-174.375,67.5],[-172.96875,67.5],[-172.96875,68.90625],[-174.375,68.90625],[-174.375,67.5]]]},"properties":{"n":1}},{"type":"Feature","geometry":{"type":"Polygon","coordinates":[[[-150.46875,63.28125],[-149.0625,63.28125],[-149.0625,64.6875],[-150.46875,64.6875],[-150.46875,63.28125]]]},"properties":{"n":1}},{"type":"Feature","geometry":{"type":"Polygon","coordinates":[[[-137.8125,54.84375],[-136.40625,54.84375],[-136.40625,56.25],[-137.8125,56.25],[-137.8125,54.84375]]]},"properties":{"n":1}},{"type":"Feature","geometry":{"type":"Polygon","coordinates":[[[-164.53125,63.28125],[-163.125,63.28125],[-163.125,64.6875],[-164.53125,64.6875],[-164.53125,63.28125]]]},"properties":{"n":1}},{"type":"Feature","geometry":{"type":"Polygon","coordinates":[[[-167.34375,61.875],[-165.9375,61.875],[-165.9375,63.28125],[-167.34375,63.28125],[-167.34375,61.875]]]},"properties":{"n":1}},{"type":"Feature","geometry":{"type":"Polygon","coordinates":[[[-168.75,61.875],[-167.34375,61.875],[-167.34375,63.28125],[-168.75,63.28125],[-168.75,61.875]]]},"properties":{"n":1}},{"type":"Feature","geometry":{"type":"Polygon","coordinates":[[[-171.5625,63.28125],[-170.15625,63.28125],[-170.15625,64.6875],[-171.5625,64.6875],[-171.5625,63.28125]]]},"properties":{"n":1}},{"type":"Feature","geometry":{"type":"Polygon","coordinates":[[[-171.5625,61.875],[-170.15625,61.875],[-170.15625,63.28125],[-171.5625,63.28125],[-171.5625,61.875]]]},"properties":{"n":1}},{"type":"Feature","geometry":{"type":"Polygon","coordinates":[[[-180,64.6875],[-178.59375,64.6875],[-178.59375,66.09375],[-180,66.09375],[-180,64.6875]]]},"properties":{"n":1}},{"type":"Feature","geometry":{"type":"Polygon","coordinates":[[[-175.78125,63.28125],[-174.375,63.28125],[-174.375,64.6875],[-175.78125,64.6875],[-175.78125,63.28125]]]},"properties":{"n":1}},{"type":"Feature","geometry":{"type":"Polygon","coordinates":[[[-177.1875,61.875],[-175.78125,61.875],[-175.78125,63.28125],[-177.1875,63.28125],[-177.1875,61.875]]]},"properties":{"n":1}},{"type":"Feature","geometry":{"type":"Polygon","coordinates":[[[-180,63.28125],[-178.59375,63.28125],[-178.59375,64.6875],[-180,64.6875],[-180,63.28125]]]},"properties":{"n":1}},{"type":"Feature","geometry":{"type":"Polygon","coordinates":[[[-170.15625,59.0625],[-168.75,59.0625],[-168.75,60.46875],[-170.15625,60.46875],[-170.15625,59.0625]]]},"properties":{"n":1}},{"type":"Feature","geometry":{"type":"Polygon","coordinates":[[[-172.96875,59.0625],[-171.5625,59.0625],[-171.5625,60.46875],[-172.96875,60.46875],[-172.96875,59.0625]]]},"properties":{"n":1}},{"type":"Feature","geometry":{"type":"Polygon","coordinates":[[[-172.96875,57.65625],[-171.5625,57.65625],[-171.5625,59.0625],[-172.96875,59.0625],[-172.96875,57.65625]]]},"properties":{"n":1}},{"type":"Feature","geometry":{"type":"Polygon","coordinates":[[[-177.1875,60.46875],[-175.78125,60.46875],[-175.78125,61.875],[-177.1875,61.875],[-177.1875,60.46875]]]},"properties":{"n":1}},{"type":"Feature","geometry":{"type":"Polygon","coordinates":[[[-177.1875,50.625],[-175.78125,50.625],[-175.78125,52.03125],[-177.1875,52.03125],[-177.1875,50.625]]]},"properties":{"n":1}},{"type":"Feature","geometry":{"type":"Polygon","coordinates":[[[-175.78125,45],[-174.375,45],[-174.375,46.40625],[-175.78125,46.40625],[-175.78125,45]]]},"properties":{"n":1}}]}