{"type":"FeatureCollection","features":[{"type":"Feature","geometry":{"type":"Polygon","coordinates":[[[12.65625,53.4375],[14.0625,53.4375],[14.0625,54.84375],[12.65625,54.84375],[12.65625,53.4375]]]},"properties":{"n":78937}},{"type":"Feature","geometry":{"type":"Polygon","coordinates":[[[-67.5,43.59375],[-66.09375,43.59375],[-66.09375,45],[-67.5,45],[-67.5,43.59375]]]},"properties":{"n":44375}},{"type":"Feature","geometry":{"type":"Polygon","coordinates":[[[11.25,56.25],[12.65625,56.25],[12.65625,57.65625],[11.25,57.65625],[11.25,56.25]]]},"properties":{"n":34493}},{"type":"Feature","geometry":{"type":"Polygon","coordinates":[[[14.0625,54.84375],[15.46875,54.84375],[15.46875,56.25],[14.0625,56.25],[14.0625,54.84375]]]},"properties":{"n":31353}},{"type":"Feature","geometry":{"type":"Polygon","coordinates":[[[4.21875,52.03125],[5.625,52.03125],[5.625,53.4375],[4.21875,53.4375],[4.21875,52.03125]]]},"properties":{"n":31208}},{"type":"Feature","geometry":{"type":"Polygon","coordinates":[[[12.65625,54.84375],[14.0625,54.84375],[14.0625,56.25],[12.65625,56.25],[12.65625,54.84375]]]},"properties":{"n":26708}},{"type":"Feature","geometry":{"type":"Polygon","coordinates":[[[15.46875,54.84375],[16.875,54.84375],[16.875,56.25],[15.46875,56.25],[15.46875,54.84375]]]},"properties":{"n":24694}},{"type":"Feature","geometry":{"type":"Polygon","coordinates":[[[16.875,54.84375],[18.28125,54.84375],[18.28125,56.25],[16.875,56.25],[16.875,54.84375]]]},"properties":{"n":20992}},{"type":"Feature","geometry":{"type":"Polygon","coordinates":[[[-63.28125,43.59375],[-61.875,43.59375],[-61.875,45],[-63.28125,45],[-63.28125,43.59375]]]},"properties":{"n":19812}},{"type":"Feature","geometry":{"type":"Polygon","coordinates":[[[9.84375,57.65625],[11.25,57.65625],[11.25,59.0625],[9.84375,59.0625],[9.84375,57.65625]]]},"properties":{"n":18651}},{"type":"Feature","geometry":{"type":"Polygon","coordinates":[[[4.21875,53.4375],[5.625,53.4375],[5.625,54.84375],[4.21875,54.84375],[4.21875,53.4375]]]},"properties":{"n":17857}},{"type":"Feature","geometry":{"type":"Polygon","coordinates":[[[-1.40625,56.25],[0,56.25],[0,57.65625],[-1.40625,57.65625],[-1.40625,56.25]]]},"properties":{"n":16775}},{"type":"Feature","geometry":{"type":"Polygon","coordinates":[[[-66.09375,42.1875],[-64.6875,42.1875],[-64.6875,43.59375],[-66.09375,43.59375],[-66.09375,42.1875]]]},"properties":{"n":16730}},{"type":"Feature","geometry":{"type":"Polygon","coordinates":[[[-1.40625,54.84375],[0,54.84375],[0,56.25],[-1.40625,56.25],[-1.40625,54.84375]]]},"properties":{"n":16507}},{"type":"Feature","geometry":{"type":"Polygon","coordinates":[[[0,53.4375],[1.40625,53.4375],[1.40625,54.84375],[0,54.84375],[0,53.4375]]]},"properties":{"n":16322}},{"type":"Feature","geometry":{"type":"Polygon","coordinates":[[[19.6875,54.84375],[21.09375,54.84375],[21.09375,56.25],[19.6875,56.25],[19.6875,54.84375]]]},"properties":{"n":15466}},{"type":"Feature","geometry":{"type":"Polygon","coordinates":[[[-2.8125,57.65625],[-1.40625,57.65625],[-1.40625,59.0625],[-2.8125,59.0625],[-2.8125,57.65625]]]},"properties":{"n":15229}},{"type":"Feature","geometry":{"type":"Polygon","coordinates":[[[18.28125,53.4375],[19.6875,53.4375],[19.6875,54.84375],[18.28125,54.84375],[18.28125,53.4375]]]},"properties":{"n":14334}},{"type":"Feature","geometry":{"type":"Polygon","coordinates":[[[2.8125,52.03125],[4.21875,52.03125],[4.21875,53.4375],[2.8125,53.4375],[2.8125,52.03125]]]},"properties":{"n":14048}},{"type":"Feature","geometry":{"type":"Polygon","coordinates":[[[11.25,53.4375],[12.65625,53.4375],[12.65625,54.84375],[11.25,54.84375],[11.25,53.4375]]]},"properties":{"n":13802}},{"type":"Feature","geometry":{"type":"Polygon","coordinates":[[[2.8125,53.4375],[4.21875,53.4375],[4.21875,54.84375],[2.8125,54.84375],[2.8125,53.4375]]]},"properties":{"n":13302}},{"type":"Feature","geometry":{"type":"Polygon","coordinates":[[[18.28125,54.84375],[19.6875,54.84375],[19.6875,56.25],[18.28125,56.25],[18.28125,54.84375]]]},"properties":{"n":13015}},{"type":"Feature","geometry":{"type":"Polygon","coordinates":[[[-61.875,43.59375],[-60.46875,43.59375],[-60.46875,45],[-61.875,45],[-61.875,43.59375]]]},"properties":{"n":12940}},{"type":"Feature","geometry":{"type":"Polygon","coordinates":[[[5.625,54.84375],[7.03125,54.84375],[7.03125,56.25],[5.625,56.25],[5.625,54.84375]]]},"properties":{"n":12938}},{"type":"Feature","geometry":{"type":"Polygon","coordinates":[[[-1.40625,57.65625],[0,57.65625],[0,59.0625],[-1.40625,59.0625],[-1.40625,57.65625]]]},"properties":{"n":12769}},{"type":"Feature","geometry":{"type":"Polygon","coordinates":[[[14.0625,53.4375],[15.46875,53.4375],[15.46875,54.84375],[14.0625,54.84375],[14.0625,53.4375]]]},"properties":{"n":12757}},{"type":"Feature","geometry":{"type":"Polygon","coordinates":[[[0,56.25],[1.40625,56.25],[1.40625,57.65625],[0,57.65625],[0,56.25]]]},"properties":{"n":12165}},{"type":"Feature","geometry":{"type":"Polygon","coordinates":[[[5.625,53.4375],[7.03125,53.4375],[7.03125,54.84375],[5.625,54.84375],[5.625,53.4375]]]},"properties":{"n":12105}},{"type":"Feature","geometry":{"type":"Polygon","coordinates":[[[0,54.84375],[1.40625,54.84375],[1.40625,56.25],[0,56.25],[0,54.84375]]]},"properties":{"n":11392}},{"type":"Feature","geometry":{"type":"Polygon","coordinates":[[[-66.09375,45],[-64.6875,45],[-64.6875,46.40625],[-66.09375,46.40625],[-66.09375,45]]]},"properties":{"n":11380}},{"type":"Feature","geometry":{"type":"Polygon","coordinates":[[[-67.5,42.1875],[-66.09375,42.1875],[-66.09375,43.59375],[-67.5,43.59375],[-67.5,42.1875]]]},"properties":{"n":11128}},{"type":"Feature","geometry":{"type":"Polygon","coordinates":[[[1.40625,56.25],[2.8125,56.25],[2.8125,57.65625],[1.40625,57.65625],[1.40625,56.25]]]},"properties":{"n":10906}},{"type":"Feature","geometry":{"type":"Polygon","coordinates":[[[-7.03125,57.65625],[-5.625,57.65625],[-5.625,59.0625],[-7.03125,59.0625],[-7.03125,57.65625]]]},"properties":{"n":10861}},{"type":"Feature","geometry":{"type":"Polygon","coordinates":[[[18.28125,56.25],[19.6875,56.25],[19.6875,57.65625],[18.28125,57.65625],[18.28125,56.25]]]},"properties":{"n":10743}},{"type":"Feature","geometry":{"type":"Polygon","coordinates":[[[1.40625,50.625],[2.8125,50.625],[2.8125,52.03125],[1.40625,52.03125],[1.40625,50.625]]]},"properties":{"n":10702}},{"type":"Feature","geometry":{"type":"Polygon","coordinates":[[[4.21875,54.84375],[5.625,54.84375],[5.625,56.25],[4.21875,56.25],[4.21875,54.84375]]]},"properties":{"n":10668}},{"type":"Feature","geometry":{"type":"Polygon","coordinates":[[[15.46875,53.4375],[16.875,53.4375],[16.875,54.84375],[15.46875,54.84375],[15.46875,53.4375]]]},"properties":{"n":10617}},{"type":"Feature","geometry":{"type":"Polygon","coordinates":[[[-67.5,45],[-66.09375,45],[-66.09375,46.40625],[-67.5,46.40625],[-67.5,45]]]},"properties":{"n":10472}},{"type":"Feature","geometry":{"type":"Polygon","coordinates":[[[-2.8125,56.25],[-1.40625,56.25],[-1.40625,57.65625],[-2.8125,57.65625],[-2.8125,56.25]]]},"properties":{"n":10024}},{"type":"Feature","geometry":{"type":"Polygon","coordinates":[[[7.03125,54.84375],[8.4375,54.84375],[8.4375,56.25],[7.03125,56.25],[7.03125,54.84375]]]},"properties":{"n":9710}},{"type":"Feature","geometry":{"type":"Polygon","coordinates":[[[1.40625,53.4375],[2.8125,53.4375],[2.8125,54.84375],[1.40625,54.84375],[1.40625,53.4375]]]},"properties":{"n":9561}},{"type":"Feature","geometry":{"type":"Polygon","coordinates":[[[0,57.65625],[1.40625,57.65625],[1.40625,59.0625],[0,59.0625],[0,57.65625]]]},"properties":{"n":9536}},{"type":"Feature","geometry":{"type":"Polygon","coordinates":[[[1.40625,57.65625],[2.8125,57.65625],[2.8125,59.0625],[1.40625,59.0625],[1.40625,57.65625]]]},"properties":{"n":9492}},{"type":"Feature","geometry":{"type":"Polygon","coordinates":[[[7.03125,53.4375],[8.4375,53.4375],[8.4375,54.84375],[7.03125,54.84375],[7.03125,53.4375]]]},"properties":{"n":9322}},{"type":"Feature","geometry":{"type":"Polygon","coordinates":[[[-4.21875,57.65625],[-2.8125,57.65625],[-2.8125,59.0625],[-4.21875,59.0625],[-4.21875,57.65625]]]},"properties":{"n":9166}},{"type":"Feature","geometry":{"type":"Polygon","coordinates":[[[-2.8125,59.0625],[-1.40625,59.0625],[-1.40625,60.46875],[-2.8125,60.46875],[-2.8125,59.0625]]]},"properties":{"n":9154}},{"type":"Feature","geometry":{"type":"Polygon","coordinates":[[[19.6875,56.25],[21.09375,56.25],[21.09375,57.65625],[19.6875,57.65625],[19.6875,56.25]]]},"properties":{"n":9134}},{"type":"Feature","geometry":{"type":"Polygon","coordinates":[[[-64.6875,42.1875],[-63.28125,42.1875],[-63.28125,43.59375],[-64.6875,43.59375],[-64.6875,42.1875]]]},"properties":{"n":9060}},{"type":"Feature","geometry":{"type":"Polygon","coordinates":[[[0,59.0625],[1.40625,59.0625],[1.40625,60.46875],[0,60.46875],[0,59.0625]]]},"properties":{"n":8883}},{"type":"Feature","geometry":{"type":"Polygon","coordinates":[[[16.875,56.25],[18.28125,56.25],[18.28125,57.65625],[16.875,57.65625],[16.875,56.25]]]},"properties":{"n":8866}},{"type":"Feature","geometry":{"type":"Polygon","coordinates":[[[9.84375,54.84375],[11.25,54.84375],[11.25,56.25],[9.84375,56.25],[9.84375,54.84375]]]},"properties":{"n":8154}},{"type":"Feature","geometry":{"type":"Polygon","coordinates":[[[-66.09375,43.59375],[-64.6875,43.59375],[-64.6875,45],[-66.09375,45],[-66.09375,43.59375]]]},"properties":{"n":8138}},{"type":"Feature","geometry":{"type":"Polygon","coordinates":[[[5.625,56.25],[7.03125,56.25],[7.03125,57.65625],[5.625,57.65625],[5.625,56.25]]]},"properties":{"n":8106}},{"type":"Feature","geometry":{"type":"Polygon","coordinates":[[[-68.90625,40.78125],[-67.5,40.78125],[-67.5,42.1875],[-68.90625,42.1875],[-68.90625,40.78125]]]},"properties":{"n":8085}},{"type":"Feature","geometry":{"type":"Polygon","coordinates":[[[2.8125,50.625],[4.21875,50.625],[4.21875,52.03125],[2.8125,52.03125],[2.8125,50.625]]]},"properties":{"n":7993}},{"type":"Feature","geometry":{"type":"Polygon","coordinates":[[[-1.40625,59.0625],[0,59.0625],[0,60.46875],[-1.40625,60.46875],[-1.40625,59.0625]]]},"properties":{"n":7714}},{"type":"Feature","geometry":{"type":"Polygon","coordinates":[[[-67.5,40.78125],[-66.09375,40.78125],[-66.09375,42.1875],[-67.5,42.1875],[-67.5,40.78125]]]},"properties":{"n":7593}},{"type":"Feature","geometry":{"type":"Polygon","coordinates":[[[1.40625,54.84375],[2.8125,54.84375],[2.8125,56.25],[1.40625,56.25],[1.40625,54.84375]]]},"properties":{"n":7435}},{"type":"Feature","geometry":{"type":"Polygon","coordinates":[[[4.21875,56.25],[5.625,56.25],[5.625,57.65625],[4.21875,57.65625],[4.21875,56.25]]]},"properties":{"n":7322}},{"type":"Feature","geometry":{"type":"Polygon","coordinates":[[[-8.4375,54.84375],[-7.03125,54.84375],[-7.03125,56.25],[-8.4375,56.25],[-8.4375,54.84375]]]},"properties":{"n":7292}},{"type":"Feature","geometry":{"type":"Polygon","coordinates":[[[9.84375,56.25],[11.25,56.25],[11.25,57.65625],[9.84375,57.65625],[9.84375,56.25]]]},"properties":{"n":7189}},{"type":"Feature","geometry":{"type":"Polygon","coordinates":[[[0,49.21875],[1.40625,49.21875],[1.40625,50.625],[0,50.625],[0,49.21875]]]},"properties":{"n":7167}},{"type":"Feature","geometry":{"type":"Polygon","coordinates":[[[-60.46875,45],[-59.0625,45],[-59.0625,46.40625],[-60.46875,46.40625],[-60.46875,45]]]},"properties":{"n":7152}},{"type":"Feature","geometry":{"type":"Polygon","coordinates":[[[-60.46875,43.59375],[-59.0625,43.59375],[-59.0625,45],[-60.46875,45],[-60.46875,43.59375]]]},"properties":{"n":6996}},{"type":"Feature","geometry":{"type":"Polygon","coordinates":[[[9.84375,53.4375],[11.25,53.4375],[11.25,54.84375],[9.84375,54.84375],[9.84375,53.4375]]]},"properties":{"n":6863}},{"type":"Feature","geometry":{"type":"Polygon","coordinates":[[[-60.46875,46.40625],[-59.0625,46.40625],[-59.0625,47.8125],[-60.46875,47.8125],[-60.46875,46.40625]]]},"properties":{"n":6549}},{"type":"Feature","geometry":{"type":"Polygon","coordinates":[[[2.8125,54.84375],[4.21875,54.84375],[4.21875,56.25],[2.8125,56.25],[2.8125,54.84375]]]},"properties":{"n":6488}},{"type":"Feature","geometry":{"type":"Polygon","coordinates":[[[-64.6875,43.59375],[-63.28125,43.59375],[-63.28125,45],[-64.6875,45],[-64.6875,43.59375]]]},"properties":{"n":6384}},{"type":"Feature","geometry":{"type":"Polygon","coordinates":[[[-57.65625,50.625],[-56.25,50.625],[-56.25,52.03125],[-57.65625,52.03125],[-57.65625,50.625]]]},"properties":{"n":6185}},{"type":"Feature","geometry":{"type":"Polygon","coordinates":[[[2.8125,56.25],[4.21875,56.25],[4.21875,57.65625],[2.8125,57.65625],[2.8125,56.25]]]},"properties":{"n":6120}},{"type":"Feature","geometry":{"type":"Polygon","coordinates":[[[1.40625,59.0625],[2.8125,59.0625],[2.8125,60.46875],[1.40625,60.46875],[1.40625,59.0625]]]},"properties":{"n":5969}},{"type":"Feature","geometry":{"type":"Polygon","coordinates":[[[-63.28125,42.1875],[-61.875,42.1875],[-61.875,43.59375],[-63.28125,43.59375],[-63.28125,42.1875]]]},"properties":{"n":5927}},{"type":"Feature","geometry":{"type":"Polygon","coordinates":[[[8.4375,56.25],[9.84375,56.25],[9.84375,57.65625],[8.4375,57.65625],[8.4375,56.25]]]},"properties":{"n":5911}},{"type":"Feature","geometry":{"type":"Polygon","coordinates":[[[7.03125,56.25],[8.4375,56.25],[8.4375,57.65625],[7.03125,57.65625],[7.03125,56.25]]]},"properties":{"n":5811}},{"type":"Feature","geometry":{"type":"Polygon","coordinates":[[[2.8125,57.65625],[4.21875,57.65625],[4.21875,59.0625],[2.8125,59.0625],[2.8125,57.65625]]]},"properties":{"n":5747}},{"type":"Feature","geometry":{"type":"Polygon","coordinates":[[[1.40625,52.03125],[2.8125,52.03125],[2.8125,53.4375],[1.40625,53.4375],[1.40625,52.03125]]]},"properties":{"n":5367}},{"type":"Feature","geometry":{"type":"Polygon","coordinates":[[[-4.21875,59.0625],[-2.8125,59.0625],[-2.8125,60.46875],[-4.21875,60.46875],[-4.21875,59.0625]]]},"properties":{"n":5188}},{"type":"Feature","geometry":{"type":"Polygon","coordinates":[[[-8.4375,56.25],[-7.03125,56.25],[-7.03125,57.65625],[-8.4375,57.65625],[-8.4375,56.25]]]},"properties":{"n":4927}},{"type":"Feature","geometry":{"type":"Polygon","coordinates":[[[2.8125,59.0625],[4.21875,59.0625],[4.21875,60.46875],[2.8125,60.46875],[2.8125,59.0625]]]},"properties":{"n":4759}},{"type":"Feature","geometry":{"type":"Polygon","coordinates":[[[11.25,54.84375],[12.65625,54.84375],[12.65625,56.25],[11.25,56.25],[11.25,54.84375]]]},"properties":{"n":4743}},{"type":"Feature","geometry":{"type":"Polygon","coordinates":[[[-8.4375,57.65625],[-7.03125,57.65625],[-7.03125,59.0625],[-8.4375,59.0625],[-8.4375,57.65625]]]},"properties":{"n":4695}},{"type":"Feature","geometry":{"type":"Polygon","coordinates":[[[-5.625,57.65625],[-4.21875,57.65625],[-4.21875,59.0625],[-5.625,59.0625],[-5.625,57.65625]]]},"properties":{"n":4441}},{"type":"Feature","geometry":{"type":"Polygon","coordinates":[[[0,60.46875],[1.40625,60.46875],[1.40625,61.875],[0,61.875],[0,60.46875]]]},"properties":{"n":4393}},{"type":"Feature","geometry":{"type":"Polygon","coordinates":[[[8.4375,57.65625],[9.84375,57.65625],[9.84375,59.0625],[8.4375,59.0625],[8.4375,57.65625]]]},"properties":{"n":4371}},{"type":"Feature","geometry":{"type":"Polygon","coordinates":[[[-61.875,45],[-60.46875,45],[-60.46875,46.40625],[-61.875,46.40625],[-61.875,45]]]},"properties":{"n":4317}},{"type":"Feature","geometry":{"type":"Polygon","coordinates":[[[18.28125,57.65625],[19.6875,57.65625],[19.6875,59.0625],[18.28125,59.0625],[18.28125,57.65625]]]},"properties":{"n":4095}},{"type":"Feature","geometry":{"type":"Polygon","coordinates":[[[-1.40625,53.4375],[0,53.4375],[0,54.84375],[-1.40625,54.84375],[-1.40625,53.4375]]]},"properties":{"n":3904}},{"type":"Feature","geometry":{"type":"Polygon","coordinates":[[[4.21875,57.65625],[5.625,57.65625],[5.625,59.0625],[4.21875,59.0625],[4.21875,57.65625]]]},"properties":{"n":3862}},{"type":"Feature","geometry":{"type":"Polygon","coordinates":[[[-2.8125,54.84375],[-1.40625,54.84375],[-1.40625,56.25],[-2.8125,56.25],[-2.8125,54.84375]]]},"properties":{"n":3710}},{"type":"Feature","geometry":{"type":"Polygon","coordinates":[[[-7.03125,56.25],[-5.625,56.25],[-5.625,57.65625],[-7.03125,57.65625],[-7.03125,56.25]]]},"properties":{"n":3674}},{"type":"Feature","geometry":{"type":"Polygon","coordinates":[[[-59.0625,45],[-57.65625,45],[-57.65625,46.40625],[-59.0625,46.40625],[-59.0625,45]]]},"properties":{"n":3587}},{"type":"Feature","geometry":{"type":"Polygon","coordinates":[[[-9.84375,56.25],[-8.4375,56.25],[-8.4375,57.65625],[-9.84375,57.65625],[-9.84375,56.25]]]},"properties":{"n":3507}},{"type":"Feature","geometry":{"type":"Polygon","coordinates":[[[-9.84375,54.84375],[-8.4375,54.84375],[-8.4375,56.25],[-9.84375,56.25],[-9.84375,54.84375]]]},"properties":{"n":3500}},{"type":"Feature","geometry":{"type":"Polygon","coordinates":[[[-70.3125,40.78125],[-68.90625,40.78125],[-68.90625,42.1875],[-70.3125,42.1875],[-70.3125,40.78125]]]},"properties":{"n":3468}},{"type":"Feature","geometry":{"type":"Polygon","coordinates":[[[-5.625,54.84375],[-4.21875,54.84375],[-4.21875,56.25],[-5.625,56.25],[-5.625,54.84375]]]},"properties":{"n":3167}},{"type":"Feature","geometry":{"type":"Polygon","coordinates":[[[-1.40625,49.21875],[0,49.21875],[0,50.625],[-1.40625,50.625],[-1.40625,49.21875]]]},"properties":{"n":3030}},{"type":"Feature","geometry":{"type":"Polygon","coordinates":[[[-5.625,59.0625],[-4.21875,59.0625],[-4.21875,60.46875],[-5.625,60.46875],[-5.625,59.0625]]]},"properties":{"n":2962}},{"type":"Feature","geometry":{"type":"Polygon","coordinates":[[[-9.84375,53.4375],[-8.4375,53.4375],[-8.4375,54.84375],[-9.84375,54.84375],[-9.84375,53.4375]]]},"properties":{"n":2539}},{"type":"Feature","geometry":{"type":"Polygon","coordinates":[[[23.90625,57.65625],[25.3125,57.65625],[25.3125,59.0625],[23.90625,59.0625],[23.90625,57.65625]]]},"properties":{"n":2467}},{"type":"Feature","geometry":{"type":"Polygon","coordinates":[[[1.40625,60.46875],[2.8125,60.46875],[2.8125,61.875],[1.40625,61.875],[1.40625,60.46875]]]},"properties":{"n":2424}},{"type":"Feature","geometry":{"type":"Polygon","coordinates":[[[-7.03125,54.84375],[-5.625,54.84375],[-5.625,56.25],[-7.03125,56.25],[-7.03125,54.84375]]]},"properties":{"n":2355}},{"type":"Feature","geometry":{"type":"Polygon","coordinates":[[[15.46875,56.25],[16.875,56.25],[16.875,57.65625],[15.46875,57.65625],[15.46875,56.25]]]},"properties":{"n":2339}},{"type":"Feature","geometry":{"type":"Polygon","coordinates":[[[-7.03125,50.625],[-5.625,50.625],[-5.625,52.03125],[-7.03125,52.03125],[-7.03125,50.625]]]},"properties":{"n":2316}},{"type":"Feature","geometry":{"type":"Polygon","coordinates":[[[-1.40625,60.46875],[0,60.46875],[0,61.875],[-1.40625,61.875],[-1.40625,60.46875]]]},"properties":{"n":2210}},{"type":"Feature","geometry":{"type":"Polygon","coordinates":[[[21.09375,56.25],[22.5,56.25],[22.5,57.65625],[21.09375,57.65625],[21.09375,56.25]]]},"properties":{"n":2201}},{"type":"Feature","geometry":{"type":"Polygon","coordinates":[[[-68.90625,43.59375],[-67.5,43.59375],[-67.5,45],[-68.90625,45],[-68.90625,43.59375]]]},"properties":{"n":2170}},{"type":"Feature","geometry":{"type":"Polygon","coordinates":[[[-4.21875,53.4375],[-2.8125,53.4375],[-2.8125,54.84375],[-4.21875,54.84375],[-4.21875,53.4375]]]},"properties":{"n":2024}},{"type":"Feature","geometry":{"type":"Polygon","coordinates":[[[-9.84375,57.65625],[-8.4375,57.65625],[-8.4375,59.0625],[-9.84375,59.0625],[-9.84375,57.65625]]]},"properties":{"n":1983}},{"type":"Feature","geometry":{"type":"Polygon","coordinates":[[[21.09375,57.65625],[22.5,57.65625],[22.5,59.0625],[21.09375,59.0625],[21.09375,57.65625]]]},"properties":{"n":1907}},{"type":"Feature","geometry":{"type":"Polygon","coordinates":[[[18.28125,59.0625],[19.6875,59.0625],[19.6875,60.46875],[18.28125,60.46875],[18.28125,59.0625]]]},"properties":{"n":1809}},{"type":"Feature","geometry":{"type":"Polygon","coordinates":[[[11.25,57.65625],[12.65625,57.65625],[12.65625,59.0625],[11.25,59.0625],[11.25,57.65625]]]},"properties":{"n":1794}},{"type":"Feature","geometry":{"type":"Polygon","coordinates":[[[-61.875,42.1875],[-60.46875,42.1875],[-60.46875,43.59375],[-61.875,43.59375],[-61.875,42.1875]]]},"properties":{"n":1783}},{"type":"Feature","geometry":{"type":"Polygon","coordinates":[[[-70.3125,42.1875],[-68.90625,42.1875],[-68.90625,43.59375],[-70.3125,43.59375],[-70.3125,42.1875]]]},"properties":{"n":1632}},{"type":"Feature","geometry":{"type":"Polygon","coordinates":[[[-64.6875,47.8125],[-63.28125,47.8125],[-63.28125,49.21875],[-64.6875,49.21875],[-64.6875,47.8125]]]},"properties":{"n":1549}},{"type":"Feature","geometry":{"type":"Polygon","coordinates":[[[-66.09375,47.8125],[-64.6875,47.8125],[-64.6875,49.21875],[-66.09375,49.21875],[-66.09375,47.8125]]]},"properties":{"n":1501}},{"type":"Feature","geometry":{"type":"Polygon","coordinates":[[[-68.90625,42.1875],[-67.5,42.1875],[-67.5,43.59375],[-68.90625,43.59375],[-68.90625,42.1875]]]},"properties":{"n":1460}},{"type":"Feature","geometry":{"type":"Polygon","coordinates":[[[-5.625,53.4375],[-4.21875,53.4375],[-4.21875,54.84375],[-5.625,54.84375],[-5.625,53.4375]]]},"properties":{"n":1408}},{"type":"Feature","geometry":{"type":"Polygon","coordinates":[[[-59.0625,49.21875],[-57.65625,49.21875],[-57.65625,50.625],[-59.0625,50.625],[-59.0625,49.21875]]]},"properties":{"n":1400}},{"type":"Feature","geometry":{"type":"Polygon","coordinates":[[[-11.25,53.4375],[-9.84375,53.4375],[-9.84375,54.84375],[-11.25,54.84375],[-11.25,53.4375]]]},"properties":{"n":1395}},{"type":"Feature","geometry":{"type":"Polygon","coordinates":[[[-7.03125,53.4375],[-5.625,53.4375],[-5.625,54.84375],[-7.03125,54.84375],[-7.03125,53.4375]]]},"properties":{"n":1365}},{"type":"Feature","geometry":{"type":"Polygon","coordinates":[[[16.875,57.65625],[18.28125,57.65625],[18.28125,59.0625],[16.875,59.0625],[16.875,57.65625]]]},"properties":{"n":1334}},{"type":"Feature","geometry":{"type":"Polygon","coordinates":[[[0,50.625],[1.40625,50.625],[1.40625,52.03125],[0,52.03125],[0,50.625]]]},"properties":{"n":1286}},{"type":"Feature","geometry":{"type":"Polygon","coordinates":[[[-63.28125,45],[-61.875,45],[-61.875,46.40625],[-63.28125,46.40625],[-63.28125,45]]]},"properties":{"n":1262}},{"type":"Feature","geometry":{"type":"Polygon","coordinates":[[[-70.3125,43.59375],[-68.90625,43.59375],[-68.90625,45],[-70.3125,45],[-70.3125,43.59375]]]},"properties":{"n":1243}},{"type":"Feature","geometry":{"type":"Polygon","coordinates":[[[-64.6875,46.40625],[-63.28125,46.40625],[-63.28125,47.8125],[-64.6875,47.8125],[-64.6875,46.40625]]]},"properties":{"n":1193}},{"type":"Feature","geometry":{"type":"Polygon","coordinates":[[[-61.875,46.40625],[-60.46875,46.40625],[-60.46875,47.8125],[-61.875,47.8125],[-61.875,46.40625]]]},"properties":{"n":1129}},{"type":"Feature","geometry":{"type":"Polygon","coordinates":[[[-59.0625,43.59375],[-57.65625,43.59375],[-57.65625,45],[-59.0625,45],[-59.0625,43.59375]]]},"properties":{"n":1104}},{"type":"Feature","geometry":{"type":"Polygon","coordinates":[[[0,52.03125],[1.40625,52.03125],[1.40625,53.4375],[0,53.4375],[0,52.03125]]]},"properties":{"n":1085}},{"type":"Feature","geometry":{"type":"Polygon","coordinates":[[[-71.71875,42.1875],[-70.3125,42.1875],[-70.3125,43.59375],[-71.71875,43.59375],[-71.71875,42.1875]]]},"properties":{"n":1080}},{"type":"Feature","geometry":{"type":"Polygon","coordinates":[[[-8.4375,50.625],[-7.03125,50.625],[-7.03125,52.03125],[-8.4375,52.03125],[-8.4375,50.625]]]},"properties":{"n":1053}},{"type":"Feature","geometry":{"type":"Polygon","coordinates":[[[-9.84375,52.03125],[-8.4375,52.03125],[-8.4375,53.4375],[-9.84375,53.4375],[-9.84375,52.03125]]]},"properties":{"n":1047}},{"type":"Feature","geometry":{"type":"Polygon","coordinates":[[[19.6875,63.28125],[21.09375,63.28125],[21.09375,64.6875],[19.6875,64.6875],[19.6875,63.28125]]]},"properties":{"n":1019}},{"type":"Feature","geometry":{"type":"Polygon","coordinates":[[[2.8125,60.46875],[4.21875,60.46875],[4.21875,61.875],[2.8125,61.875],[2.8125,60.46875]]]},"properties":{"n":974}},{"type":"Feature","geometry":{"type":"Polygon","coordinates":[[[-70.3125,39.375],[-68.90625,39.375],[-68.90625,40.78125],[-70.3125,40.78125],[-70.3125,39.375]]]},"properties":{"n":951}},{"type":"Feature","geometry":{"type":"Polygon","coordinates":[[[16.875,59.0625],[18.28125,59.0625],[18.28125,60.46875],[16.875,60.46875],[16.875,59.0625]]]},"properties":{"n":950}},{"type":"Feature","geometry":{"type":"Polygon","coordinates":[[[-71.71875,40.78125],[-70.3125,40.78125],[-70.3125,42.1875],[-71.71875,42.1875],[-71.71875,40.78125]]]},"properties":{"n":899}},{"type":"Feature","geometry":{"type":"Polygon","coordinates":[[[-66.09375,40.78125],[-64.6875,40.78125],[-64.6875,42.1875],[-66.09375,42.1875],[-66.09375,40.78125]]]},"properties":{"n":890}},{"type":"Feature","geometry":{"type":"Polygon","coordinates":[[[-2.8125,60.46875],[-1.40625,60.46875],[-1.40625,61.875],[-2.8125,61.875],[-2.8125,60.46875]]]},"properties":{"n":881}},{"type":"Feature","geometry":{"type":"Polygon","coordinates":[[[-7.03125,59.0625],[-5.625,59.0625],[-5.625,60.46875],[-7.03125,60.46875],[-7.03125,59.0625]]]},"properties":{"n":858}},{"type":"Feature","geometry":{"type":"Polygon","coordinates":[[[15.46875,57.65625],[16.875,57.65625],[16.875,59.0625],[15.46875,59.0625],[15.46875,57.65625]]]},"properties":{"n":829}},{"type":"Feature","geometry":{"type":"Polygon","coordinates":[[[-74.53125,39.375],[-73.125,39.375],[-73.125,40.78125],[-74.53125,40.78125],[-74.53125,39.375]]]},"properties":{"n":812}},{"type":"Feature","geometry":{"type":"Polygon","coordinates":[[[16.875,53.4375],[18.28125,53.4375],[18.28125,54.84375],[16.875,54.84375],[16.875,53.4375]]]},"properties":{"n":787}},{"type":"Feature","geometry":{"type":"Polygon","coordinates":[[[5.625,61.875],[7.03125,61.875],[7.03125,63.28125],[5.625,63.28125],[5.625,61.875]]]},"properties":{"n":781}},{"type":"Feature","geometry":{"type":"Polygon","coordinates":[[[-73.125,39.375],[-71.71875,39.375],[-71.71875,40.78125],[-73.125,40.78125],[-73.125,39.375]]]},"properties":{"n":763}},{"type":"Feature","geometry":{"type":"Polygon","coordinates":[[[-68.90625,39.375],[-67.5,39.375],[-67.5,40.78125],[-68.90625,40.78125],[-68.90625,39.375]]]},"properties":{"n":761}},{"type":"Feature","geometry":{"type":"Polygon","coordinates":[[[4.21875,61.875],[5.625,61.875],[5.625,63.28125],[4.21875,63.28125],[4.21875,61.875]]]},"properties":{"n":727}},{"type":"Feature","geometry":{"type":"Polygon","coordinates":[[[-5.625,50.625],[-4.21875,50.625],[-4.21875,52.03125],[-5.625,52.03125],[-5.625,50.625]]]},"properties":{"n":688}},{"type":"Feature","geometry":{"type":"Polygon","coordinates":[[[-63.28125,46.40625],[-61.875,46.40625],[-61.875,47.8125],[-63.28125,47.8125],[-63.28125,46.40625]]]},"properties":{"n":613}},{"type":"Feature","geometry":{"type":"Polygon","coordinates":[[[8.4375,53.4375],[9.84375,53.4375],[9.84375,54.84375],[8.4375,54.84375],[8.4375,53.4375]]]},"properties":{"n":610}},{"type":"Feature","geometry":{"type":"Polygon","coordinates":[[[7.03125,63.28125],[8.4375,63.28125],[8.4375,64.6875],[7.03125,64.6875],[7.03125,63.28125]]]},"properties":{"n":605}},{"type":"Feature","geometry":{"type":"Polygon","coordinates":[[[-11.25,52.03125],[-9.84375,52.03125],[-9.84375,53.4375],[-11.25,53.4375],[-11.25,52.03125]]]},"properties":{"n":602}},{"type":"Feature","geometry":{"type":"Polygon","coordinates":[[[-64.6875,45],[-63.28125,45],[-63.28125,46.40625],[-64.6875,46.40625],[-64.6875,45]]]},"properties":{"n":599}},{"type":"Feature","geometry":{"type":"Polygon","coordinates":[[[11.25,66.09375],[12.65625,66.09375],[12.65625,67.5],[11.25,67.5],[11.25,66.09375]]]},"properties":{"n":591}},{"type":"Feature","geometry":{"type":"Polygon","coordinates":[[[-75.9375,36.5625],[-74.53125,36.5625],[-74.53125,37.96875],[-75.9375,37.96875],[-75.9375,36.5625]]]},"properties":{"n":586}},{"type":"Feature","geometry":{"type":"Polygon","coordinates":[[[-70.3125,46.40625],[-68.90625,46.40625],[-68.90625,47.8125],[-70.3125,47.8125],[-70.3125,46.40625]]]},"properties":{"n":578}},{"type":"Feature","geometry":{"type":"Polygon","coordinates":[[[9.84375,64.6875],[11.25,64.6875],[11.25,66.09375],[9.84375,66.09375],[9.84375,64.6875]]]},"properties":{"n":576}},{"type":"Feature","geometry":{"type":"Polygon","coordinates":[[[-60.46875,47.8125],[-59.0625,47.8125],[-59.0625,49.21875],[-60.46875,49.21875],[-60.46875,47.8125]]]},"properties":{"n":563}},{"type":"Feature","geometry":{"type":"Polygon","coordinates":[[[8.4375,54.84375],[9.84375,54.84375],[9.84375,56.25],[8.4375,56.25],[8.4375,54.84375]]]},"properties":{"n":524}},{"type":"Feature","geometry":{"type":"Polygon","coordinates":[[[4.21875,50.625],[5.625,50.625],[5.625,52.03125],[4.21875,52.03125],[4.21875,50.625]]]},"properties":{"n":494}},{"type":"Feature","geometry":{"type":"Polygon","coordinates":[[[-74.53125,37.96875],[-73.125,37.96875],[-73.125,39.375],[-74.53125,39.375],[-74.53125,37.96875]]]},"properties":{"n":485}},{"type":"Feature","geometry":{"type":"Polygon","coordinates":[[[-68.90625,47.8125],[-67.5,47.8125],[-67.5,49.21875],[-68.90625,49.21875],[-68.90625,47.8125]]]},"properties":{"n":474}},{"type":"Feature","geometry":{"type":"Polygon","coordinates":[[[-75.9375,37.96875],[-74.53125,37.96875],[-74.53125,39.375],[-75.9375,39.375],[-75.9375,37.96875]]]},"properties":{"n":445}},{"type":"Feature","geometry":{"type":"Polygon","coordinates":[[[-71.71875,39.375],[-70.3125,39.375],[-70.3125,40.78125],[-71.71875,40.78125],[-71.71875,39.375]]]},"properties":{"n":417}},{"type":"Feature","geometry":{"type":"Polygon","coordinates":[[[-9.84375,50.625],[-8.4375,50.625],[-8.4375,52.03125],[-9.84375,52.03125],[-9.84375,50.625]]]},"properties":{"n":410}},{"type":"Feature","geometry":{"type":"Polygon","coordinates":[[[-61.875,47.8125],[-60.46875,47.8125],[-60.46875,49.21875],[-61.875,49.21875],[-61.875,47.8125]]]},"properties":{"n":410}},{"type":"Feature","geometry":{"type":"Polygon","coordinates":[[[-66.09375,49.21875],[-64.6875,49.21875],[-64.6875,50.625],[-66.09375,50.625],[-66.09375,49.21875]]]},"properties":{"n":407}},{"type":"Feature","geometry":{"type":"Polygon","coordinates":[[[-60.46875,49.21875],[-59.0625,49.21875],[-59.0625,50.625],[-60.46875,50.625],[-60.46875,49.21875]]]},"properties":{"n":401}},{"type":"Feature","geometry":{"type":"Polygon","coordinates":[[[8.4375,63.28125],[9.84375,63.28125],[9.84375,64.6875],[8.4375,64.6875],[8.4375,63.28125]]]},"properties":{"n":392}},{"type":"Feature","geometry":{"type":"Polygon","coordinates":[[[1.40625,49.21875],[2.8125,49.21875],[2.8125,50.625],[1.40625,50.625],[1.40625,49.21875]]]},"properties":{"n":390}},{"type":"Feature","geometry":{"type":"Polygon","coordinates":[[[-63.28125,47.8125],[-61.875,47.8125],[-61.875,49.21875],[-63.28125,49.21875],[-63.28125,47.8125]]]},"properties":{"n":375}},{"type":"Feature","geometry":{"type":"Polygon","coordinates":[[[16.875,60.46875],[18.28125,60.46875],[18.28125,61.875],[16.875,61.875],[16.875,60.46875]]]},"properties":{"n":365}},{"type":"Feature","geometry":{"type":"Polygon","coordinates":[[[5.625,63.28125],[7.03125,63.28125],[7.03125,64.6875],[5.625,64.6875],[5.625,63.28125]]]},"properties":{"n":362}},{"type":"Feature","geometry":{"type":"Polygon","coordinates":[[[-123.75,47.8125],[-122.34375,47.8125],[-122.34375,49.21875],[-123.75,49.21875],[-123.75,47.8125]]]},"properties":{"n":342}},{"type":"Feature","geometry":{"type":"Polygon","coordinates":[[[-61.875,49.21875],[-60.46875,49.21875],[-60.46875,50.625],[-61.875,50.625],[-61.875,49.21875]]]},"properties":{"n":334}},{"type":"Feature","geometry":{"type":"Polygon","coordinates":[[[19.6875,57.65625],[21.09375,57.65625],[21.09375,59.0625],[19.6875,59.0625],[19.6875,57.65625]]]},"properties":{"n":325}},{"type":"Feature","geometry":{"type":"Polygon","coordinates":[[[22.5,57.65625],[23.90625,57.65625],[23.90625,59.0625],[22.5,59.0625],[22.5,57.65625]]]},"properties":{"n":318}},{"type":"Feature","geometry":{"type":"Polygon","coordinates":[[[-67.5,49.21875],[-66.09375,49.21875],[-66.09375,50.625],[-67.5,50.625],[-67.5,49.21875]]]},"properties":{"n":316}},{"type":"Feature","geometry":{"type":"Polygon","coordinates":[[[-73.125,40.78125],[-71.71875,40.78125],[-71.71875,42.1875],[-73.125,42.1875],[-73.125,40.78125]]]},"properties":{"n":316}},{"type":"Feature","geometry":{"type":"Polygon","coordinates":[[[-59.0625,46.40625],[-57.65625,46.40625],[-57.65625,47.8125],[-59.0625,47.8125],[-59.0625,46.40625]]]},"properties":{"n":298}},{"type":"Feature","geometry":{"type":"Polygon","coordinates":[[[22.5,59.0625],[23.90625,59.0625],[23.90625,60.46875],[22.5,60.46875],[22.5,59.0625]]]},"properties":{"n":287}},{"type":"Feature","geometry":{"type":"Polygon","coordinates":[[[-57.65625,46.40625],[-56.25,46.40625],[-56.25,47.8125],[-57.65625,47.8125],[-57.65625,46.40625]]]},"properties":{"n":283}},{"type":"Feature","geometry":{"type":"Polygon","coordinates":[[[11.25,67.5],[12.65625,67.5],[12.65625,68.90625],[11.25,68.90625],[11.25,67.5]]]},"properties":{"n":279}},{"type":"Feature","geometry":{"type":"Polygon","coordinates":[[[7.03125,52.03125],[8.4375,52.03125],[8.4375,53.4375],[7.03125,53.4375],[7.03125,52.03125]]]},"properties":{"n":271}},{"type":"Feature","geometry":{"type":"Polygon","coordinates":[[[-21.09375,45],[-19.6875,45],[-19.6875,46.40625],[-21.09375,46.40625],[-21.09375,45]]]},"properties":{"n":271}},{"type":"Feature","geometry":{"type":"Polygon","coordinates":[[[22.5,63.28125],[23.90625,63.28125],[23.90625,64.6875],[22.5,64.6875],[22.5,63.28125]]]},"properties":{"n":270}},{"type":"Feature","geometry":{"type":"Polygon","coordinates":[[[-11.25,50.625],[-9.84375,50.625],[-9.84375,52.03125],[-11.25,52.03125],[-11.25,50.625]]]},"properties":{"n":267}},{"type":"Feature","geometry":{"type":"Polygon","coordinates":[[[5.625,57.65625],[7.03125,57.65625],[7.03125,59.0625],[5.625,59.0625],[5.625,57.65625]]]},"properties":{"n":264}},{"type":"Feature","geometry":{"type":"Polygon","coordinates":[[[-60.46875,42.1875],[-59.0625,42.1875],[-59.0625,43.59375],[-60.46875,43.59375],[-60.46875,42.1875]]]},"properties":{"n":261}},{"type":"Feature","geometry":{"type":"Polygon","coordinates":[[[-64.6875,49.21875],[-63.28125,49.21875],[-63.28125,50.625],[-64.6875,50.625],[-64.6875,49.21875]]]},"properties":{"n":258}},{"type":"Feature","geometry":{"type":"Polygon","coordinates":[[[19.6875,70.3125],[21.09375,70.3125],[21.09375,71.71875],[19.6875,71.71875],[19.6875,70.3125]]]},"properties":{"n":252}},{"type":"Feature","geometry":{"type":"Polygon","coordinates":[[[8.4375,64.6875],[9.84375,64.6875],[9.84375,66.09375],[8.4375,66.09375],[8.4375,64.6875]]]},"properties":{"n":252}},{"type":"Feature","geometry":{"type":"Polygon","coordinates":[[[-56.25,45],[-54.84375,45],[-54.84375,46.40625],[-56.25,46.40625],[-56.25,45]]]},"properties":{"n":252}},{"type":"Feature","geometry":{"type":"Polygon","coordinates":[[[28.125,70.3125],[29.53125,70.3125],[29.53125,71.71875],[28.125,71.71875],[28.125,70.3125]]]},"properties":{"n":250}},{"type":"Feature","geometry":{"type":"Polygon","coordinates":[[[19.6875,60.46875],[21.09375,60.46875],[21.09375,61.875],[19.6875,61.875],[19.6875,60.46875]]]},"properties":{"n":249}},{"type":"Feature","geometry":{"type":"Polygon","coordinates":[[[-57.65625,45],[-56.25,45],[-56.25,46.40625],[-57.65625,46.40625],[-57.65625,45]]]},"properties":{"n":239}},{"type":"Feature","geometry":{"type":"Polygon","coordinates":[[[-71.71875,46.40625],[-70.3125,46.40625],[-70.3125,47.8125],[-71.71875,47.8125],[-71.71875,46.40625]]]},"properties":{"n":239}},{"type":"Feature","geometry":{"type":"Polygon","coordinates":[[[-63.28125,49.21875],[-61.875,49.21875],[-61.875,50.625],[-63.28125,50.625],[-63.28125,49.21875]]]},"properties":{"n":228}},{"type":"Feature","geometry":{"type":"Polygon","coordinates":[[[12.65625,67.5],[14.0625,67.5],[14.0625,68.90625],[12.65625,68.90625],[12.65625,67.5]]]},"properties":{"n":227}},{"type":"Feature","geometry":{"type":"Polygon","coordinates":[[[-70.3125,47.8125],[-68.90625,47.8125],[-68.90625,49.21875],[-70.3125,49.21875],[-70.3125,47.8125]]]},"properties":{"n":226}},{"type":"Feature","geometry":{"type":"Polygon","coordinates":[[[15.46875,68.90625],[16.875,68.90625],[16.875,70.3125],[15.46875,70.3125],[15.46875,68.90625]]]},"properties":{"n":224}},{"type":"Feature","geometry":{"type":"Polygon","coordinates":[[[25.3125,70.3125],[26.71875,70.3125],[26.71875,71.71875],[25.3125,71.71875],[25.3125,70.3125]]]},"properties":{"n":223}},{"type":"Feature","geometry":{"type":"Polygon","coordinates":[[[-53.4375,47.8125],[-52.03125,47.8125],[-52.03125,49.21875],[-53.4375,49.21875],[-53.4375,47.8125]]]},"properties":{"n":221}},{"type":"Feature","geometry":{"type":"Polygon","coordinates":[[[16.875,68.90625],[18.28125,68.90625],[18.28125,70.3125],[16.875,70.3125],[16.875,68.90625]]]},"properties":{"n":220}},{"type":"Feature","geometry":{"type":"Polygon","coordinates":[[[18.28125,60.46875],[19.6875,60.46875],[19.6875,61.875],[18.28125,61.875],[18.28125,60.46875]]]},"properties":{"n":219}},{"type":"Feature","geometry":{"type":"Polygon","coordinates":[[[7.03125,61.875],[8.4375,61.875],[8.4375,63.28125],[7.03125,63.28125],[7.03125,61.875]]]},"properties":{"n":218}},{"type":"Feature","geometry":{"type":"Polygon","coordinates":[[[-66.09375,46.40625],[-64.6875,46.40625],[-64.6875,47.8125],[-66.09375,47.8125],[-66.09375,46.40625]]]},"properties":{"n":217}},{"type":"Feature","geometry":{"type":"Polygon","coordinates":[[[16.875,70.3125],[18.28125,70.3125],[18.28125,71.71875],[16.875,71.71875],[16.875,70.3125]]]},"properties":{"n":215}},{"type":"Feature","geometry":{"type":"Polygon","coordinates":[[[19.6875,68.90625],[21.09375,68.90625],[21.09375,70.3125],[19.6875,70.3125],[19.6875,68.90625]]]},"properties":{"n":212}},{"type":"Feature","geometry":{"type":"Polygon","coordinates":[[[30.9375,70.3125],[32.34375,70.3125],[32.34375,71.71875],[30.9375,71.71875],[30.9375,70.3125]]]},"properties":{"n":211}},{"type":"Feature","geometry":{"type":"Polygon","coordinates":[[[-75.9375,35.15625],[-74.53125,35.15625],[-74.53125,36.5625],[-75.9375,36.5625],[-75.9375,35.15625]]]},"properties":{"n":209}},{"type":"Feature","geometry":{"type":"Polygon","coordinates":[[[23.90625,70.3125],[25.3125,70.3125],[25.3125,71.71875],[23.90625,71.71875],[23.90625,70.3125]]]},"properties":{"n":206}},{"type":"Feature","geometry":{"type":"Polygon","coordinates":[[[-56.25,46.40625],[-54.84375,46.40625],[-54.84375,47.8125],[-56.25,47.8125],[-56.25,46.40625]]]},"properties":{"n":206}},{"type":"Feature","geometry":{"type":"Polygon","coordinates":[[[22.5,64.6875],[23.90625,64.6875],[23.90625,66.09375],[22.5,66.09375],[22.5,64.6875]]]},"properties":{"n":200}},{"type":"Feature","geometry":{"type":"Polygon","coordinates":[[[18.28125,70.3125],[19.6875,70.3125],[19.6875,71.71875],[18.28125,71.71875],[18.28125,70.3125]]]},"properties":{"n":197}},{"type":"Feature","geometry":{"type":"Polygon","coordinates":[[[14.0625,68.90625],[15.46875,68.90625],[15.46875,70.3125],[14.0625,70.3125],[14.0625,68.90625]]]},"properties":{"n":194}},{"type":"Feature","geometry":{"type":"Polygon","coordinates":[[[4.21875,60.46875],[5.625,60.46875],[5.625,61.875],[4.21875,61.875],[4.21875,60.46875]]]},"properties":{"n":194}},{"type":"Feature","geometry":{"type":"Polygon","coordinates":[[[21.09375,68.90625],[22.5,68.90625],[22.5,70.3125],[21.09375,70.3125],[21.09375,68.90625]]]},"properties":{"n":193}},{"type":"Feature","geometry":{"type":"Polygon","coordinates":[[[-8.4375,53.4375],[-7.03125,53.4375],[-7.03125,54.84375],[-8.4375,54.84375],[-8.4375,53.4375]]]},"properties":{"n":192}},{"type":"Feature","geometry":{"type":"Polygon","coordinates":[[[26.71875,70.3125],[28.125,70.3125],[28.125,71.71875],[26.71875,71.71875],[26.71875,70.3125]]]},"properties":{"n":190}},{"type":"Feature","geometry":{"type":"Polygon","coordinates":[[[-125.15625,49.21875],[-123.75,49.21875],[-123.75,50.625],[-125.15625,50.625],[-125.15625,49.21875]]]},"properties":{"n":189}},{"type":"Feature","geometry":{"type":"Polygon","coordinates":[[[25.3125,59.0625],[26.71875,59.0625],[26.71875,60.46875],[25.3125,60.46875],[25.3125,59.0625]]]},"properties":{"n":188}},{"type":"Feature","geometry":{"type":"Polygon","coordinates":[[[9.84375,66.09375],[11.25,66.09375],[11.25,67.5],[9.84375,67.5],[9.84375,66.09375]]]},"properties":{"n":187}},{"type":"Feature","geometry":{"type":"Polygon","coordinates":[[[15.46875,67.5],[16.875,67.5],[16.875,68.90625],[15.46875,68.90625],[15.46875,67.5]]]},"properties":{"n":186}},{"type":"Feature","geometry":{"type":"Polygon","coordinates":[[[4.21875,59.0625],[5.625,59.0625],[5.625,60.46875],[4.21875,60.46875],[4.21875,59.0625]]]},"properties":{"n":185}},{"type":"Feature","geometry":{"type":"Polygon","coordinates":[[[9.84375,63.28125],[11.25,63.28125],[11.25,64.6875],[9.84375,64.6875],[9.84375,63.28125]]]},"properties":{"n":184}},{"type":"Feature","geometry":{"type":"Polygon","coordinates":[[[18.28125,68.90625],[19.6875,68.90625],[19.6875,70.3125],[18.28125,70.3125],[18.28125,68.90625]]]},"properties":{"n":183}},{"type":"Feature","geometry":{"type":"Polygon","coordinates":[[[21.09375,70.3125],[22.5,70.3125],[22.5,71.71875],[21.09375,71.71875],[21.09375,70.3125]]]},"properties":{"n":181}},{"type":"Feature","geometry":{"type":"Polygon","coordinates":[[[21.09375,64.6875],[22.5,64.6875],[22.5,66.09375],[21.09375,66.09375],[21.09375,64.6875]]]},"properties":{"n":177}},{"type":"Feature","geometry":{"type":"Polygon","coordinates":[[[19.6875,53.4375],[21.09375,53.4375],[21.09375,54.84375],[19.6875,54.84375],[19.6875,53.4375]]]},"properties":{"n":177}},{"type":"Feature","geometry":{"type":"Polygon","coordinates":[[[-57.65625,43.59375],[-56.25,43.59375],[-56.25,45],[-57.65625,45],[-57.65625,43.59375]]]},"properties":{"n":177}},{"type":"Feature","geometry":{"type":"Polygon","coordinates":[[[29.53125,70.3125],[30.9375,70.3125],[30.9375,71.71875],[29.53125,71.71875],[29.53125,70.3125]]]},"properties":{"n":176}},{"type":"Feature","geometry":{"type":"Polygon","coordinates":[[[12.65625,66.09375],[14.0625,66.09375],[14.0625,67.5],[12.65625,67.5],[12.65625,66.09375]]]},"properties":{"n":175}},{"type":"Feature","geometry":{"type":"Polygon","coordinates":[[[18.28125,61.875],[19.6875,61.875],[19.6875,63.28125],[18.28125,63.28125],[18.28125,61.875]]]},"properties":{"n":173}},{"type":"Feature","geometry":{"type":"Polygon","coordinates":[[[22.5,70.3125],[23.90625,70.3125],[23.90625,71.71875],[22.5,71.71875],[22.5,70.3125]]]},"properties":{"n":172}},{"type":"Feature","geometry":{"type":"Polygon","coordinates":[[[9.84375,67.5],[11.25,67.5],[11.25,68.90625],[9.84375,68.90625],[9.84375,67.5]]]},"properties":{"n":168}},{"type":"Feature","geometry":{"type":"Polygon","coordinates":[[[-52.03125,47.8125],[-50.625,47.8125],[-50.625,49.21875],[-52.03125,49.21875],[-52.03125,47.8125]]]},"properties":{"n":162}},{"type":"Feature","geometry":{"type":"Polygon","coordinates":[[[-8.4375,52.03125],[-7.03125,52.03125],[-7.03125,53.4375],[-8.4375,53.4375],[-8.4375,52.03125]]]},"properties":{"n":159}},{"type":"Feature","geometry":{"type":"Polygon","coordinates":[[[14.0625,71.71875],[15.46875,71.71875],[15.46875,73.125],[14.0625,73.125],[14.0625,71.71875]]]},"properties":{"n":155}},{"type":"Feature","geometry":{"type":"Polygon","coordinates":[[[-12.65625,52.03125],[-11.25,52.03125],[-11.25,53.4375],[-12.65625,53.4375],[-12.65625,52.03125]]]},"properties":{"n":155}},{"type":"Feature","geometry":{"type":"Polygon","coordinates":[[[-59.0625,47.8125],[-57.65625,47.8125],[-57.65625,49.21875],[-59.0625,49.21875],[-59.0625,47.8125]]]},"properties":{"n":154}},{"type":"Feature","geometry":{"type":"Polygon","coordinates":[[[9.84375,59.0625],[11.25,59.0625],[11.25,60.46875],[9.84375,60.46875],[9.84375,59.0625]]]},"properties":{"n":153}},{"type":"Feature","geometry":{"type":"Polygon","coordinates":[[[-7.03125,52.03125],[-5.625,52.03125],[-5.625,53.4375],[-7.03125,53.4375],[-7.03125,52.03125]]]},"properties":{"n":146}},{"type":"Feature","geometry":{"type":"Polygon","coordinates":[[[28.125,71.71875],[29.53125,71.71875],[29.53125,73.125],[28.125,73.125],[28.125,71.71875]]]},"properties":{"n":142}},{"type":"Feature","geometry":{"type":"Polygon","coordinates":[[[-56.25,50.625],[-54.84375,50.625],[-54.84375,52.03125],[-56.25,52.03125],[-56.25,50.625]]]},"properties":{"n":133}},{"type":"Feature","geometry":{"type":"Polygon","coordinates":[[[-54.84375,45],[-53.4375,45],[-53.4375,46.40625],[-54.84375,46.40625],[-54.84375,45]]]},"properties":{"n":132}},{"type":"Feature","geometry":{"type":"Polygon","coordinates":[[[15.46875,70.3125],[16.875,70.3125],[16.875,71.71875],[15.46875,71.71875],[15.46875,70.3125]]]},"properties":{"n":131}},{"type":"Feature","geometry":{"type":"Polygon","coordinates":[[[11.25,64.6875],[12.65625,64.6875],[12.65625,66.09375],[11.25,66.09375],[11.25,64.6875]]]},"properties":{"n":130}},{"type":"Feature","geometry":{"type":"Polygon","coordinates":[[[29.53125,71.71875],[30.9375,71.71875],[30.9375,73.125],[29.53125,73.125],[29.53125,71.71875]]]},"properties":{"n":129}},{"type":"Feature","geometry":{"type":"Polygon","coordinates":[[[-53.4375,43.59375],[-52.03125,43.59375],[-52.03125,45],[-53.4375,45],[-53.4375,43.59375]]]},"properties":{"n":125}},{"type":"Feature","geometry":{"type":"Polygon","coordinates":[[[30.9375,71.71875],[32.34375,71.71875],[32.34375,73.125],[30.9375,73.125],[30.9375,71.71875]]]},"properties":{"n":122}},{"type":"Feature","geometry":{"type":"Polygon","coordinates":[[[5.625,60.46875],[7.03125,60.46875],[7.03125,61.875],[5.625,61.875],[5.625,60.46875]]]},"properties":{"n":121}},{"type":"Feature","geometry":{"type":"Polygon","coordinates":[[[-59.0625,50.625],[-57.65625,50.625],[-57.65625,52.03125],[-59.0625,52.03125],[-59.0625,50.625]]]},"properties":{"n":118}},{"type":"Feature","geometry":{"type":"Polygon","coordinates":[[[-123.75,49.21875],[-122.34375,49.21875],[-122.34375,50.625],[-123.75,50.625],[-123.75,49.21875]]]},"properties":{"n":118}},{"type":"Feature","geometry":{"type":"Polygon","coordinates":[[[15.46875,71.71875],[16.875,71.71875],[16.875,73.125],[15.46875,73.125],[15.46875,71.71875]]]},"properties":{"n":117}},{"type":"Feature","geometry":{"type":"Polygon","coordinates":[[[-54.84375,50.625],[-53.4375,50.625],[-53.4375,52.03125],[-54.84375,52.03125],[-54.84375,50.625]]]},"properties":{"n":117}},{"type":"Feature","geometry":{"type":"Polygon","coordinates":[[[14.0625,67.5],[15.46875,67.5],[15.46875,68.90625],[14.0625,68.90625],[14.0625,67.5]]]},"properties":{"n":116}},{"type":"Feature","geometry":{"type":"Polygon","coordinates":[[[25.3125,71.71875],[26.71875,71.71875],[26.71875,73.125],[25.3125,73.125],[25.3125,71.71875]]]},"properties":{"n":115}},{"type":"Feature","geometry":{"type":"Polygon","coordinates":[[[7.03125,57.65625],[8.4375,57.65625],[8.4375,59.0625],[7.03125,59.0625],[7.03125,57.65625]]]},"properties":{"n":115}},{"type":"Feature","geometry":{"type":"Polygon","coordinates":[[[23.90625,71.71875],[25.3125,71.71875],[25.3125,73.125],[23.90625,73.125],[23.90625,71.71875]]]},"properties":{"n":114}},{"type":"Feature","geometry":{"type":"Polygon","coordinates":[[[-56.25,49.21875],[-54.84375,49.21875],[-54.84375,50.625],[-56.25,50.625],[-56.25,49.21875]]]},"properties":{"n":112}},{"type":"Feature","geometry":{"type":"Polygon","coordinates":[[[32.34375,70.3125],[33.75,70.3125],[33.75,71.71875],[32.34375,71.71875],[32.34375,70.3125]]]},"properties":{"n":108}},{"type":"Feature","geometry":{"type":"Polygon","coordinates":[[[-57.65625,49.21875],[-56.25,49.21875],[-56.25,50.625],[-57.65625,50.625],[-57.65625,49.21875]]]},"properties":{"n":106}},{"type":"Feature","geometry":{"type":"Polygon","coordinates":[[[-67.5,47.8125],[-66.09375,47.8125],[-66.09375,49.21875],[-67.5,49.21875],[-67.5,47.8125]]]},"properties":{"n":106}},{"type":"Feature","geometry":{"type":"Polygon","coordinates":[[[-54.84375,46.40625],[-53.4375,46.40625],[-53.4375,47.8125],[-54.84375,47.8125],[-54.84375,46.40625]]]},"properties":{"n":105}},{"type":"Feature","geometry":{"type":"Polygon","coordinates":[[[-53.4375,49.21875],[-52.03125,49.21875],[-52.03125,50.625],[-53.4375,50.625],[-53.4375,49.21875]]]},"properties":{"n":104}},{"type":"Feature","geometry":{"type":"Polygon","coordinates":[[[26.71875,71.71875],[28.125,71.71875],[28.125,73.125],[26.71875,73.125],[26.71875,71.71875]]]},"properties":{"n":103}},{"type":"Feature","geometry":{"type":"Polygon","coordinates":[[[23.90625,59.0625],[25.3125,59.0625],[25.3125,60.46875],[23.90625,60.46875],[23.90625,59.0625]]]},"properties":{"n":102}},{"type":"Feature","geometry":{"type":"Polygon","coordinates":[[[32.34375,71.71875],[33.75,71.71875],[33.75,73.125],[32.34375,73.125],[32.34375,71.71875]]]},"properties":{"n":99}},{"type":"Feature","geometry":{"type":"Polygon","coordinates":[[[-54.84375,49.21875],[-53.4375,49.21875],[-53.4375,50.625],[-54.84375,50.625],[-54.84375,49.21875]]]},"properties":{"n":98}},{"type":"Feature","geometry":{"type":"Polygon","coordinates":[[[-67.5,39.375],[-66.09375,39.375],[-66.09375,40.78125],[-67.5,40.78125],[-67.5,39.375]]]},"properties":{"n":96}},{"type":"Feature","geometry":{"type":"Polygon","coordinates":[[[22.5,71.71875],[23.90625,71.71875],[23.90625,73.125],[22.5,73.125],[22.5,71.71875]]]},"properties":{"n":94}},{"type":"Feature","geometry":{"type":"Polygon","coordinates":[[[22.5,68.90625],[23.90625,68.90625],[23.90625,70.3125],[22.5,70.3125],[22.5,68.90625]]]},"properties":{"n":94}},{"type":"Feature","geometry":{"type":"Polygon","coordinates":[[[5.625,59.0625],[7.03125,59.0625],[7.03125,60.46875],[5.625,60.46875],[5.625,59.0625]]]},"properties":{"n":94}},{"type":"Feature","geometry":{"type":"Polygon","coordinates":[[[15.46875,73.125],[16.875,73.125],[16.875,74.53125],[15.46875,74.53125],[15.46875,73.125]]]},"properties":{"n":91}},{"type":"Feature","geometry":{"type":"Polygon","coordinates":[[[7.03125,64.6875],[8.4375,64.6875],[8.4375,66.09375],[7.03125,66.09375],[7.03125,64.6875]]]},"properties":{"n":91}},{"type":"Feature","geometry":{"type":"Polygon","coordinates":[[[33.75,70.3125],[35.15625,70.3125],[35.15625,71.71875],[33.75,71.71875],[33.75,70.3125]]]},"properties":{"n":90}},{"type":"Feature","geometry":{"type":"Polygon","coordinates":[[[12.65625,56.25],[14.0625,56.25],[14.0625,57.65625],[12.65625,57.65625],[12.65625,56.25]]]},"properties":{"n":88}},{"type":"Feature","geometry":{"type":"Polygon","coordinates":[[[33.75,71.71875],[35.15625,71.71875],[35.15625,73.125],[33.75,73.125],[33.75,71.71875]]]},"properties":{"n":87}},{"type":"Feature","geometry":{"type":"Polygon","coordinates":[[[29.53125,68.90625],[30.9375,68.90625],[30.9375,70.3125],[29.53125,70.3125],[29.53125,68.90625]]]},"properties":{"n":87}},{"type":"Feature","geometry":{"type":"Polygon","coordinates":[[[-50.625,47.8125],[-49.21875,47.8125],[-49.21875,49.21875],[-50.625,49.21875],[-50.625,47.8125]]]},"properties":{"n":85}},{"type":"Feature","geometry":{"type":"Polygon","coordinates":[[[16.875,73.125],[18.28125,73.125],[18.28125,74.53125],[16.875,74.53125],[16.875,73.125]]]},"properties":{"n":84}},{"type":"Feature","geometry":{"type":"Polygon","coordinates":[[[12.65625,68.90625],[14.0625,68.90625],[14.0625,70.3125],[12.65625,70.3125],[12.65625,68.90625]]]},"properties":{"n":83}},{"type":"Feature","geometry":{"type":"Polygon","coordinates":[[[32.34375,73.125],[33.75,73.125],[33.75,74.53125],[32.34375,74.53125],[32.34375,73.125]]]},"properties":{"n":76}},{"type":"Feature","geometry":{"type":"Polygon","coordinates":[[[19.6875,73.125],[21.09375,73.125],[21.09375,74.53125],[19.6875,74.53125],[19.6875,73.125]]]},"properties":{"n":76}},{"type":"Feature","geometry":{"type":"Polygon","coordinates":[[[-5.625,52.03125],[-4.21875,52.03125],[-4.21875,53.4375],[-5.625,53.4375],[-5.625,52.03125]]]},"properties":{"n":75}},{"type":"Feature","geometry":{"type":"Polygon","coordinates":[[[15.46875,74.53125],[16.875,74.53125],[16.875,75.9375],[15.46875,75.9375],[15.46875,74.53125]]]},"properties":{"n":73}},{"type":"Feature","geometry":{"type":"Polygon","coordinates":[[[14.0625,70.3125],[15.46875,70.3125],[15.46875,71.71875],[14.0625,71.71875],[14.0625,70.3125]]]},"properties":{"n":73}},{"type":"Feature","geometry":{"type":"Polygon","coordinates":[[[19.6875,61.875],[21.09375,61.875],[21.09375,63.28125],[19.6875,63.28125],[19.6875,61.875]]]},"properties":{"n":73}},{"type":"Feature","geometry":{"type":"Polygon","coordinates":[[[33.75,73.125],[35.15625,73.125],[35.15625,74.53125],[33.75,74.53125],[33.75,73.125]]]},"properties":{"n":72}},{"type":"Feature","geometry":{"type":"Polygon","coordinates":[[[19.6875,71.71875],[21.09375,71.71875],[21.09375,73.125],[19.6875,73.125],[19.6875,71.71875]]]},"properties":{"n":72}},{"type":"Feature","geometry":{"type":"Polygon","coordinates":[[[7.03125,60.46875],[8.4375,60.46875],[8.4375,61.875],[7.03125,61.875],[7.03125,60.46875]]]},"properties":{"n":72}},{"type":"Feature","geometry":{"type":"Polygon","coordinates":[[[29.53125,73.125],[30.9375,73.125],[30.9375,74.53125],[29.53125,74.53125],[29.53125,73.125]]]},"properties":{"n":71}},{"type":"Feature","geometry":{"type":"Polygon","coordinates":[[[8.4375,78.75],[9.84375,78.75],[9.84375,80.15625],[8.4375,80.15625],[8.4375,78.75]]]},"properties":{"n":71}},{"type":"Feature","geometry":{"type":"Polygon","coordinates":[[[-53.4375,45],[-52.03125,45],[-52.03125,46.40625],[-53.4375,46.40625],[-53.4375,45]]]},"properties":{"n":69}},{"type":"Feature","geometry":{"type":"Polygon","coordinates":[[[-54.84375,43.59375],[-53.4375,43.59375],[-53.4375,45],[-54.84375,45],[-54.84375,43.59375]]]},"properties":{"n":69}},{"type":"Feature","geometry":{"type":"Polygon","coordinates":[[[30.9375,68.90625],[32.34375,68.90625],[32.34375,70.3125],[30.9375,70.3125],[30.9375,68.90625]]]},"properties":{"n":68}},{"type":"Feature","geometry":{"type":"Polygon","coordinates":[[[14.0625,73.125],[15.46875,73.125],[15.46875,74.53125],[14.0625,74.53125],[14.0625,73.125]]]},"properties":{"n":68}},{"type":"Feature","geometry":{"type":"Polygon","coordinates":[[[28.125,73.125],[29.53125,73.125],[29.53125,74.53125],[28.125,74.53125],[28.125,73.125]]]},"properties":{"n":67}},{"type":"Feature","geometry":{"type":"Polygon","coordinates":[[[18.28125,71.71875],[19.6875,71.71875],[19.6875,73.125],[18.28125,73.125],[18.28125,71.71875]]]},"properties":{"n":66}},{"type":"Feature","geometry":{"type":"Polygon","coordinates":[[[5.625,52.03125],[7.03125,52.03125],[7.03125,53.4375],[5.625,53.4375],[5.625,52.03125]]]},"properties":{"n":66}},{"type":"Feature","geometry":{"type":"Polygon","coordinates":[[[16.875,71.71875],[18.28125,71.71875],[18.28125,73.125],[16.875,73.125],[16.875,71.71875]]]},"properties":{"n":65}},{"type":"Feature","geometry":{"type":"Polygon","coordinates":[[[9.84375,77.34375],[11.25,77.34375],[11.25,78.75],[9.84375,78.75],[9.84375,77.34375]]]},"properties":{"n":63}},{"type":"Feature","geometry":{"type":"Polygon","coordinates":[[[8.4375,66.09375],[9.84375,66.09375],[9.84375,67.5],[8.4375,67.5],[8.4375,66.09375]]]},"properties":{"n":62}},{"type":"Feature","geometry":{"type":"Polygon","coordinates":[[[23.90625,73.125],[25.3125,73.125],[25.3125,74.53125],[23.90625,74.53125],[23.90625,73.125]]]},"properties":{"n":61}},{"type":"Feature","geometry":{"type":"Polygon","coordinates":[[[-53.4375,46.40625],[-52.03125,46.40625],[-52.03125,47.8125],[-53.4375,47.8125],[-53.4375,46.40625]]]},"properties":{"n":61}},{"type":"Feature","geometry":{"type":"Polygon","coordinates":[[[25.3125,73.125],[26.71875,73.125],[26.71875,74.53125],[25.3125,74.53125],[25.3125,73.125]]]},"properties":{"n":60}},{"type":"Feature","geometry":{"type":"Polygon","coordinates":[[[21.09375,73.125],[22.5,73.125],[22.5,74.53125],[21.09375,74.53125],[21.09375,73.125]]]},"properties":{"n":59}},{"type":"Feature","geometry":{"type":"Polygon","coordinates":[[[21.09375,71.71875],[22.5,71.71875],[22.5,73.125],[21.09375,73.125],[21.09375,71.71875]]]},"properties":{"n":58}},{"type":"Feature","geometry":{"type":"Polygon","coordinates":[[[12.65625,64.6875],[14.0625,64.6875],[14.0625,66.09375],[12.65625,66.09375],[12.65625,64.6875]]]},"properties":{"n":58}},{"type":"Feature","geometry":{"type":"Polygon","coordinates":[[[12.65625,75.9375],[14.0625,75.9375],[14.0625,77.34375],[12.65625,77.34375],[12.65625,75.9375]]]},"properties":{"n":57}},{"type":"Feature","geometry":{"type":"Polygon","coordinates":[[[21.09375,63.28125],[22.5,63.28125],[22.5,64.6875],[21.09375,64.6875],[21.09375,63.28125]]]},"properties":{"n":56}},{"type":"Feature","geometry":{"type":"Polygon","coordinates":[[[-52.03125,43.59375],[-50.625,43.59375],[-50.625,45],[-52.03125,45],[-52.03125,43.59375]]]},"properties":{"n":56}},{"type":"Feature","geometry":{"type":"Polygon","coordinates":[[[26.71875,59.0625],[28.125,59.0625],[28.125,60.46875],[26.71875,60.46875],[26.71875,59.0625]]]},"properties":{"n":55}},{"type":"Feature","geometry":{"type":"Polygon","coordinates":[[[35.15625,70.3125],[36.5625,70.3125],[36.5625,71.71875],[35.15625,71.71875],[35.15625,70.3125]]]},"properties":{"n":54}},{"type":"Feature","geometry":{"type":"Polygon","coordinates":[[[14.0625,75.9375],[15.46875,75.9375],[15.46875,77.34375],[14.0625,77.34375],[14.0625,75.9375]]]},"properties":{"n":53}},{"type":"Feature","geometry":{"type":"Polygon","coordinates":[[[-73.125,37.96875],[-71.71875,37.96875],[-71.71875,39.375],[-73.125,39.375],[-73.125,37.96875]]]},"properties":{"n":53}},{"type":"Feature","geometry":{"type":"Polygon","coordinates":[[[14.0625,74.53125],[15.46875,74.53125],[15.46875,75.9375],[14.0625,75.9375],[14.0625,74.53125]]]},"properties":{"n":52}},{"type":"Feature","geometry":{"type":"Polygon","coordinates":[[[-56.25,52.03125],[-54.84375,52.03125],[-54.84375,53.4375],[-56.25,53.4375],[-56.25,52.03125]]]},"properties":{"n":52}},{"type":"Feature","geometry":{"type":"Polygon","coordinates":[[[2.8125,61.875],[4.21875,61.875],[4.21875,63.28125],[2.8125,63.28125],[2.8125,61.875]]]},"properties":{"n":51}},{"type":"Feature","geometry":{"type":"Polygon","coordinates":[[[5.625,66.09375],[7.03125,66.09375],[7.03125,67.5],[5.625,67.5],[5.625,66.09375]]]},"properties":{"n":50}},{"type":"Feature","geometry":{"type":"Polygon","coordinates":[[[-52.03125,46.40625],[-50.625,46.40625],[-50.625,47.8125],[-52.03125,47.8125],[-52.03125,46.40625]]]},"properties":{"n":50}},{"type":"Feature","geometry":{"type":"Polygon","coordinates":[[[11.25,68.90625],[12.65625,68.90625],[12.65625,70.3125],[11.25,70.3125],[11.25,68.90625]]]},"properties":{"n":49}},{"type":"Feature","geometry":{"type":"Polygon","coordinates":[[[30.9375,73.125],[32.34375,73.125],[32.34375,74.53125],[30.9375,74.53125],[30.9375,73.125]]]},"properties":{"n":48}},{"type":"Feature","geometry":{"type":"Polygon","coordinates":[[[12.65625,70.3125],[14.0625,70.3125],[14.0625,71.71875],[12.65625,71.71875],[12.65625,70.3125]]]},"properties":{"n":47}},{"type":"Feature","geometry":{"type":"Polygon","coordinates":[[[8.4375,67.5],[9.84375,67.5],[9.84375,68.90625],[8.4375,68.90625],[8.4375,67.5]]]},"properties":{"n":47}},{"type":"Feature","geometry":{"type":"Polygon","coordinates":[[[18.28125,73.125],[19.6875,73.125],[19.6875,74.53125],[18.28125,74.53125],[18.28125,73.125]]]},"properties":{"n":46}},{"type":"Feature","geometry":{"type":"Polygon","coordinates":[[[2.8125,66.09375],[4.21875,66.09375],[4.21875,67.5],[2.8125,67.5],[2.8125,66.09375]]]},"properties":{"n":46}},{"type":"Feature","geometry":{"type":"Polygon","coordinates":[[[26.71875,73.125],[28.125,73.125],[28.125,74.53125],[26.71875,74.53125],[26.71875,73.125]]]},"properties":{"n":45}},{"type":"Feature","geometry":{"type":"Polygon","coordinates":[[[22.5,56.25],[23.90625,56.25],[23.90625,57.65625],[22.5,57.65625],[22.5,56.25]]]},"properties":{"n":45}},{"type":"Feature","geometry":{"type":"Polygon","coordinates":[[[-47.8125,46.40625],[-46.40625,46.40625],[-46.40625,47.8125],[-47.8125,47.8125],[-47.8125,46.40625]]]},"properties":{"n":45}},{"type":"Feature","geometry":{"type":"Polygon","coordinates":[[[12.65625,71.71875],[14.0625,71.71875],[14.0625,73.125],[12.65625,73.125],[12.65625,71.71875]]]},"properties":{"n":44}},{"type":"Feature","geometry":{"type":"Polygon","coordinates":[[[4.21875,63.28125],[5.625,63.28125],[5.625,64.6875],[4.21875,64.6875],[4.21875,63.28125]]]},"properties":{"n":44}},{"type":"Feature","geometry":{"type":"Polygon","coordinates":[[[8.4375,77.34375],[9.84375,77.34375],[9.84375,78.75],[8.4375,78.75],[8.4375,77.34375]]]},"properties":{"n":43}},{"type":"Feature","geometry":{"type":"Polygon","coordinates":[[[0,63.28125],[1.40625,63.28125],[1.40625,64.6875],[0,64.6875],[0,63.28125]]]},"properties":{"n":43}},{"type":"Feature","geometry":{"type":"Polygon","coordinates":[[[-54.84375,52.03125],[-53.4375,52.03125],[-53.4375,53.4375],[-54.84375,53.4375],[-54.84375,52.03125]]]},"properties":{"n":43}},{"type":"Feature","geometry":{"type":"Polygon","coordinates":[[[-53.4375,50.625],[-52.03125,50.625],[-52.03125,52.03125],[-53.4375,52.03125],[-53.4375,50.625]]]},"properties":{"n":42}},{"type":"Feature","geometry":{"type":"Polygon","coordinates":[[[35.15625,71.71875],[36.5625,71.71875],[36.5625,73.125],[35.15625,73.125],[35.15625,71.71875]]]},"properties":{"n":41}},{"type":"Feature","geometry":{"type":"Polygon","coordinates":[[[23.90625,64.6875],[25.3125,64.6875],[25.3125,66.09375],[23.90625,66.09375],[23.90625,64.6875]]]},"properties":{"n":40}},{"type":"Feature","geometry":{"type":"Polygon","coordinates":[[[11.25,77.34375],[12.65625,77.34375],[12.65625,78.75],[11.25,78.75],[11.25,77.34375]]]},"properties":{"n":39}},{"type":"Feature","geometry":{"type":"Polygon","coordinates":[[[9.84375,68.90625],[11.25,68.90625],[11.25,70.3125],[9.84375,70.3125],[9.84375,68.90625]]]},"properties":{"n":37}},{"type":"Feature","geometry":{"type":"Polygon","coordinates":[[[5.625,67.5],[7.03125,67.5],[7.03125,68.90625],[5.625,68.90625],[5.625,67.5]]]},"properties":{"n":37}},{"type":"Feature","geometry":{"type":"Polygon","coordinates":[[[8.4375,68.90625],[9.84375,68.90625],[9.84375,70.3125],[8.4375,70.3125],[8.4375,68.90625]]]},"properties":{"n":36}},{"type":"Feature","geometry":{"type":"Polygon","coordinates":[[[7.03125,66.09375],[8.4375,66.09375],[8.4375,67.5],[7.03125,67.5],[7.03125,66.09375]]]},"properties":{"n":36}},{"type":"Feature","geometry":{"type":"Polygon","coordinates":[[[1.40625,63.28125],[2.8125,63.28125],[2.8125,64.6875],[1.40625,64.6875],[1.40625,63.28125]]]},"properties":{"n":36}},{"type":"Feature","geometry":{"type":"Polygon","coordinates":[[[-2.8125,49.21875],[-1.40625,49.21875],[-1.40625,50.625],[-2.8125,50.625],[-2.8125,49.21875]]]},"properties":{"n":36}},{"type":"Feature","geometry":{"type":"Polygon","coordinates":[[[-4.21875,49.21875],[-2.8125,49.21875],[-2.8125,50.625],[-4.21875,50.625],[-4.21875,49.21875]]]},"properties":{"n":36}},{"type":"Feature","geometry":{"type":"Polygon","coordinates":[[[-56.25,53.4375],[-54.84375,53.4375],[-54.84375,54.84375],[-56.25,54.84375],[-56.25,53.4375]]]},"properties":{"n":36}},{"type":"Feature","geometry":{"type":"Polygon","coordinates":[[[37.96875,70.3125],[39.375,70.3125],[39.375,71.71875],[37.96875,71.71875],[37.96875,70.3125]]]},"properties":{"n":35}},{"type":"Feature","geometry":{"type":"Polygon","coordinates":[[[29.53125,74.53125],[30.9375,74.53125],[30.9375,75.9375],[29.53125,75.9375],[29.53125,74.53125]]]},"properties":{"n":35}},{"type":"Feature","geometry":{"type":"Polygon","coordinates":[[[25.3125,74.53125],[26.71875,74.53125],[26.71875,75.9375],[25.3125,75.9375],[25.3125,74.53125]]]},"properties":{"n":35}},{"type":"Feature","geometry":{"type":"Polygon","coordinates":[[[16.875,74.53125],[18.28125,74.53125],[18.28125,75.9375],[16.875,75.9375],[16.875,74.53125]]]},"properties":{"n":35}},{"type":"Feature","geometry":{"type":"Polygon","coordinates":[[[21.09375,74.53125],[22.5,74.53125],[22.5,75.9375],[21.09375,75.9375],[21.09375,74.53125]]]},"properties":{"n":34}},{"type":"Feature","geometry":{"type":"Polygon","coordinates":[[[11.25,71.71875],[12.65625,71.71875],[12.65625,73.125],[11.25,73.125],[11.25,71.71875]]]},"properties":{"n":34}},{"type":"Feature","geometry":{"type":"Polygon","coordinates":[[[7.03125,67.5],[8.4375,67.5],[8.4375,68.90625],[7.03125,68.90625],[7.03125,67.5]]]},"properties":{"n":34}},{"type":"Feature","geometry":{"type":"Polygon","coordinates":[[[1.40625,64.6875],[2.8125,64.6875],[2.8125,66.09375],[1.40625,66.09375],[1.40625,64.6875]]]},"properties":{"n":34}},{"type":"Feature","geometry":{"type":"Polygon","coordinates":[[[-5.625,49.21875],[-4.21875,49.21875],[-4.21875,50.625],[-5.625,50.625],[-5.625,49.21875]]]},"properties":{"n":34}},{"type":"Feature","geometry":{"type":"Polygon","coordinates":[[[-52.03125,49.21875],[-50.625,49.21875],[-50.625,50.625],[-52.03125,50.625],[-52.03125,49.21875]]]},"properties":{"n":34}},{"type":"Feature","geometry":{"type":"Polygon","coordinates":[[[36.5625,74.53125],[37.96875,74.53125],[37.96875,75.9375],[36.5625,75.9375],[36.5625,74.53125]]]},"properties":{"n":33}},{"type":"Feature","geometry":{"type":"Polygon","coordinates":[[[36.5625,73.125],[37.96875,73.125],[37.96875,74.53125],[36.5625,74.53125],[36.5625,73.125]]]},"properties":{"n":33}},{"type":"Feature","geometry":{"type":"Polygon","coordinates":[[[42.1875,71.71875],[43.59375,71.71875],[43.59375,73.125],[42.1875,73.125],[42.1875,71.71875]]]},"properties":{"n":33}},{"type":"Feature","geometry":{"type":"Polygon","coordinates":[[[22.5,74.53125],[23.90625,74.53125],[23.90625,75.9375],[22.5,75.9375],[22.5,74.53125]]]},"properties":{"n":33}},{"type":"Feature","geometry":{"type":"Polygon","coordinates":[[[11.25,75.9375],[12.65625,75.9375],[12.65625,77.34375],[11.25,77.34375],[11.25,75.9375]]]},"properties":{"n":33}},{"type":"Feature","geometry":{"type":"Polygon","coordinates":[[[2.8125,67.5],[4.21875,67.5],[4.21875,68.90625],[2.8125,68.90625],[2.8125,67.5]]]},"properties":{"n":33}},{"type":"Feature","geometry":{"type":"Polygon","coordinates":[[[1.40625,66.09375],[2.8125,66.09375],[2.8125,67.5],[1.40625,67.5],[1.40625,66.09375]]]},"properties":{"n":33}},{"type":"Feature","geometry":{"type":"Polygon","coordinates":[[[0,66.09375],[1.40625,66.09375],[1.40625,67.5],[0,67.5],[0,66.09375]]]},"properties":{"n":33}},{"type":"Feature","geometry":{"type":"Polygon","coordinates":[[[-1.40625,66.09375],[0,66.09375],[0,67.5],[-1.40625,67.5],[-1.40625,66.09375]]]},"properties":{"n":33}},{"type":"Feature","geometry":{"type":"Polygon","coordinates":[[[11.25,70.3125],[12.65625,70.3125],[12.65625,71.71875],[11.25,71.71875],[11.25,70.3125]]]},"properties":{"n":32}},{"type":"Feature","geometry":{"type":"Polygon","coordinates":[[[4.21875,68.90625],[5.625,68.90625],[5.625,70.3125],[4.21875,70.3125],[4.21875,68.90625]]]},"properties":{"n":32}},{"type":"Feature","geometry":{"type":"Polygon","coordinates":[[[21.09375,59.0625],[22.5,59.0625],[22.5,60.46875],[21.09375,60.46875],[21.09375,59.0625]]]},"properties":{"n":32}},{"type":"Feature","geometry":{"type":"Polygon","coordinates":[[[0,64.6875],[1.40625,64.6875],[1.40625,66.09375],[0,66.09375],[0,64.6875]]]},"properties":{"n":32}},{"type":"Feature","geometry":{"type":"Polygon","coordinates":[[[0,61.875],[1.40625,61.875],[1.40625,63.28125],[0,63.28125],[0,61.875]]]},"properties":{"n":32}},{"type":"Feature","geometry":{"type":"Polygon","coordinates":[[[-50.625,46.40625],[-49.21875,46.40625],[-49.21875,47.8125],[-50.625,47.8125],[-50.625,46.40625]]]},"properties":{"n":32}},{"type":"Feature","geometry":{"type":"Polygon","coordinates":[[[32.34375,74.53125],[33.75,74.53125],[33.75,75.9375],[32.34375,75.9375],[32.34375,74.53125]]]},"properties":{"n":31}},{"type":"Feature","geometry":{"type":"Polygon","coordinates":[[[28.125,74.53125],[29.53125,74.53125],[29.53125,75.9375],[28.125,75.9375],[28.125,74.53125]]]},"properties":{"n":31}},{"type":"Feature","geometry":{"type":"Polygon","coordinates":[[[12.65625,73.125],[14.0625,73.125],[14.0625,74.53125],[12.65625,74.53125],[12.65625,73.125]]]},"properties":{"n":31}},{"type":"Feature","geometry":{"type":"Polygon","coordinates":[[[7.03125,68.90625],[8.4375,68.90625],[8.4375,70.3125],[7.03125,70.3125],[7.03125,68.90625]]]},"properties":{"n":31}},{"type":"Feature","geometry":{"type":"Polygon","coordinates":[[[19.6875,59.0625],[21.09375,59.0625],[21.09375,60.46875],[19.6875,60.46875],[19.6875,59.0625]]]},"properties":{"n":31}},{"type":"Feature","geometry":{"type":"Polygon","coordinates":[[[37.96875,68.90625],[39.375,68.90625],[39.375,70.3125],[37.96875,70.3125],[37.96875,68.90625]]]},"properties":{"n":30}},{"type":"Feature","geometry":{"type":"Polygon","coordinates":[[[8.4375,70.3125],[9.84375,70.3125],[9.84375,71.71875],[8.4375,71.71875],[8.4375,70.3125]]]},"properties":{"n":30}},{"type":"Feature","geometry":{"type":"Polygon","coordinates":[[[26.71875,75.9375],[28.125,75.9375],[28.125,77.34375],[26.71875,77.34375],[26.71875,75.9375]]]},"properties":{"n":29}},{"type":"Feature","geometry":{"type":"Polygon","coordinates":[[[22.5,73.125],[23.90625,73.125],[23.90625,74.53125],[22.5,74.53125],[22.5,73.125]]]},"properties":{"n":29}},{"type":"Feature","geometry":{"type":"Polygon","coordinates":[[[15.46875,80.15625],[16.875,80.15625],[16.875,81.5625],[15.46875,81.5625],[15.46875,80.15625]]]},"properties":{"n":29}},{"type":"Feature","geometry":{"type":"Polygon","coordinates":[[[5.625,68.90625],[7.03125,68.90625],[7.03125,70.3125],[5.625,70.3125],[5.625,68.90625]]]},"properties":{"n":29}},{"type":"Feature","geometry":{"type":"Polygon","coordinates":[[[4.21875,67.5],[5.625,67.5],[5.625,68.90625],[4.21875,68.90625],[4.21875,67.5]]]},"properties":{"n":29}},{"type":"Feature","geometry":{"type":"Polygon","coordinates":[[[4.21875,66.09375],[5.625,66.09375],[5.625,67.5],[4.21875,67.5],[4.21875,66.09375]]]},"properties":{"n":29}},{"type":"Feature","geometry":{"type":"Polygon","coordinates":[[[4.21875,64.6875],[5.625,64.6875],[5.625,66.09375],[4.21875,66.09375],[4.21875,64.6875]]]},"properties":{"n":29}},{"type":"Feature","geometry":{"type":"Polygon","coordinates":[[[-7.03125,49.21875],[-5.625,49.21875],[-5.625,50.625],[-7.03125,50.625],[-7.03125,49.21875]]]},"properties":{"n":29}},{"type":"Feature","geometry":{"type":"Polygon","coordinates":[[[-60.46875,57.65625],[-59.0625,57.65625],[-59.0625,59.0625],[-60.46875,59.0625],[-60.46875,57.65625]]]},"properties":{"n":29}},{"type":"Feature","geometry":{"type":"Polygon","coordinates":[[[-54.84375,47.8125],[-53.4375,47.8125],[-53.4375,49.21875],[-54.84375,49.21875],[-54.84375,47.8125]]]},"properties":{"n":29}},{"type":"Feature","geometry":{"type":"Polygon","coordinates":[[[45,71.71875],[46.40625,71.71875],[46.40625,73.125],[45,73.125],[45,71.71875]]]},"properties":{"n":28}},{"type":"Feature","geometry":{"type":"Polygon","coordinates":[[[35.15625,73.125],[36.5625,73.125],[36.5625,74.53125],[35.15625,74.53125],[35.15625,73.125]]]},"properties":{"n":28}},{"type":"Feature","geometry":{"type":"Polygon","coordinates":[[[39.375,70.3125],[40.78125,70.3125],[40.78125,71.71875],[39.375,71.71875],[39.375,70.3125]]]},"properties":{"n":28}},{"type":"Feature","geometry":{"type":"Polygon","coordinates":[[[26.71875,74.53125],[28.125,74.53125],[28.125,75.9375],[26.71875,75.9375],[26.71875,74.53125]]]},"properties":{"n":28}},{"type":"Feature","geometry":{"type":"Polygon","coordinates":[[[2.8125,68.90625],[4.21875,68.90625],[4.21875,70.3125],[2.8125,70.3125],[2.8125,68.90625]]]},"properties":{"n":28}},{"type":"Feature","geometry":{"type":"Polygon","coordinates":[[[2.8125,64.6875],[4.21875,64.6875],[4.21875,66.09375],[2.8125,66.09375],[2.8125,64.6875]]]},"properties":{"n":28}},{"type":"Feature","geometry":{"type":"Polygon","coordinates":[[[-54.84375,53.4375],[-53.4375,53.4375],[-53.4375,54.84375],[-54.84375,54.84375],[-54.84375,53.4375]]]},"properties":{"n":28}},{"type":"Feature","geometry":{"type":"Polygon","coordinates":[[[7.03125,78.75],[8.4375,78.75],[8.4375,80.15625],[7.03125,80.15625],[7.03125,78.75]]]},"properties":{"n":27}},{"type":"Feature","geometry":{"type":"Polygon","coordinates":[[[9.84375,71.71875],[11.25,71.71875],[11.25,73.125],[9.84375,73.125],[9.84375,71.71875]]]},"properties":{"n":27}},{"type":"Feature","geometry":{"type":"Polygon","coordinates":[[[7.03125,70.3125],[8.4375,70.3125],[8.4375,71.71875],[7.03125,71.71875],[7.03125,70.3125]]]},"properties":{"n":27}},{"type":"Feature","geometry":{"type":"Polygon","coordinates":[[[11.25,63.28125],[12.65625,63.28125],[12.65625,64.6875],[11.25,64.6875],[11.25,63.28125]]]},"properties":{"n":27}},{"type":"Feature","geometry":{"type":"Polygon","coordinates":[[[-11.25,54.84375],[-9.84375,54.84375],[-9.84375,56.25],[-11.25,56.25],[-11.25,54.84375]]]},"properties":{"n":27}},{"type":"Feature","geometry":{"type":"Polygon","coordinates":[[[33.75,74.53125],[35.15625,74.53125],[35.15625,75.9375],[33.75,75.9375],[33.75,74.53125]]]},"properties":{"n":26}},{"type":"Feature","geometry":{"type":"Polygon","coordinates":[[[43.59375,70.3125],[45,70.3125],[45,71.71875],[43.59375,71.71875],[43.59375,70.3125]]]},"properties":{"n":26}},{"type":"Feature","geometry":{"type":"Polygon","coordinates":[[[36.5625,70.3125],[37.96875,70.3125],[37.96875,71.71875],[36.5625,71.71875],[36.5625,70.3125]]]},"properties":{"n":26}},{"type":"Feature","geometry":{"type":"Polygon","coordinates":[[[18.28125,74.53125],[19.6875,74.53125],[19.6875,75.9375],[18.28125,75.9375],[18.28125,74.53125]]]},"properties":{"n":26}},{"type":"Feature","geometry":{"type":"Polygon","coordinates":[[[9.84375,70.3125],[11.25,70.3125],[11.25,71.71875],[9.84375,71.71875],[9.84375,70.3125]]]},"properties":{"n":26}},{"type":"Feature","geometry":{"type":"Polygon","coordinates":[[[43.59375,71.71875],[45,71.71875],[45,73.125],[43.59375,73.125],[43.59375,71.71875]]]},"properties":{"n":25}},{"type":"Feature","geometry":{"type":"Polygon","coordinates":[[[33.75,68.90625],[35.15625,68.90625],[35.15625,70.3125],[33.75,70.3125],[33.75,68.90625]]]},"properties":{"n":25}},{"type":"Feature","geometry":{"type":"Polygon","coordinates":[[[22.5,75.9375],[23.90625,75.9375],[23.90625,77.34375],[22.5,77.34375],[22.5,75.9375]]]},"properties":{"n":25}},{"type":"Feature","geometry":{"type":"Polygon","coordinates":[[[11.25,73.125],[12.65625,73.125],[12.65625,74.53125],[11.25,74.53125],[11.25,73.125]]]},"properties":{"n":25}},{"type":"Feature","geometry":{"type":"Polygon","coordinates":[[[7.03125,71.71875],[8.4375,71.71875],[8.4375,73.125],[7.03125,73.125],[7.03125,71.71875]]]},"properties":{"n":25}},{"type":"Feature","geometry":{"type":"Polygon","coordinates":[[[1.40625,61.875],[2.8125,61.875],[2.8125,63.28125],[1.40625,63.28125],[1.40625,61.875]]]},"properties":{"n":25}},{"type":"Feature","geometry":{"type":"Polygon","coordinates":[[[-50.625,43.59375],[-49.21875,43.59375],[-49.21875,45],[-50.625,45],[-50.625,43.59375]]]},"properties":{"n":25}},{"type":"Feature","geometry":{"type":"Polygon","coordinates":[[[12.65625,77.34375],[14.0625,77.34375],[14.0625,78.75],[12.65625,78.75],[12.65625,77.34375]]]},"properties":{"n":24}},{"type":"Feature","geometry":{"type":"Polygon","coordinates":[[[8.4375,71.71875],[9.84375,71.71875],[9.84375,73.125],[8.4375,73.125],[8.4375,71.71875]]]},"properties":{"n":24}},{"type":"Feature","geometry":{"type":"Polygon","coordinates":[[[1.40625,67.5],[2.8125,67.5],[2.8125,68.90625],[1.40625,68.90625],[1.40625,67.5]]]},"properties":{"n":24}},{"type":"Feature","geometry":{"type":"Polygon","coordinates":[[[-52.03125,45],[-50.625,45],[-50.625,46.40625],[-52.03125,46.40625],[-52.03125,45]]]},"properties":{"n":24}},{"type":"Feature","geometry":{"type":"Polygon","coordinates":[[[35.15625,74.53125],[36.5625,74.53125],[36.5625,75.9375],[35.15625,75.9375],[35.15625,74.53125]]]},"properties":{"n":23}},{"type":"Feature","geometry":{"type":"Polygon","coordinates":[[[19.6875,75.9375],[21.09375,75.9375],[21.09375,77.34375],[19.6875,77.34375],[19.6875,75.9375]]]},"properties":{"n":23}},{"type":"Feature","geometry":{"type":"Polygon","coordinates":[[[7.03125,73.125],[8.4375,73.125],[8.4375,74.53125],[7.03125,74.53125],[7.03125,73.125]]]},"properties":{"n":23}},{"type":"Feature","geometry":{"type":"Polygon","coordinates":[[[0,67.5],[1.40625,67.5],[1.40625,68.90625],[0,68.90625],[0,67.5]]]},"properties":{"n":23}},{"type":"Feature","geometry":{"type":"Polygon","coordinates":[[[16.875,61.875],[18.28125,61.875],[18.28125,63.28125],[16.875,63.28125],[16.875,61.875]]]},"properties":{"n":23}},{"type":"Feature","geometry":{"type":"Polygon","coordinates":[[[2.8125,63.28125],[4.21875,63.28125],[4.21875,64.6875],[2.8125,64.6875],[2.8125,63.28125]]]},"properties":{"n":23}},{"type":"Feature","geometry":{"type":"Polygon","coordinates":[[[-52.03125,50.625],[-50.625,50.625],[-50.625,52.03125],[-52.03125,52.03125],[-52.03125,50.625]]]},"properties":{"n":23}},{"type":"Feature","geometry":{"type":"Polygon","coordinates":[[[-49.21875,46.40625],[-47.8125,46.40625],[-47.8125,47.8125],[-49.21875,47.8125],[-49.21875,46.40625]]]},"properties":{"n":23}},{"type":"Feature","geometry":{"type":"Polygon","coordinates":[[[-68.90625,49.21875],[-67.5,49.21875],[-67.5,50.625],[-68.90625,50.625],[-68.90625,49.21875]]]},"properties":{"n":23}},{"type":"Feature","geometry":{"type":"Polygon","coordinates":[[[-52.03125,42.1875],[-50.625,42.1875],[-50.625,43.59375],[-52.03125,43.59375],[-52.03125,42.1875]]]},"properties":{"n":23}},{"type":"Feature","geometry":{"type":"Polygon","coordinates":[[[29.53125,75.9375],[30.9375,75.9375],[30.9375,77.34375],[29.53125,77.34375],[29.53125,75.9375]]]},"properties":{"n":22}},{"type":"Feature","geometry":{"type":"Polygon","coordinates":[[[9.84375,73.125],[11.25,73.125],[11.25,74.53125],[9.84375,74.53125],[9.84375,73.125]]]},"properties":{"n":22}},{"type":"Feature","geometry":{"type":"Polygon","coordinates":[[[5.625,71.71875],[7.03125,71.71875],[7.03125,73.125],[5.625,73.125],[5.625,71.71875]]]},"properties":{"n":22}},{"type":"Feature","geometry":{"type":"Polygon","coordinates":[[[0,68.90625],[1.40625,68.90625],[1.40625,70.3125],[0,70.3125],[0,68.90625]]]},"properties":{"n":22}},{"type":"Feature","geometry":{"type":"Polygon","coordinates":[[[-50.625,45],[-49.21875,45],[-49.21875,46.40625],[-50.625,46.40625],[-50.625,45]]]},"properties":{"n":22}},{"type":"Feature","geometry":{"type":"Polygon","coordinates":[[[25.3125,75.9375],[26.71875,75.9375],[26.71875,77.34375],[25.3125,77.34375],[25.3125,75.9375]]]},"properties":{"n":21}},{"type":"Feature","geometry":{"type":"Polygon","coordinates":[[[18.28125,75.9375],[19.6875,75.9375],[19.6875,77.34375],[18.28125,77.34375],[18.28125,75.9375]]]},"properties":{"n":21}},{"type":"Feature","geometry":{"type":"Polygon","coordinates":[[[12.65625,74.53125],[14.0625,74.53125],[14.0625,75.9375],[12.65625,75.9375],[12.65625,74.53125]]]},"properties":{"n":21}},{"type":"Feature","geometry":{"type":"Polygon","coordinates":[[[5.625,70.3125],[7.03125,70.3125],[7.03125,71.71875],[5.625,71.71875],[5.625,70.3125]]]},"properties":{"n":21}},{"type":"Feature","geometry":{"type":"Polygon","coordinates":[[[4.21875,71.71875],[5.625,71.71875],[5.625,73.125],[4.21875,73.125],[4.21875,71.71875]]]},"properties":{"n":21}},{"type":"Feature","geometry":{"type":"Polygon","coordinates":[[[4.21875,70.3125],[5.625,70.3125],[5.625,71.71875],[4.21875,71.71875],[4.21875,70.3125]]]},"properties":{"n":21}},{"type":"Feature","geometry":{"type":"Polygon","coordinates":[[[1.40625,68.90625],[2.8125,68.90625],[2.8125,70.3125],[1.40625,70.3125],[1.40625,68.90625]]]},"properties":{"n":21}},{"type":"Feature","geometry":{"type":"Polygon","coordinates":[[[5.625,64.6875],[7.03125,64.6875],[7.03125,66.09375],[5.625,66.09375],[5.625,64.6875]]]},"properties":{"n":21}},{"type":"Feature","geometry":{"type":"Polygon","coordinates":[[[-68.90625,45],[-67.5,45],[-67.5,46.40625],[-68.90625,46.40625],[-68.90625,45]]]},"properties":{"n":21}},{"type":"Feature","geometry":{"type":"Polygon","coordinates":[[[40.78125,68.90625],[42.1875,68.90625],[42.1875,70.3125],[40.78125,70.3125],[40.78125,68.90625]]]},"properties":{"n":20}},{"type":"Feature","geometry":{"type":"Polygon","coordinates":[[[39.375,68.90625],[40.78125,68.90625],[40.78125,70.3125],[39.375,70.3125],[39.375,68.90625]]]},"properties":{"n":20}},{"type":"Feature","geometry":{"type":"Polygon","coordinates":[[[23.90625,74.53125],[25.3125,74.53125],[25.3125,75.9375],[23.90625,75.9375],[23.90625,74.53125]]]},"properties":{"n":20}},{"type":"Feature","geometry":{"type":"Polygon","coordinates":[[[-61.875,57.65625],[-60.46875,57.65625],[-60.46875,59.0625],[-61.875,59.0625],[-61.875,57.65625]]]},"properties":{"n":20}},{"type":"Feature","geometry":{"type":"Polygon","coordinates":[[[-60.46875,56.25],[-59.0625,56.25],[-59.0625,57.65625],[-60.46875,57.65625],[-60.46875,56.25]]]},"properties":{"n":20}},{"type":"Feature","geometry":{"type":"Polygon","coordinates":[[[-49.21875,45],[-47.8125,45],[-47.8125,46.40625],[-49.21875,46.40625],[-49.21875,45]]]},"properties":{"n":20}},{"type":"Feature","geometry":{"type":"Polygon","coordinates":[[[-77.34375,36.5625],[-75.9375,36.5625],[-75.9375,37.96875],[-77.34375,37.96875],[-77.34375,36.5625]]]},"properties":{"n":20}},{"type":"Feature","geometry":{"type":"Polygon","coordinates":[[[42.1875,70.3125],[43.59375,70.3125],[43.59375,71.71875],[42.1875,71.71875],[42.1875,70.3125]]]},"properties":{"n":19}},{"type":"Feature","geometry":{"type":"Polygon","coordinates":[[[40.78125,71.71875],[42.1875,71.71875],[42.1875,73.125],[40.78125,73.125],[40.78125,71.71875]]]},"properties":{"n":19}},{"type":"Feature","geometry":{"type":"Polygon","coordinates":[[[39.375,71.71875],[40.78125,71.71875],[40.78125,73.125],[39.375,73.125],[39.375,71.71875]]]},"properties":{"n":19}},{"type":"Feature","geometry":{"type":"Polygon","coordinates":[[[37.96875,71.71875],[39.375,71.71875],[39.375,73.125],[37.96875,73.125],[37.96875,71.71875]]]},"properties":{"n":19}},{"type":"Feature","geometry":{"type":"Polygon","coordinates":[[[32.34375,75.9375],[33.75,75.9375],[33.75,77.34375],[32.34375,77.34375],[32.34375,75.9375]]]},"properties":{"n":19}},{"type":"Feature","geometry":{"type":"Polygon","coordinates":[[[9.84375,78.75],[11.25,78.75],[11.25,80.15625],[9.84375,80.15625],[9.84375,78.75]]]},"properties":{"n":19}},{"type":"Feature","geometry":{"type":"Polygon","coordinates":[[[14.0625,77.34375],[15.46875,77.34375],[15.46875,78.75],[14.0625,78.75],[14.0625,77.34375]]]},"properties":{"n":19}},{"type":"Feature","geometry":{"type":"Polygon","coordinates":[[[2.8125,70.3125],[4.21875,70.3125],[4.21875,71.71875],[2.8125,71.71875],[2.8125,70.3125]]]},"properties":{"n":19}},{"type":"Feature","geometry":{"type":"Polygon","coordinates":[[[-8.4375,67.5],[-7.03125,67.5],[-7.03125,68.90625],[-8.4375,68.90625],[-8.4375,67.5]]]},"properties":{"n":19}},{"type":"Feature","geometry":{"type":"Polygon","coordinates":[[[-2.8125,66.09375],[-1.40625,66.09375],[-1.40625,67.5],[-2.8125,67.5],[-2.8125,66.09375]]]},"properties":{"n":19}},{"type":"Feature","geometry":{"type":"Polygon","coordinates":[[[-1.40625,64.6875],[0,64.6875],[0,66.09375],[-1.40625,66.09375],[-1.40625,64.6875]]]},"properties":{"n":19}},{"type":"Feature","geometry":{"type":"Polygon","coordinates":[[[-7.03125,47.8125],[-5.625,47.8125],[-5.625,49.21875],[-7.03125,49.21875],[-7.03125,47.8125]]]},"properties":{"n":19}},{"type":"Feature","geometry":{"type":"Polygon","coordinates":[[[-56.25,43.59375],[-54.84375,43.59375],[-54.84375,45],[-56.25,45],[-56.25,43.59375]]]},"properties":{"n":19}},{"type":"Feature","geometry":{"type":"Polygon","coordinates":[[[45,70.3125],[46.40625,70.3125],[46.40625,71.71875],[45,71.71875],[45,70.3125]]]},"properties":{"n":18}},{"type":"Feature","geometry":{"type":"Polygon","coordinates":[[[35.15625,75.9375],[36.5625,75.9375],[36.5625,77.34375],[35.15625,77.34375],[35.15625,75.9375]]]},"properties":{"n":18}},{"type":"Feature","geometry":{"type":"Polygon","coordinates":[[[35.15625,68.90625],[36.5625,68.90625],[36.5625,70.3125],[35.15625,70.3125],[35.15625,68.90625]]]},"properties":{"n":18}},{"type":"Feature","geometry":{"type":"Polygon","coordinates":[[[30.9375,74.53125],[32.34375,74.53125],[32.34375,75.9375],[30.9375,75.9375],[30.9375,74.53125]]]},"properties":{"n":18}},{"type":"Feature","geometry":{"type":"Polygon","coordinates":[[[19.6875,74.53125],[21.09375,74.53125],[21.09375,75.9375],[19.6875,75.9375],[19.6875,74.53125]]]},"properties":{"n":18}},{"type":"Feature","geometry":{"type":"Polygon","coordinates":[[[16.875,67.5],[18.28125,67.5],[18.28125,68.90625],[16.875,68.90625],[16.875,67.5]]]},"properties":{"n":18}},{"type":"Feature","geometry":{"type":"Polygon","coordinates":[[[-1.40625,67.5],[0,67.5],[0,68.90625],[-1.40625,68.90625],[-1.40625,67.5]]]},"properties":{"n":18}},{"type":"Feature","geometry":{"type":"Polygon","coordinates":[[[-4.21875,68.90625],[-2.8125,68.90625],[-2.8125,70.3125],[-4.21875,70.3125],[-4.21875,68.90625]]]},"properties":{"n":18}},{"type":"Feature","geometry":{"type":"Polygon","coordinates":[[[-5.625,66.09375],[-4.21875,66.09375],[-4.21875,67.5],[-5.625,67.5],[-5.625,66.09375]]]},"properties":{"n":18}},{"type":"Feature","geometry":{"type":"Polygon","coordinates":[[[-57.65625,54.84375],[-56.25,54.84375],[-56.25,56.25],[-57.65625,56.25],[-57.65625,54.84375]]]},"properties":{"n":18}},{"type":"Feature","geometry":{"type":"Polygon","coordinates":[[[36.5625,75.9375],[37.96875,75.9375],[37.96875,77.34375],[36.5625,77.34375],[36.5625,75.9375]]]},"properties":{"n":17}},{"type":"Feature","geometry":{"type":"Polygon","coordinates":[[[16.875,75.9375],[18.28125,75.9375],[18.28125,77.34375],[16.875,77.34375],[16.875,75.9375]]]},"properties":{"n":17}},{"type":"Feature","geometry":{"type":"Polygon","coordinates":[[[0,70.3125],[1.40625,70.3125],[1.40625,71.71875],[0,71.71875],[0,70.3125]]]},"properties":{"n":17}},{"type":"Feature","geometry":{"type":"Polygon","coordinates":[[[-1.40625,70.3125],[0,70.3125],[0,71.71875],[-1.40625,71.71875],[-1.40625,70.3125]]]},"properties":{"n":17}},{"type":"Feature","geometry":{"type":"Polygon","coordinates":[[[-1.40625,68.90625],[0,68.90625],[0,70.3125],[-1.40625,70.3125],[-1.40625,68.90625]]]},"properties":{"n":17}},{"type":"Feature","geometry":{"type":"Polygon","coordinates":[[[-2.8125,67.5],[-1.40625,67.5],[-1.40625,68.90625],[-2.8125,68.90625],[-2.8125,67.5]]]},"properties":{"n":17}},{"type":"Feature","geometry":{"type":"Polygon","coordinates":[[[-4.21875,67.5],[-2.8125,67.5],[-2.8125,68.90625],[-4.21875,68.90625],[-4.21875,67.5]]]},"properties":{"n":17}},{"type":"Feature","geometry":{"type":"Polygon","coordinates":[[[-11.25,64.6875],[-9.84375,64.6875],[-9.84375,66.09375],[-11.25,66.09375],[-11.25,64.6875]]]},"properties":{"n":17}},{"type":"Feature","geometry":{"type":"Polygon","coordinates":[[[-49.21875,43.59375],[-47.8125,43.59375],[-47.8125,45],[-49.21875,45],[-49.21875,43.59375]]]},"properties":{"n":17}},{"type":"Feature","geometry":{"type":"Polygon","coordinates":[[[47.8125,70.3125],[49.21875,70.3125],[49.21875,71.71875],[47.8125,71.71875],[47.8125,70.3125]]]},"properties":{"n":16}},{"type":"Feature","geometry":{"type":"Polygon","coordinates":[[[28.125,75.9375],[29.53125,75.9375],[29.53125,77.34375],[28.125,77.34375],[28.125,75.9375]]]},"properties":{"n":16}},{"type":"Feature","geometry":{"type":"Polygon","coordinates":[[[8.4375,59.0625],[9.84375,59.0625],[9.84375,60.46875],[8.4375,60.46875],[8.4375,59.0625]]]},"properties":{"n":16}},{"type":"Feature","geometry":{"type":"Polygon","coordinates":[[[-2.8125,68.90625],[-1.40625,68.90625],[-1.40625,70.3125],[-2.8125,70.3125],[-2.8125,68.90625]]]},"properties":{"n":16}},{"type":"Feature","geometry":{"type":"Polygon","coordinates":[[[-4.21875,66.09375],[-2.8125,66.09375],[-2.8125,67.5],[-4.21875,67.5],[-4.21875,66.09375]]]},"properties":{"n":16}},{"type":"Feature","geometry":{"type":"Polygon","coordinates":[[[-1.40625,63.28125],[0,63.28125],[0,64.6875],[-1.40625,64.6875],[-1.40625,63.28125]]]},"properties":{"n":16}},{"type":"Feature","geometry":{"type":"Polygon","coordinates":[[[-1.40625,61.875],[0,61.875],[0,63.28125],[-1.40625,63.28125],[-1.40625,61.875]]]},"properties":{"n":16}},{"type":"Feature","geometry":{"type":"Polygon","coordinates":[[[-2.8125,61.875],[-1.40625,61.875],[-1.40625,63.28125],[-2.8125,63.28125],[-2.8125,61.875]]]},"properties":{"n":16}},{"type":"Feature","geometry":{"type":"Polygon","coordinates":[[[-49.21875,47.8125],[-47.8125,47.8125],[-47.8125,49.21875],[-49.21875,49.21875],[-49.21875,47.8125]]]},"properties":{"n":16}},{"type":"Feature","geometry":{"type":"Polygon","coordinates":[[[46.40625,70.3125],[47.8125,70.3125],[47.8125,71.71875],[46.40625,71.71875],[46.40625,70.3125]]]},"properties":{"n":15}},{"type":"Feature","geometry":{"type":"Polygon","coordinates":[[[40.78125,70.3125],[42.1875,70.3125],[42.1875,71.71875],[40.78125,71.71875],[40.78125,70.3125]]]},"properties":{"n":15}},{"type":"Feature","geometry":{"type":"Polygon","coordinates":[[[23.90625,75.9375],[25.3125,75.9375],[25.3125,77.34375],[23.90625,77.34375],[23.90625,75.9375]]]},"properties":{"n":15}},{"type":"Feature","geometry":{"type":"Polygon","coordinates":[[[8.4375,73.125],[9.84375,73.125],[9.84375,74.53125],[8.4375,74.53125],[8.4375,73.125]]]},"properties":{"n":15}},{"type":"Feature","geometry":{"type":"Polygon","coordinates":[[[-61.875,59.0625],[-60.46875,59.0625],[-60.46875,60.46875],[-61.875,60.46875],[-61.875,59.0625]]]},"properties":{"n":15}},{"type":"Feature","geometry":{"type":"Polygon","coordinates":[[[-53.4375,52.03125],[-52.03125,52.03125],[-52.03125,53.4375],[-53.4375,53.4375],[-53.4375,52.03125]]]},"properties":{"n":15}},{"type":"Feature","geometry":{"type":"Polygon","coordinates":[[[-50.625,42.1875],[-49.21875,42.1875],[-49.21875,43.59375],[-50.625,43.59375],[-50.625,42.1875]]]},"properties":{"n":15}},{"type":"Feature","geometry":{"type":"Polygon","coordinates":[[[46.40625,71.71875],[47.8125,71.71875],[47.8125,73.125],[46.40625,73.125],[46.40625,71.71875]]]},"properties":{"n":14}},{"type":"Feature","geometry":{"type":"Polygon","coordinates":[[[37.96875,73.125],[39.375,73.125],[39.375,74.53125],[37.96875,74.53125],[37.96875,73.125]]]},"properties":{"n":14}},{"type":"Feature","geometry":{"type":"Polygon","coordinates":[[[36.5625,71.71875],[37.96875,71.71875],[37.96875,73.125],[36.5625,73.125],[36.5625,71.71875]]]},"properties":{"n":14}},{"type":"Feature","geometry":{"type":"Polygon","coordinates":[[[23.90625,56.25],[25.3125,56.25],[25.3125,57.65625],[23.90625,57.65625],[23.90625,56.25]]]},"properties":{"n":14}},{"type":"Feature","geometry":{"type":"Polygon","coordinates":[[[14.0625,66.09375],[15.46875,66.09375],[15.46875,67.5],[14.0625,67.5],[14.0625,66.09375]]]},"properties":{"n":14}},{"type":"Feature","geometry":{"type":"Polygon","coordinates":[[[-4.21875,64.6875],[-2.8125,64.6875],[-2.8125,66.09375],[-4.21875,66.09375],[-4.21875,64.6875]]]},"properties":{"n":14}},{"type":"Feature","geometry":{"type":"Polygon","coordinates":[[[-5.625,64.6875],[-4.21875,64.6875],[-4.21875,66.09375],[-5.625,66.09375],[-5.625,64.6875]]]},"properties":{"n":14}},{"type":"Feature","geometry":{"type":"Polygon","coordinates":[[[-47.8125,45],[-46.40625,45],[-46.40625,46.40625],[-47.8125,46.40625],[-47.8125,45]]]},"properties":{"n":14}},{"type":"Feature","geometry":{"type":"Polygon","coordinates":[[[43.59375,68.90625],[45,68.90625],[45,70.3125],[43.59375,70.3125],[43.59375,68.90625]]]},"properties":{"n":13}},{"type":"Feature","geometry":{"type":"Polygon","coordinates":[[[29.53125,77.34375],[30.9375,77.34375],[30.9375,78.75],[29.53125,78.75],[29.53125,77.34375]]]},"properties":{"n":13}},{"type":"Feature","geometry":{"type":"Polygon","coordinates":[[[28.125,68.90625],[29.53125,68.90625],[29.53125,70.3125],[28.125,70.3125],[28.125,68.90625]]]},"properties":{"n":13}},{"type":"Feature","geometry":{"type":"Polygon","coordinates":[[[16.875,80.15625],[18.28125,80.15625],[18.28125,81.5625],[16.875,81.5625],[16.875,80.15625]]]},"properties":{"n":13}},{"type":"Feature","geometry":{"type":"Polygon","coordinates":[[[15.46875,75.9375],[16.875,75.9375],[16.875,77.34375],[15.46875,77.34375],[15.46875,75.9375]]]},"properties":{"n":13}},{"type":"Feature","geometry":{"type":"Polygon","coordinates":[[[9.84375,74.53125],[11.25,74.53125],[11.25,75.9375],[9.84375,75.9375],[9.84375,74.53125]]]},"properties":{"n":13}},{"type":"Feature","geometry":{"type":"Polygon","coordinates":[[[-5.625,70.3125],[-4.21875,70.3125],[-4.21875,71.71875],[-5.625,71.71875],[-5.625,70.3125]]]},"properties":{"n":13}},{"type":"Feature","geometry":{"type":"Polygon","coordinates":[[[-8.4375,68.90625],[-7.03125,68.90625],[-7.03125,70.3125],[-8.4375,70.3125],[-8.4375,68.90625]]]},"properties":{"n":13}},{"type":"Feature","geometry":{"type":"Polygon","coordinates":[[[-7.03125,67.5],[-5.625,67.5],[-5.625,68.90625],[-7.03125,68.90625],[-7.03125,67.5]]]},"properties":{"n":13}},{"type":"Feature","geometry":{"type":"Polygon","coordinates":[[[-2.8125,64.6875],[-1.40625,64.6875],[-1.40625,66.09375],[-2.8125,66.09375],[-2.8125,64.6875]]]},"properties":{"n":13}},{"type":"Feature","geometry":{"type":"Polygon","coordinates":[[[-7.03125,66.09375],[-5.625,66.09375],[-5.625,67.5],[-7.03125,67.5],[-7.03125,66.09375]]]},"properties":{"n":13}},{"type":"Feature","geometry":{"type":"Polygon","coordinates":[[[-7.03125,64.6875],[-5.625,64.6875],[-5.625,66.09375],[-7.03125,66.09375],[-7.03125,64.6875]]]},"properties":{"n":13}},{"type":"Feature","geometry":{"type":"Polygon","coordinates":[[[-1.40625,50.625],[0,50.625],[0,52.03125],[-1.40625,52.03125],[-1.40625,50.625]]]},"properties":{"n":13}},{"type":"Feature","geometry":{"type":"Polygon","coordinates":[[[-68.90625,63.28125],[-67.5,63.28125],[-67.5,64.6875],[-68.90625,64.6875],[-68.90625,63.28125]]]},"properties":{"n":13}},{"type":"Feature","geometry":{"type":"Polygon","coordinates":[[[25.3125,77.34375],[26.71875,77.34375],[26.71875,78.75],[25.3125,78.75],[25.3125,77.34375]]]},"properties":{"n":12}},{"type":"Feature","geometry":{"type":"Polygon","coordinates":[[[18.28125,80.15625],[19.6875,80.15625],[19.6875,81.5625],[18.28125,81.5625],[18.28125,80.15625]]]},"properties":{"n":12}},{"type":"Feature","geometry":{"type":"Polygon","coordinates":[[[11.25,80.15625],[12.65625,80.15625],[12.65625,81.5625],[11.25,81.5625],[11.25,80.15625]]]},"properties":{"n":12}},{"type":"Feature","geometry":{"type":"Polygon","coordinates":[[[11.25,74.53125],[12.65625,74.53125],[12.65625,75.9375],[11.25,75.9375],[11.25,74.53125]]]},"properties":{"n":12}},{"type":"Feature","geometry":{"type":"Polygon","coordinates":[[[8.4375,74.53125],[9.84375,74.53125],[9.84375,75.9375],[8.4375,75.9375],[8.4375,74.53125]]]},"properties":{"n":12}},{"type":"Feature","geometry":{"type":"Polygon","coordinates":[[[2.8125,71.71875],[4.21875,71.71875],[4.21875,73.125],[2.8125,73.125],[2.8125,71.71875]]]},"properties":{"n":12}},{"type":"Feature","geometry":{"type":"Polygon","coordinates":[[[1.40625,70.3125],[2.8125,70.3125],[2.8125,71.71875],[1.40625,71.71875],[1.40625,70.3125]]]},"properties":{"n":12}},{"type":"Feature","geometry":{"type":"Polygon","coordinates":[[[-2.8125,70.3125],[-1.40625,70.3125],[-1.40625,71.71875],[-2.8125,71.71875],[-2.8125,70.3125]]]},"properties":{"n":12}},{"type":"Feature","geometry":{"type":"Polygon","coordinates":[[[-7.03125,68.90625],[-5.625,68.90625],[-5.625,70.3125],[-7.03125,70.3125],[-7.03125,68.90625]]]},"properties":{"n":12}},{"type":"Feature","geometry":{"type":"Polygon","coordinates":[[[-2.8125,63.28125],[-1.40625,63.28125],[-1.40625,64.6875],[-2.8125,64.6875],[-2.8125,63.28125]]]},"properties":{"n":12}},{"type":"Feature","geometry":{"type":"Polygon","coordinates":[[[-4.21875,63.28125],[-2.8125,63.28125],[-2.8125,64.6875],[-4.21875,64.6875],[-4.21875,63.28125]]]},"properties":{"n":12}},{"type":"Feature","geometry":{"type":"Polygon","coordinates":[[[-7.03125,63.28125],[-5.625,63.28125],[-5.625,64.6875],[-7.03125,64.6875],[-7.03125,63.28125]]]},"properties":{"n":12}},{"type":"Feature","geometry":{"type":"Polygon","coordinates":[[[-4.21875,60.46875],[-2.8125,60.46875],[-2.8125,61.875],[-4.21875,61.875],[-4.21875,60.46875]]]},"properties":{"n":12}},{"type":"Feature","geometry":{"type":"Polygon","coordinates":[[[-61.875,63.28125],[-60.46875,63.28125],[-60.46875,64.6875],[-61.875,64.6875],[-61.875,63.28125]]]},"properties":{"n":12}},{"type":"Feature","geometry":{"type":"Polygon","coordinates":[[[-70.3125,60.46875],[-68.90625,60.46875],[-68.90625,61.875],[-70.3125,61.875],[-70.3125,60.46875]]]},"properties":{"n":12}},{"type":"Feature","geometry":{"type":"Polygon","coordinates":[[[40.78125,74.53125],[42.1875,74.53125],[42.1875,75.9375],[40.78125,75.9375],[40.78125,74.53125]]]},"properties":{"n":11}},{"type":"Feature","geometry":{"type":"Polygon","coordinates":[[[23.90625,68.90625],[25.3125,68.90625],[25.3125,70.3125],[23.90625,70.3125],[23.90625,68.90625]]]},"properties":{"n":11}},{"type":"Feature","geometry":{"type":"Polygon","coordinates":[[[11.25,78.75],[12.65625,78.75],[12.65625,80.15625],[11.25,80.15625],[11.25,78.75]]]},"properties":{"n":11}},{"type":"Feature","geometry":{"type":"Polygon","coordinates":[[[7.03125,77.34375],[8.4375,77.34375],[8.4375,78.75],[7.03125,78.75],[7.03125,77.34375]]]},"properties":{"n":11}},{"type":"Feature","geometry":{"type":"Polygon","coordinates":[[[-5.625,68.90625],[-4.21875,68.90625],[-4.21875,70.3125],[-5.625,70.3125],[-5.625,68.90625]]]},"properties":{"n":11}},{"type":"Feature","geometry":{"type":"Polygon","coordinates":[[[-9.84375,64.6875],[-8.4375,64.6875],[-8.4375,66.09375],[-9.84375,66.09375],[-9.84375,64.6875]]]},"properties":{"n":11}},{"type":"Feature","geometry":{"type":"Polygon","coordinates":[[[-63.28125,59.0625],[-61.875,59.0625],[-61.875,60.46875],[-63.28125,60.46875],[-63.28125,59.0625]]]},"properties":{"n":11}},{"type":"Feature","geometry":{"type":"Polygon","coordinates":[[[-56.25,54.84375],[-54.84375,54.84375],[-54.84375,56.25],[-56.25,56.25],[-56.25,54.84375]]]},"properties":{"n":11}},{"type":"Feature","geometry":{"type":"Polygon","coordinates":[[[-74.53125,36.5625],[-73.125,36.5625],[-73.125,37.96875],[-74.53125,37.96875],[-74.53125,36.5625]]]},"properties":{"n":11}},{"type":"Feature","geometry":{"type":"Polygon","coordinates":[[[29.53125,78.75],[30.9375,78.75],[30.9375,80.15625],[29.53125,80.15625],[29.53125,78.75]]]},"properties":{"n":10}},{"type":"Feature","geometry":{"type":"Polygon","coordinates":[[[26.71875,77.34375],[28.125,77.34375],[28.125,78.75],[26.71875,78.75],[26.71875,77.34375]]]},"properties":{"n":10}},{"type":"Feature","geometry":{"type":"Polygon","coordinates":[[[32.34375,68.90625],[33.75,68.90625],[33.75,70.3125],[32.34375,70.3125],[32.34375,68.90625]]]},"properties":{"n":10}},{"type":"Feature","geometry":{"type":"Polygon","coordinates":[[[16.875,78.75],[18.28125,78.75],[18.28125,80.15625],[16.875,80.15625],[16.875,78.75]]]},"properties":{"n":10}},{"type":"Feature","geometry":{"type":"Polygon","coordinates":[[[12.65625,80.15625],[14.0625,80.15625],[14.0625,81.5625],[12.65625,81.5625],[12.65625,80.15625]]]},"properties":{"n":10}},{"type":"Feature","geometry":{"type":"Polygon","coordinates":[[[5.625,78.75],[7.03125,78.75],[7.03125,80.15625],[5.625,80.15625],[5.625,78.75]]]},"properties":{"n":10}},{"type":"Feature","geometry":{"type":"Polygon","coordinates":[[[21.09375,75.9375],[22.5,75.9375],[22.5,77.34375],[21.09375,77.34375],[21.09375,75.9375]]]},"properties":{"n":10}},{"type":"Feature","geometry":{"type":"Polygon","coordinates":[[[4.21875,73.125],[5.625,73.125],[5.625,74.53125],[4.21875,74.53125],[4.21875,73.125]]]},"properties":{"n":10}},{"type":"Feature","geometry":{"type":"Polygon","coordinates":[[[-5.625,67.5],[-4.21875,67.5],[-4.21875,68.90625],[-5.625,68.90625],[-5.625,67.5]]]},"properties":{"n":10}},{"type":"Feature","geometry":{"type":"Polygon","coordinates":[[[-12.65625,63.28125],[-11.25,63.28125],[-11.25,64.6875],[-12.65625,64.6875],[-12.65625,63.28125]]]},"properties":{"n":10}},{"type":"Feature","geometry":{"type":"Polygon","coordinates":[[[-4.21875,52.03125],[-2.8125,52.03125],[-2.8125,53.4375],[-4.21875,53.4375],[-4.21875,52.03125]]]},"properties":{"n":10}},{"type":"Feature","geometry":{"type":"Polygon","coordinates":[[[-63.28125,63.28125],[-61.875,63.28125],[-61.875,64.6875],[-63.28125,64.6875],[-63.28125,63.28125]]]},"properties":{"n":10}},{"type":"Feature","geometry":{"type":"Polygon","coordinates":[[[-68.90625,60.46875],[-67.5,60.46875],[-67.5,61.875],[-68.90625,61.875],[-68.90625,60.46875]]]},"properties":{"n":10}},{"type":"Feature","geometry":{"type":"Polygon","coordinates":[[[45,68.90625],[46.40625,68.90625],[46.40625,70.3125],[45,70.3125],[45,68.90625]]]},"properties":{"n":9}},{"type":"Feature","geometry":{"type":"Polygon","coordinates":[[[39.375,74.53125],[40.78125,74.53125],[40.78125,75.9375],[39.375,75.9375],[39.375,74.53125]]]},"properties":{"n":9}},{"type":"Feature","geometry":{"type":"Polygon","coordinates":[[[33.75,75.9375],[35.15625,75.9375],[35.15625,77.34375],[33.75,77.34375],[33.75,75.9375]]]},"properties":{"n":9}},{"type":"Feature","geometry":{"type":"Polygon","coordinates":[[[36.5625,68.90625],[37.96875,68.90625],[37.96875,70.3125],[36.5625,70.3125],[36.5625,68.90625]]]},"properties":{"n":9}},{"type":"Feature","geometry":{"type":"Polygon","coordinates":[[[32.34375,77.34375],[33.75,77.34375],[33.75,78.75],[32.34375,78.75],[32.34375,77.34375]]]},"properties":{"n":9}},{"type":"Feature","geometry":{"type":"Polygon","coordinates":[[[-7.03125,70.3125],[-5.625,70.3125],[-5.625,71.71875],[-7.03125,71.71875],[-7.03125,70.3125]]]},"properties":{"n":9}},{"type":"Feature","geometry":{"type":"Polygon","coordinates":[[[-8.4375,70.3125],[-7.03125,70.3125],[-7.03125,71.71875],[-8.4375,71.71875],[-8.4375,70.3125]]]},"properties":{"n":9}},{"type":"Feature","geometry":{"type":"Polygon","coordinates":[[[-9.84375,68.90625],[-8.4375,68.90625],[-8.4375,70.3125],[-9.84375,70.3125],[-9.84375,68.90625]]]},"properties":{"n":9}},{"type":"Feature","geometry":{"type":"Polygon","coordinates":[[[47.8125,71.71875],[49.21875,71.71875],[49.21875,73.125],[47.8125,73.125],[47.8125,71.71875]]]},"properties":{"n":8}},{"type":"Feature","geometry":{"type":"Polygon","coordinates":[[[32.34375,78.75],[33.75,78.75],[33.75,80.15625],[32.34375,80.15625],[32.34375,78.75]]]},"properties":{"n":8}},{"type":"Feature","geometry":{"type":"Polygon","coordinates":[[[42.1875,75.9375],[43.59375,75.9375],[43.59375,77.34375],[42.1875,77.34375],[42.1875,75.9375]]]},"properties":{"n":8}},{"type":"Feature","geometry":{"type":"Polygon","coordinates":[[[40.78125,73.125],[42.1875,73.125],[42.1875,74.53125],[40.78125,74.53125],[40.78125,73.125]]]},"properties":{"n":8}},{"type":"Feature","geometry":{"type":"Polygon","coordinates":[[[37.96875,74.53125],[39.375,74.53125],[39.375,75.9375],[37.96875,75.9375],[37.96875,74.53125]]]},"properties":{"n":8}},{"type":"Feature","geometry":{"type":"Polygon","coordinates":[[[42.1875,68.90625],[43.59375,68.90625],[43.59375,70.3125],[42.1875,70.3125],[42.1875,68.90625]]]},"properties":{"n":8}},{"type":"Feature","geometry":{"type":"Polygon","coordinates":[[[14.0625,78.75],[15.46875,78.75],[15.46875,80.15625],[14.0625,80.15625],[14.0625,78.75]]]},"properties":{"n":8}},{"type":"Feature","geometry":{"type":"Polygon","coordinates":[[[8.4375,75.9375],[9.84375,75.9375],[9.84375,77.34375],[8.4375,77.34375],[8.4375,75.9375]]]},"properties":{"n":8}},{"type":"Feature","geometry":{"type":"Polygon","coordinates":[[[5.625,74.53125],[7.03125,74.53125],[7.03125,75.9375],[5.625,75.9375],[5.625,74.53125]]]},"properties":{"n":8}},{"type":"Feature","geometry":{"type":"Polygon","coordinates":[[[26.71875,60.46875],[28.125,60.46875],[28.125,61.875],[26.71875,61.875],[26.71875,60.46875]]]},"properties":{"n":8}},{"type":"Feature","geometry":{"type":"Polygon","coordinates":[[[-4.21875,70.3125],[-2.8125,70.3125],[-2.8125,71.71875],[-4.21875,71.71875],[-4.21875,70.3125]]]},"properties":{"n":8}},{"type":"Feature","geometry":{"type":"Polygon","coordinates":[[[-11.25,68.90625],[-9.84375,68.90625],[-9.84375,70.3125],[-11.25,70.3125],[-11.25,68.90625]]]},"properties":{"n":8}},{"type":"Feature","geometry":{"type":"Polygon","coordinates":[[[-2.8125,50.625],[-1.40625,50.625],[-1.40625,52.03125],[-2.8125,52.03125],[-2.8125,50.625]]]},"properties":{"n":8}},{"type":"Feature","geometry":{"type":"Polygon","coordinates":[[[-66.09375,60.46875],[-64.6875,60.46875],[-64.6875,61.875],[-66.09375,61.875],[-66.09375,60.46875]]]},"properties":{"n":8}},{"type":"Feature","geometry":{"type":"Polygon","coordinates":[[[-75.9375,33.75],[-74.53125,33.75],[-74.53125,35.15625],[-75.9375,35.15625],[-75.9375,33.75]]]},"properties":{"n":8}},{"type":"Feature","geometry":{"type":"Polygon","coordinates":[[[-122.34375,36.5625],[-120.9375,36.5625],[-120.9375,37.96875],[-122.34375,37.96875],[-122.34375,36.5625]]]},"properties":{"n":8}},{"type":"Feature","geometry":{"type":"Polygon","coordinates":[[[39.375,73.125],[40.78125,73.125],[40.78125,74.53125],[39.375,74.53125],[39.375,73.125]]]},"properties":{"n":7}},{"type":"Feature","geometry":{"type":"Polygon","coordinates":[[[9.84375,75.9375],[11.25,75.9375],[11.25,77.34375],[9.84375,77.34375],[9.84375,75.9375]]]},"properties":{"n":7}},{"type":"Feature","geometry":{"type":"Polygon","coordinates":[[[1.40625,71.71875],[2.8125,71.71875],[2.8125,73.125],[1.40625,73.125],[1.40625,71.71875]]]},"properties":{"n":7}},{"type":"Feature","geometry":{"type":"Polygon","coordinates":[[[0,71.71875],[1.40625,71.71875],[1.40625,73.125],[0,73.125],[0,71.71875]]]},"properties":{"n":7}},{"type":"Feature","geometry":{"type":"Polygon","coordinates":[[[21.09375,60.46875],[22.5,60.46875],[22.5,61.875],[21.09375,61.875],[21.09375,60.46875]]]},"properties":{"n":7}},{"type":"Feature","geometry":{"type":"Polygon","coordinates":[[[-11.25,67.5],[-9.84375,67.5],[-9.84375,68.90625],[-11.25,68.90625],[-11.25,67.5]]]},"properties":{"n":7}},{"type":"Feature","geometry":{"type":"Polygon","coordinates":[[[-4.21875,61.875],[-2.8125,61.875],[-2.8125,63.28125],[-4.21875,63.28125],[-4.21875,61.875]]]},"properties":{"n":7}},{"type":"Feature","geometry":{"type":"Polygon","coordinates":[[[-8.4375,66.09375],[-7.03125,66.09375],[-7.03125,67.5],[-8.4375,67.5],[-8.4375,66.09375]]]},"properties":{"n":7}},{"type":"Feature","geometry":{"type":"Polygon","coordinates":[[[-8.4375,64.6875],[-7.03125,64.6875],[-7.03125,66.09375],[-8.4375,66.09375],[-8.4375,64.6875]]]},"properties":{"n":7}},{"type":"Feature","geometry":{"type":"Polygon","coordinates":[[[-5.625,60.46875],[-4.21875,60.46875],[-4.21875,61.875],[-5.625,61.875],[-5.625,60.46875]]]},"properties":{"n":7}},{"type":"Feature","geometry":{"type":"Polygon","coordinates":[[[-1.40625,45],[0,45],[0,46.40625],[-1.40625,46.40625],[-1.40625,45]]]},"properties":{"n":7}},{"type":"Feature","geometry":{"type":"Polygon","coordinates":[[[-9.84375,47.8125],[-8.4375,47.8125],[-8.4375,49.21875],[-9.84375,49.21875],[-9.84375,47.8125]]]},"properties":{"n":7}},{"type":"Feature","geometry":{"type":"Polygon","coordinates":[[[-59.0625,54.84375],[-57.65625,54.84375],[-57.65625,56.25],[-59.0625,56.25],[-59.0625,54.84375]]]},"properties":{"n":7}},{"type":"Feature","geometry":{"type":"Polygon","coordinates":[[[36.5625,77.34375],[37.96875,77.34375],[37.96875,78.75],[36.5625,78.75],[36.5625,77.34375]]]},"properties":{"n":6}},{"type":"Feature","geometry":{"type":"Polygon","coordinates":[[[35.15625,77.34375],[36.5625,77.34375],[36.5625,78.75],[35.15625,78.75],[35.15625,77.34375]]]},"properties":{"n":6}},{"type":"Feature","geometry":{"type":"Polygon","coordinates":[[[14.0625,80.15625],[15.46875,80.15625],[15.46875,81.5625],[14.0625,81.5625],[14.0625,80.15625]]]},"properties":{"n":6}},{"type":"Feature","geometry":{"type":"Polygon","coordinates":[[[12.65625,78.75],[14.0625,78.75],[14.0625,80.15625],[12.65625,80.15625],[12.65625,78.75]]]},"properties":{"n":6}},{"type":"Feature","geometry":{"type":"Polygon","coordinates":[[[7.03125,74.53125],[8.4375,74.53125],[8.4375,75.9375],[7.03125,75.9375],[7.03125,74.53125]]]},"properties":{"n":6}},{"type":"Feature","geometry":{"type":"Polygon","coordinates":[[[2.8125,73.125],[4.21875,73.125],[4.21875,74.53125],[2.8125,74.53125],[2.8125,73.125]]]},"properties":{"n":6}},{"type":"Feature","geometry":{"type":"Polygon","coordinates":[[[-1.40625,71.71875],[0,71.71875],[0,73.125],[-1.40625,73.125],[-1.40625,71.71875]]]},"properties":{"n":6}},{"type":"Feature","geometry":{"type":"Polygon","coordinates":[[[-2.8125,71.71875],[-1.40625,71.71875],[-1.40625,73.125],[-2.8125,73.125],[-2.8125,71.71875]]]},"properties":{"n":6}},{"type":"Feature","geometry":{"type":"Polygon","coordinates":[[[-4.21875,71.71875],[-2.8125,71.71875],[-2.8125,73.125],[-4.21875,73.125],[-4.21875,71.71875]]]},"properties":{"n":6}},{"type":"Feature","geometry":{"type":"Polygon","coordinates":[[[-9.84375,70.3125],[-8.4375,70.3125],[-8.4375,71.71875],[-9.84375,71.71875],[-9.84375,70.3125]]]},"properties":{"n":6}},{"type":"Feature","geometry":{"type":"Polygon","coordinates":[[[-11.25,66.09375],[-9.84375,66.09375],[-9.84375,67.5],[-11.25,67.5],[-11.25,66.09375]]]},"properties":{"n":6}},{"type":"Feature","geometry":{"type":"Polygon","coordinates":[[[-8.4375,63.28125],[-7.03125,63.28125],[-7.03125,64.6875],[-8.4375,64.6875],[-8.4375,63.28125]]]},"properties":{"n":6}},{"type":"Feature","geometry":{"type":"Polygon","coordinates":[[[-9.84375,63.28125],[-8.4375,63.28125],[-8.4375,64.6875],[-9.84375,64.6875],[-9.84375,63.28125]]]},"properties":{"n":6}},{"type":"Feature","geometry":{"type":"Polygon","coordinates":[[[-12.65625,50.625],[-11.25,50.625],[-11.25,52.03125],[-12.65625,52.03125],[-12.65625,50.625]]]},"properties":{"n":6}},{"type":"Feature","geometry":{"type":"Polygon","coordinates":[[[-61.875,64.6875],[-60.46875,64.6875],[-60.46875,66.09375],[-61.875,66.09375],[-61.875,64.6875]]]},"properties":{"n":6}},{"type":"Feature","geometry":{"type":"Polygon","coordinates":[[[-59.0625,56.25],[-57.65625,56.25],[-57.65625,57.65625],[-59.0625,57.65625],[-59.0625,56.25]]]},"properties":{"n":6}},{"type":"Feature","geometry":{"type":"Polygon","coordinates":[[[-64.6875,60.46875],[-63.28125,60.46875],[-63.28125,61.875],[-64.6875,61.875],[-64.6875,60.46875]]]},"properties":{"n":6}},{"type":"Feature","geometry":{"type":"Polygon","coordinates":[[[-71.71875,47.8125],[-70.3125,47.8125],[-70.3125,49.21875],[-71.71875,49.21875],[-71.71875,47.8125]]]},"properties":{"n":6}},{"type":"Feature","geometry":{"type":"Polygon","coordinates":[[[-151.875,57.65625],[-150.46875,57.65625],[-150.46875,59.0625],[-151.875,59.0625],[-151.875,57.65625]]]},"properties":{"n":6}},{"type":"Feature","geometry":{"type":"Polygon","coordinates":[[[45,73.125],[46.40625,73.125],[46.40625,74.53125],[45,74.53125],[45,73.125]]]},"properties":{"n":5}},{"type":"Feature","geometry":{"type":"Polygon","coordinates":[[[29.53125,80.15625],[30.9375,80.15625],[30.9375,81.5625],[29.53125,81.5625],[29.53125,80.15625]]]},"properties":{"n":5}},{"type":"Feature","geometry":{"type":"Polygon","coordinates":[[[26.71875,80.15625],[28.125,80.15625],[28.125,81.5625],[26.71875,81.5625],[26.71875,80.15625]]]},"properties":{"n":5}},{"type":"Feature","geometry":{"type":"Polygon","coordinates":[[[39.375,75.9375],[40.78125,75.9375],[40.78125,77.34375],[39.375,77.34375],[39.375,75.9375]]]},"properties":{"n":5}},{"type":"Feature","geometry":{"type":"Polygon","coordinates":[[[37.96875,75.9375],[39.375,75.9375],[39.375,77.34375],[37.96875,77.34375],[37.96875,75.9375]]]},"properties":{"n":5}},{"type":"Feature","geometry":{"type":"Polygon","coordinates":[[[30.9375,75.9375],[32.34375,75.9375],[32.34375,77.34375],[30.9375,77.34375],[30.9375,75.9375]]]},"properties":{"n":5}},{"type":"Feature","geometry":{"type":"Polygon","coordinates":[[[4.21875,74.53125],[5.625,74.53125],[5.625,75.9375],[4.21875,75.9375],[4.21875,74.53125]]]},"properties":{"n":5}},{"type":"Feature","geometry":{"type":"Polygon","coordinates":[[[1.40625,74.53125],[2.8125,74.53125],[2.8125,75.9375],[1.40625,75.9375],[1.40625,74.53125]]]},"properties":{"n":5}},{"type":"Feature","geometry":{"type":"Polygon","coordinates":[[[8.4375,61.875],[9.84375,61.875],[9.84375,63.28125],[8.4375,63.28125],[8.4375,61.875]]]},"properties":{"n":5}},{"type":"Feature","geometry":{"type":"Polygon","coordinates":[[[-16.875,67.5],[-15.46875,67.5],[-15.46875,68.90625],[-16.875,68.90625],[-16.875,67.5]]]},"properties":{"n":5}},{"type":"Feature","geometry":{"type":"Polygon","coordinates":[[[-5.625,63.28125],[-4.21875,63.28125],[-4.21875,64.6875],[-5.625,64.6875],[-5.625,63.28125]]]},"properties":{"n":5}},{"type":"Feature","geometry":{"type":"Polygon","coordinates":[[[-11.25,63.28125],[-9.84375,63.28125],[-9.84375,64.6875],[-11.25,64.6875],[-11.25,63.28125]]]},"properties":{"n":5}},{"type":"Feature","geometry":{"type":"Polygon","coordinates":[[[-12.65625,66.09375],[-11.25,66.09375],[-11.25,67.5],[-12.65625,67.5],[-12.65625,66.09375]]]},"properties":{"n":5}},{"type":"Feature","geometry":{"type":"Polygon","coordinates":[[[-12.65625,64.6875],[-11.25,64.6875],[-11.25,66.09375],[-12.65625,66.09375],[-12.65625,64.6875]]]},"properties":{"n":5}},{"type":"Feature","geometry":{"type":"Polygon","coordinates":[[[-4.21875,47.8125],[-2.8125,47.8125],[-2.8125,49.21875],[-4.21875,49.21875],[-4.21875,47.8125]]]},"properties":{"n":5}},{"type":"Feature","geometry":{"type":"Polygon","coordinates":[[[-61.875,66.09375],[-60.46875,66.09375],[-60.46875,67.5],[-61.875,67.5],[-61.875,66.09375]]]},"properties":{"n":5}},{"type":"Feature","geometry":{"type":"Polygon","coordinates":[[[-61.875,56.25],[-60.46875,56.25],[-60.46875,57.65625],[-61.875,57.65625],[-61.875,56.25]]]},"properties":{"n":5}},{"type":"Feature","geometry":{"type":"Polygon","coordinates":[[[-67.5,60.46875],[-66.09375,60.46875],[-66.09375,61.875],[-67.5,61.875],[-67.5,60.46875]]]},"properties":{"n":5}},{"type":"Feature","geometry":{"type":"Polygon","coordinates":[[[-53.4375,53.4375],[-52.03125,53.4375],[-52.03125,54.84375],[-53.4375,54.84375],[-53.4375,53.4375]]]},"properties":{"n":5}},{"type":"Feature","geometry":{"type":"Polygon","coordinates":[[[-57.65625,53.4375],[-56.25,53.4375],[-56.25,54.84375],[-57.65625,54.84375],[-57.65625,53.4375]]]},"properties":{"n":5}},{"type":"Feature","geometry":{"type":"Polygon","coordinates":[[[-60.46875,54.84375],[-59.0625,54.84375],[-59.0625,56.25],[-60.46875,56.25],[-60.46875,54.84375]]]},"properties":{"n":5}},{"type":"Feature","geometry":{"type":"Polygon","coordinates":[[[-70.3125,63.28125],[-68.90625,63.28125],[-68.90625,64.6875],[-70.3125,64.6875],[-70.3125,63.28125]]]},"properties":{"n":5}},{"type":"Feature","geometry":{"type":"Polygon","coordinates":[[[-77.34375,37.96875],[-75.9375,37.96875],[-75.9375,39.375],[-77.34375,39.375],[-77.34375,37.96875]]]},"properties":{"n":5}},{"type":"Feature","geometry":{"type":"Polygon","coordinates":[[[-123.75,36.5625],[-122.34375,36.5625],[-122.34375,37.96875],[-123.75,37.96875],[-123.75,36.5625]]]},"properties":{"n":5}},{"type":"Feature","geometry":{"type":"Polygon","coordinates":[[[33.75,78.75],[35.15625,78.75],[35.15625,80.15625],[33.75,80.15625],[33.75,78.75]]]},"properties":{"n":4}},{"type":"Feature","geometry":{"type":"Polygon","coordinates":[[[26.71875,78.75],[28.125,78.75],[28.125,80.15625],[26.71875,80.15625],[26.71875,78.75]]]},"properties":{"n":4}},{"type":"Feature","geometry":{"type":"Polygon","coordinates":[[[23.90625,80.15625],[25.3125,80.15625],[25.3125,81.5625],[23.90625,81.5625],[23.90625,80.15625]]]},"properties":{"n":4}},{"type":"Feature","geometry":{"type":"Polygon","coordinates":[[[30.9375,77.34375],[32.34375,77.34375],[32.34375,78.75],[30.9375,78.75],[30.9375,77.34375]]]},"properties":{"n":4}},{"type":"Feature","geometry":{"type":"Polygon","coordinates":[[[23.90625,77.34375],[25.3125,77.34375],[25.3125,78.75],[23.90625,78.75],[23.90625,77.34375]]]},"properties":{"n":4}},{"type":"Feature","geometry":{"type":"Polygon","coordinates":[[[25.3125,68.90625],[26.71875,68.90625],[26.71875,70.3125],[25.3125,70.3125],[25.3125,68.90625]]]},"properties":{"n":4}},{"type":"Feature","geometry":{"type":"Polygon","coordinates":[[[21.09375,80.15625],[22.5,80.15625],[22.5,81.5625],[21.09375,81.5625],[21.09375,80.15625]]]},"properties":{"n":4}},{"type":"Feature","geometry":{"type":"Polygon","coordinates":[[[19.6875,80.15625],[21.09375,80.15625],[21.09375,81.5625],[19.6875,81.5625],[19.6875,80.15625]]]},"properties":{"n":4}},{"type":"Feature","geometry":{"type":"Polygon","coordinates":[[[15.46875,78.75],[16.875,78.75],[16.875,80.15625],[15.46875,80.15625],[15.46875,78.75]]]},"properties":{"n":4}},{"type":"Feature","geometry":{"type":"Polygon","coordinates":[[[9.84375,80.15625],[11.25,80.15625],[11.25,81.5625],[9.84375,81.5625],[9.84375,80.15625]]]},"properties":{"n":4}},{"type":"Feature","geometry":{"type":"Polygon","coordinates":[[[15.46875,77.34375],[16.875,77.34375],[16.875,78.75],[15.46875,78.75],[15.46875,77.34375]]]},"properties":{"n":4}},{"type":"Feature","geometry":{"type":"Polygon","coordinates":[[[7.03125,75.9375],[8.4375,75.9375],[8.4375,77.34375],[7.03125,77.34375],[7.03125,75.9375]]]},"properties":{"n":4}},{"type":"Feature","geometry":{"type":"Polygon","coordinates":[[[5.625,73.125],[7.03125,73.125],[7.03125,74.53125],[5.625,74.53125],[5.625,73.125]]]},"properties":{"n":4}},{"type":"Feature","geometry":{"type":"Polygon","coordinates":[[[4.21875,75.9375],[5.625,75.9375],[5.625,77.34375],[4.21875,77.34375],[4.21875,75.9375]]]},"properties":{"n":4}},{"type":"Feature","geometry":{"type":"Polygon","coordinates":[[[0,73.125],[1.40625,73.125],[1.40625,74.53125],[0,74.53125],[0,73.125]]]},"properties":{"n":4}},{"type":"Feature","geometry":{"type":"Polygon","coordinates":[[[-1.40625,73.125],[0,73.125],[0,74.53125],[-1.40625,74.53125],[-1.40625,73.125]]]},"properties":{"n":4}},{"type":"Feature","geometry":{"type":"Polygon","coordinates":[[[-4.21875,73.125],[-2.8125,73.125],[-2.8125,74.53125],[-4.21875,74.53125],[-4.21875,73.125]]]},"properties":{"n":4}},{"type":"Feature","geometry":{"type":"Polygon","coordinates":[[[-11.25,70.3125],[-9.84375,70.3125],[-9.84375,71.71875],[-11.25,71.71875],[-11.25,70.3125]]]},"properties":{"n":4}},{"type":"Feature","geometry":{"type":"Polygon","coordinates":[[[-14.0625,68.90625],[-12.65625,68.90625],[-12.65625,70.3125],[-14.0625,70.3125],[-14.0625,68.90625]]]},"properties":{"n":4}},{"type":"Feature","geometry":{"type":"Polygon","coordinates":[[[-9.84375,66.09375],[-8.4375,66.09375],[-8.4375,67.5],[-9.84375,67.5],[-9.84375,66.09375]]]},"properties":{"n":4}},{"type":"Feature","geometry":{"type":"Polygon","coordinates":[[[-11.25,45],[-9.84375,45],[-9.84375,46.40625],[-11.25,46.40625],[-11.25,45]]]},"properties":{"n":4}},{"type":"Feature","geometry":{"type":"Polygon","coordinates":[[[-64.6875,61.875],[-63.28125,61.875],[-63.28125,63.28125],[-64.6875,63.28125],[-64.6875,61.875]]]},"properties":{"n":4}},{"type":"Feature","geometry":{"type":"Polygon","coordinates":[[[-63.28125,60.46875],[-61.875,60.46875],[-61.875,61.875],[-63.28125,61.875],[-63.28125,60.46875]]]},"properties":{"n":4}},{"type":"Feature","geometry":{"type":"Polygon","coordinates":[[[-68.90625,61.875],[-67.5,61.875],[-67.5,63.28125],[-68.90625,63.28125],[-68.90625,61.875]]]},"properties":{"n":4}},{"type":"Feature","geometry":{"type":"Polygon","coordinates":[[[-70.3125,61.875],[-68.90625,61.875],[-68.90625,63.28125],[-70.3125,63.28125],[-70.3125,61.875]]]},"properties":{"n":4}},{"type":"Feature","geometry":{"type":"Polygon","coordinates":[[[-77.34375,33.75],[-75.9375,33.75],[-75.9375,35.15625],[-77.34375,35.15625],[-77.34375,33.75]]]},"properties":{"n":4}},{"type":"Feature","geometry":{"type":"Polygon","coordinates":[[[-78.75,32.34375],[-77.34375,32.34375],[-77.34375,33.75],[-78.75,33.75],[-78.75,32.34375]]]},"properties":{"n":4}},{"type":"Feature","geometry":{"type":"Polygon","coordinates":[[[-125.15625,42.1875],[-123.75,42.1875],[-123.75,43.59375],[-125.15625,43.59375],[-125.15625,42.1875]]]},"properties":{"n":4}},{"type":"Feature","geometry":{"type":"Polygon","coordinates":[[[46.40625,73.125],[47.8125,73.125],[47.8125,74.53125],[46.40625,74.53125],[46.40625,73.125]]]},"properties":{"n":3}},{"type":"Feature","geometry":{"type":"Polygon","coordinates":[[[49.21875,71.71875],[50.625,71.71875],[50.625,73.125],[49.21875,73.125],[49.21875,71.71875]]]},"properties":{"n":3}},{"type":"Feature","geometry":{"type":"Polygon","coordinates":[[[64.6875,57.65625],[66.09375,57.65625],[66.09375,59.0625],[64.6875,59.0625],[64.6875,57.65625]]]},"properties":{"n":3}},{"type":"Feature","geometry":{"type":"Polygon","coordinates":[[[30.9375,78.75],[32.34375,78.75],[32.34375,80.15625],[30.9375,80.15625],[30.9375,78.75]]]},"properties":{"n":3}},{"type":"Feature","geometry":{"type":"Polygon","coordinates":[[[22.5,80.15625],[23.90625,80.15625],[23.90625,81.5625],[22.5,81.5625],[22.5,80.15625]]]},"properties":{"n":3}},{"type":"Feature","geometry":{"type":"Polygon","coordinates":[[[40.78125,75.9375],[42.1875,75.9375],[42.1875,77.34375],[40.78125,77.34375],[40.78125,75.9375]]]},"properties":{"n":3}},{"type":"Feature","geometry":{"type":"Polygon","coordinates":[[[33.75,77.34375],[35.15625,77.34375],[35.15625,78.75],[33.75,78.75],[33.75,77.34375]]]},"properties":{"n":3}},{"type":"Feature","geometry":{"type":"Polygon","coordinates":[[[4.21875,77.34375],[5.625,77.34375],[5.625,78.75],[4.21875,78.75],[4.21875,77.34375]]]},"properties":{"n":3}},{"type":"Feature","geometry":{"type":"Polygon","coordinates":[[[2.8125,77.34375],[4.21875,77.34375],[4.21875,78.75],[2.8125,78.75],[2.8125,77.34375]]]},"properties":{"n":3}},{"type":"Feature","geometry":{"type":"Polygon","coordinates":[[[1.40625,73.125],[2.8125,73.125],[2.8125,74.53125],[1.40625,74.53125],[1.40625,73.125]]]},"properties":{"n":3}},{"type":"Feature","geometry":{"type":"Polygon","coordinates":[[[-1.40625,74.53125],[0,74.53125],[0,75.9375],[-1.40625,75.9375],[-1.40625,74.53125]]]},"properties":{"n":3}},{"type":"Feature","geometry":{"type":"Polygon","coordinates":[[[-2.8125,73.125],[-1.40625,73.125],[-1.40625,74.53125],[-2.8125,74.53125],[-2.8125,73.125]]]},"properties":{"n":3}},{"type":"Feature","geometry":{"type":"Polygon","coordinates":[[[-5.625,71.71875],[-4.21875,71.71875],[-4.21875,73.125],[-5.625,73.125],[-5.625,71.71875]]]},"properties":{"n":3}},{"type":"Feature","geometry":{"type":"Polygon","coordinates":[[[-14.0625,67.5],[-12.65625,67.5],[-12.65625,68.90625],[-14.0625,68.90625],[-14.0625,67.5]]]},"properties":{"n":3}},{"type":"Feature","geometry":{"type":"Polygon","coordinates":[[[-16.875,68.90625],[-15.46875,68.90625],[-15.46875,70.3125],[-16.875,70.3125],[-16.875,68.90625]]]},"properties":{"n":3}},{"type":"Feature","geometry":{"type":"Polygon","coordinates":[[[-7.03125,60.46875],[-5.625,60.46875],[-5.625,61.875],[-7.03125,61.875],[-7.03125,60.46875]]]},"properties":{"n":3}},{"type":"Feature","geometry":{"type":"Polygon","coordinates":[[[-8.4375,59.0625],[-7.03125,59.0625],[-7.03125,60.46875],[-8.4375,60.46875],[-8.4375,59.0625]]]},"properties":{"n":3}},{"type":"Feature","geometry":{"type":"Polygon","coordinates":[[[-15.46875,63.28125],[-14.0625,63.28125],[-14.0625,64.6875],[-15.46875,64.6875],[-15.46875,63.28125]]]},"properties":{"n":3}},{"type":"Feature","geometry":{"type":"Polygon","coordinates":[[[-4.21875,50.625],[-2.8125,50.625],[-2.8125,52.03125],[-4.21875,52.03125],[-4.21875,50.625]]]},"properties":{"n":3}},{"type":"Feature","geometry":{"type":"Polygon","coordinates":[[[-5.625,47.8125],[-4.21875,47.8125],[-4.21875,49.21875],[-5.625,49.21875],[-5.625,47.8125]]]},"properties":{"n":3}},{"type":"Feature","geometry":{"type":"Polygon","coordinates":[[[-2.8125,46.40625],[-1.40625,46.40625],[-1.40625,47.8125],[-2.8125,47.8125],[-2.8125,46.40625]]]},"properties":{"n":3}},{"type":"Feature","geometry":{"type":"Polygon","coordinates":[[[-5.625,46.40625],[-4.21875,46.40625],[-4.21875,47.8125],[-5.625,47.8125],[-5.625,46.40625]]]},"properties":{"n":3}},{"type":"Feature","geometry":{"type":"Polygon","coordinates":[[[-9.84375,49.21875],[-8.4375,49.21875],[-8.4375,50.625],[-9.84375,50.625],[-9.84375,49.21875]]]},"properties":{"n":3}},{"type":"Feature","geometry":{"type":"Polygon","coordinates":[[[-56.25,47.8125],[-54.84375,47.8125],[-54.84375,49.21875],[-56.25,49.21875],[-56.25,47.8125]]]},"properties":{"n":3}},{"type":"Feature","geometry":{"type":"Polygon","coordinates":[[[-74.53125,40.78125],[-73.125,40.78125],[-73.125,42.1875],[-74.53125,42.1875],[-74.53125,40.78125]]]},"properties":{"n":3}},{"type":"Feature","geometry":{"type":"Polygon","coordinates":[[[-126.5625,47.8125],[-125.15625,47.8125],[-125.15625,49.21875],[-126.5625,49.21875],[-126.5625,47.8125]]]},"properties":{"n":3}},{"type":"Feature","geometry":{"type":"Polygon","coordinates":[[[47.8125,73.125],[49.21875,73.125],[49.21875,74.53125],[47.8125,74.53125],[47.8125,73.125]]]},"properties":{"n":2}},{"type":"Feature","geometry":{"type":"Polygon","coordinates":[[[33.75,80.15625],[35.15625,80.15625],[35.15625,81.5625],[33.75,81.5625],[33.75,80.15625]]]},"properties":{"n":2}},{"type":"Feature","geometry":{"type":"Polygon","coordinates":[[[32.34375,80.15625],[33.75,80.15625],[33.75,81.5625],[32.34375,81.5625],[32.34375,80.15625]]]},"properties":{"n":2}},{"type":"Feature","geometry":{"type":"Polygon","coordinates":[[[30.9375,80.15625],[32.34375,80.15625],[32.34375,81.5625],[30.9375,81.5625],[30.9375,80.15625]]]},"properties":{"n":2}},{"type":"Feature","geometry":{"type":"Polygon","coordinates":[[[28.125,78.75],[29.53125,78.75],[29.53125,80.15625],[28.125,80.15625],[28.125,78.75]]]},"properties":{"n":2}},{"type":"Feature","geometry":{"type":"Polygon","coordinates":[[[25.3125,80.15625],[26.71875,80.15625],[26.71875,81.5625],[25.3125,81.5625],[25.3125,80.15625]]]},"properties":{"n":2}},{"type":"Feature","geometry":{"type":"Polygon","coordinates":[[[23.90625,78.75],[25.3125,78.75],[25.3125,80.15625],[23.90625,80.15625],[23.90625,78.75]]]},"properties":{"n":2}},{"type":"Feature","geometry":{"type":"Polygon","coordinates":[[[40.78125,67.5],[42.1875,67.5],[42.1875,68.90625],[40.78125,68.90625],[40.78125,67.5]]]},"properties":{"n":2}},{"type":"Feature","geometry":{"type":"Polygon","coordinates":[[[28.125,77.34375],[29.53125,77.34375],[29.53125,78.75],[28.125,78.75],[28.125,77.34375]]]},"properties":{"n":2}},{"type":"Feature","geometry":{"type":"Polygon","coordinates":[[[5.625,80.15625],[7.03125,80.15625],[7.03125,81.5625],[5.625,81.5625],[5.625,80.15625]]]},"properties":{"n":2}},{"type":"Feature","geometry":{"type":"Polygon","coordinates":[[[4.21875,80.15625],[5.625,80.15625],[5.625,81.5625],[4.21875,81.5625],[4.21875,80.15625]]]},"properties":{"n":2}},{"type":"Feature","geometry":{"type":"Polygon","coordinates":[[[4.21875,78.75],[5.625,78.75],[5.625,80.15625],[4.21875,80.15625],[4.21875,78.75]]]},"properties":{"n":2}},{"type":"Feature","geometry":{"type":"Polygon","coordinates":[[[18.28125,77.34375],[19.6875,77.34375],[19.6875,78.75],[18.28125,78.75],[18.28125,77.34375]]]},"properties":{"n":2}},{"type":"Feature","geometry":{"type":"Polygon","coordinates":[[[-9.84375,73.125],[-8.4375,73.125],[-8.4375,74.53125],[-9.84375,74.53125],[-9.84375,73.125]]]},"properties":{"n":2}},{"type":"Feature","geometry":{"type":"Polygon","coordinates":[[[-7.03125,71.71875],[-5.625,71.71875],[-5.625,73.125],[-7.03125,73.125],[-7.03125,71.71875]]]},"properties":{"n":2}},{"type":"Feature","geometry":{"type":"Polygon","coordinates":[[[-9.84375,71.71875],[-8.4375,71.71875],[-8.4375,73.125],[-9.84375,73.125],[-9.84375,71.71875]]]},"properties":{"n":2}},{"type":"Feature","geometry":{"type":"Polygon","coordinates":[[[-12.65625,68.90625],[-11.25,68.90625],[-11.25,70.3125],[-12.65625,70.3125],[-12.65625,68.90625]]]},"properties":{"n":2}},{"type":"Feature","geometry":{"type":"Polygon","coordinates":[[[-5.625,61.875],[-4.21875,61.875],[-4.21875,63.28125],[-5.625,63.28125],[-5.625,61.875]]]},"properties":{"n":2}},{"type":"Feature","geometry":{"type":"Polygon","coordinates":[[[-15.46875,66.09375],[-14.0625,66.09375],[-14.0625,67.5],[-15.46875,67.5],[-15.46875,66.09375]]]},"properties":{"n":2}},{"type":"Feature","geometry":{"type":"Polygon","coordinates":[[[-14.0625,63.28125],[-12.65625,63.28125],[-12.65625,64.6875],[-14.0625,64.6875],[-14.0625,63.28125]]]},"properties":{"n":2}},{"type":"Feature","geometry":{"type":"Polygon","coordinates":[[[-14.0625,56.25],[-12.65625,56.25],[-12.65625,57.65625],[-14.0625,57.65625],[-14.0625,56.25]]]},"properties":{"n":2}},{"type":"Feature","geometry":{"type":"Polygon","coordinates":[[[-4.21875,54.84375],[-2.8125,54.84375],[-2.8125,56.25],[-4.21875,56.25],[-4.21875,54.84375]]]},"properties":{"n":2}},{"type":"Feature","geometry":{"type":"Polygon","coordinates":[[[-2.8125,45],[-1.40625,45],[-1.40625,46.40625],[-2.8125,46.40625],[-2.8125,45]]]},"properties":{"n":2}},{"type":"Feature","geometry":{"type":"Polygon","coordinates":[[[-11.25,49.21875],[-9.84375,49.21875],[-9.84375,50.625],[-11.25,50.625],[-11.25,49.21875]]]},"properties":{"n":2}},{"type":"Feature","geometry":{"type":"Polygon","coordinates":[[[-32.34375,50.625],[-30.9375,50.625],[-30.9375,52.03125],[-32.34375,52.03125],[-32.34375,50.625]]]},"properties":{"n":2}},{"type":"Feature","geometry":{"type":"Polygon","coordinates":[[[-61.875,61.875],[-60.46875,61.875],[-60.46875,63.28125],[-61.875,63.28125],[-61.875,61.875]]]},"properties":{"n":2}},{"type":"Feature","geometry":{"type":"Polygon","coordinates":[[[-64.6875,63.28125],[-63.28125,63.28125],[-63.28125,64.6875],[-64.6875,64.6875],[-64.6875,63.28125]]]},"properties":{"n":2}},{"type":"Feature","geometry":{"type":"Polygon","coordinates":[[[-66.09375,61.875],[-64.6875,61.875],[-64.6875,63.28125],[-66.09375,63.28125],[-66.09375,61.875]]]},"properties":{"n":2}},{"type":"Feature","geometry":{"type":"Polygon","coordinates":[[[-64.6875,59.0625],[-63.28125,59.0625],[-63.28125,60.46875],[-64.6875,60.46875],[-64.6875,59.0625]]]},"properties":{"n":2}},{"type":"Feature","geometry":{"type":"Polygon","coordinates":[[[-66.09375,59.0625],[-64.6875,59.0625],[-64.6875,60.46875],[-66.09375,60.46875],[-66.09375,59.0625]]]},"properties":{"n":2}},{"type":"Feature","geometry":{"type":"Polygon","coordinates":[[[-47.8125,47.8125],[-46.40625,47.8125],[-46.40625,49.21875],[-47.8125,49.21875],[-47.8125,47.8125]]]},"properties":{"n":2}},{"type":"Feature","geometry":{"type":"Polygon","coordinates":[[[-50.625,49.21875],[-49.21875,49.21875],[-49.21875,50.625],[-50.625,50.625],[-50.625,49.21875]]]},"properties":{"n":2}},{"type":"Feature","geometry":{"type":"Polygon","coordinates":[[[-78.75,57.65625],[-77.34375,57.65625],[-77.34375,59.0625],[-78.75,59.0625],[-78.75,57.65625]]]},"properties":{"n":2}},{"type":"Feature","geometry":{"type":"Polygon","coordinates":[[[-77.34375,32.34375],[-75.9375,32.34375],[-75.9375,33.75],[-77.34375,33.75],[-77.34375,32.34375]]]},"properties":{"n":2}},{"type":"Feature","geometry":{"type":"Polygon","coordinates":[[[-68.90625,9.84375],[-67.5,9.84375],[-67.5,11.25],[-68.90625,11.25],[-68.90625,9.84375]]]},"properties":{"n":2}},{"type":"Feature","geometry":{"type":"Polygon","coordinates":[[[-147.65625,59.0625],[-146.25,59.0625],[-146.25,60.46875],[-147.65625,60.46875],[-147.65625,59.0625]]]},"properties":{"n":2}},{"type":"Feature","geometry":{"type":"Polygon","coordinates":[[[-150.46875,59.0625],[-149.0625,59.0625],[-149.0625,60.46875],[-150.46875,60.46875],[-150.46875,59.0625]]]},"properties":{"n":2}},{"type":"Feature","geometry":{"type":"Polygon","coordinates":[[[-125.15625,43.59375],[-123.75,43.59375],[-123.75,45],[-125.15625,45],[-125.15625,43.59375]]]},"properties":{"n":2}},{"type":"Feature","geometry":{"type":"Polygon","coordinates":[[[-125.15625,40.78125],[-123.75,40.78125],[-123.75,42.1875],[-125.15625,42.1875],[-125.15625,40.78125]]]},"properties":{"n":2}},{"type":"Feature","geometry":{"type":"Polygon","coordinates":[[[-125.15625,39.375],[-123.75,39.375],[-123.75,40.78125],[-125.15625,40.78125],[-125.15625,39.375]]]},"properties":{"n":2}},{"type":"Feature","geometry":{"type":"Polygon","coordinates":[[[112.5,18.28125],[113.90625,18.28125],[113.90625,19.6875],[112.5,19.6875],[112.5,18.28125]]]},"properties":{"n":1}},{"type":"Feature","geometry":{"type":"Polygon","coordinates":[[[111.09375,19.6875],[112.5,19.6875],[112.5,21.09375],[111.09375,21.09375],[111.09375,19.6875]]]},"properties":{"n":1}},{"type":"Feature","geometry":{"type":"Polygon","coordinates":[[[50.625,73.125],[52.03125,73.125],[52.03125,74.53125],[50.625,74.53125],[50.625,73.125]]]},"properties":{"n":1}},{"type":"Feature","geometry":{"type":"Polygon","coordinates":[[[49.21875,73.125],[50.625,73.125],[50.625,74.53125],[49.21875,74.53125],[49.21875,73.125]]]},"properties":{"n":1}},{"type":"Feature","geometry":{"type":"Polygon","coordinates":[[[46.40625,68.90625],[47.8125,68.90625],[47.8125,70.3125],[46.40625,70.3125],[46.40625,68.90625]]]},"properties":{"n":1}},{"type":"Feature","geometry":{"type":"Polygon","coordinates":[[[28.125,80.15625],[29.53125,80.15625],[29.53125,81.5625],[28.125,81.5625],[28.125,80.15625]]]},"properties":{"n":1}},{"type":"Feature","geometry":{"type":"Polygon","coordinates":[[[43.59375,75.9375],[45,75.9375],[45,77.34375],[43.59375,77.34375],[43.59375,75.9375]]]},"properties":{"n":1}},{"type":"Feature","geometry":{"type":"Polygon","coordinates":[[[39.375,67.5],[40.78125,67.5],[40.78125,68.90625],[39.375,68.90625],[39.375,67.5]]]},"properties":{"n":1}},{"type":"Feature","geometry":{"type":"Polygon","coordinates":[[[22.5,77.34375],[23.90625,77.34375],[23.90625,78.75],[22.5,78.75],[22.5,77.34375]]]},"properties":{"n":1}},{"type":"Feature","geometry":{"type":"Polygon","coordinates":[[[8.4375,80.15625],[9.84375,80.15625],[9.84375,81.5625],[8.4375,81.5625],[8.4375,80.15625]]]},"properties":{"n":1}},{"type":"Feature","geometry":{"type":"Polygon","coordinates":[[[2.8125,78.75],[4.21875,78.75],[4.21875,80.15625],[2.8125,80.15625],[2.8125,78.75]]]},"properties":{"n":1}},{"type":"Feature","geometry":{"type":"Polygon","coordinates":[[[0,78.75],[1.40625,78.75],[1.40625,80.15625],[0,80.15625],[0,78.75]]]},"properties":{"n":1}},{"type":"Feature","geometry":{"type":"Polygon","coordinates":[[[5.625,77.34375],[7.03125,77.34375],[7.03125,78.75],[5.625,78.75],[5.625,77.34375]]]},"properties":{"n":1}},{"type":"Feature","geometry":{"type":"Polygon","coordinates":[[[1.40625,75.9375],[2.8125,75.9375],[2.8125,77.34375],[1.40625,77.34375],[1.40625,75.9375]]]},"properties":{"n":1}},{"type":"Feature","geometry":{"type":"Polygon","coordinates":[[[0,75.9375],[1.40625,75.9375],[1.40625,77.34375],[0,77.34375],[0,75.9375]]]},"properties":{"n":1}},{"type":"Feature","geometry":{"type":"Polygon","coordinates":[[[2.8125,74.53125],[4.21875,74.53125],[4.21875,75.9375],[2.8125,75.9375],[2.8125,74.53125]]]},"properties":{"n":1}},{"type":"Feature","geometry":{"type":"Polygon","coordinates":[[[0,74.53125],[1.40625,74.53125],[1.40625,75.9375],[0,75.9375],[0,74.53125]]]},"properties":{"n":1}},{"type":"Feature","geometry":{"type":"Polygon","coordinates":[[[28.125,59.0625],[29.53125,59.0625],[29.53125,60.46875],[28.125,60.46875],[28.125,59.0625]]]},"properties":{"n":1}},{"type":"Feature","geometry":{"type":"Polygon","coordinates":[[[15.46875,66.09375],[16.875,66.09375],[16.875,67.5],[15.46875,67.5],[15.46875,66.09375]]]},"properties":{"n":1}},{"type":"Feature","geometry":{"type":"Polygon","coordinates":[[[12.65625,45],[14.0625,45],[14.0625,46.40625],[12.65625,46.40625],[12.65625,45]]]},"properties":{"n":1}},{"type":"Feature","geometry":{"type":"Polygon","coordinates":[[[68.90625,40.78125],[70.3125,40.78125],[70.3125,42.1875],[68.90625,42.1875],[68.90625,40.78125]]]},"properties":{"n":1}},{"type":"Feature","geometry":{"type":"Polygon","coordinates":[[[73.125,12.65625],[74.53125,12.65625],[74.53125,14.0625],[73.125,14.0625],[73.125,12.65625]]]},"properties":{"n":1}},{"type":"Feature","geometry":{"type":"Polygon","coordinates":[[[74.53125,8.4375],[75.9375,8.4375],[75.9375,9.84375],[74.53125,9.84375],[74.53125,8.4375]]]},"properties":{"n":1}},{"type":"Feature","geometry":{"type":"Polygon","coordinates":[[[4.21875,0],[5.625,0],[5.625,1.40625],[4.21875,1.40625],[4.21875,0]]]},"properties":{"n":1}},{"type":"Feature","geometry":{"type":"Polygon","coordinates":[[[-2.8125,75.9375],[-1.40625,75.9375],[-1.40625,77.34375],[-2.8125,77.34375],[-2.8125,75.9375]]]},"properties":{"n":1}},{"type":"Feature","geometry":{"type":"Polygon","coordinates":[[[-2.8125,74.53125],[-1.40625,74.53125],[-1.40625,75.9375],[-2.8125,75.9375],[-2.8125,74.53125]]]},"properties":{"n":1}},{"type":"Feature","geometry":{"type":"Polygon","coordinates":[[[-5.625,73.125],[-4.21875,73.125],[-4.21875,74.53125],[-5.625,74.53125],[-5.625,73.125]]]},"properties":{"n":1}},{"type":"Feature","geometry":{"type":"Polygon","coordinates":[[[-7.03125,74.53125],[-5.625,74.53125],[-5.625,75.9375],[-7.03125,75.9375],[-7.03125,74.53125]]]},"properties":{"n":1}},{"type":"Feature","geometry":{"type":"Polygon","coordinates":[[[-7.03125,73.125],[-5.625,73.125],[-5.625,74.53125],[-7.03125,74.53125],[-7.03125,73.125]]]},"properties":{"n":1}},{"type":"Feature","geometry":{"type":"Polygon","coordinates":[[[-11.25,71.71875],[-9.84375,71.71875],[-9.84375,73.125],[-11.25,73.125],[-11.25,71.71875]]]},"properties":{"n":1}},{"type":"Feature","geometry":{"type":"Polygon","coordinates":[[[-9.84375,67.5],[-8.4375,67.5],[-8.4375,68.90625],[-9.84375,68.90625],[-9.84375,67.5]]]},"properties":{"n":1}},{"type":"Feature","geometry":{"type":"Polygon","coordinates":[[[-12.65625,70.3125],[-11.25,70.3125],[-11.25,71.71875],[-12.65625,71.71875],[-12.65625,70.3125]]]},"properties":{"n":1}},{"type":"Feature","geometry":{"type":"Polygon","coordinates":[[[-14.0625,70.3125],[-12.65625,70.3125],[-12.65625,71.71875],[-14.0625,71.71875],[-14.0625,70.3125]]]},"properties":{"n":1}},{"type":"Feature","geometry":{"type":"Polygon","coordinates":[[[-15.46875,70.3125],[-14.0625,70.3125],[-14.0625,71.71875],[-15.46875,71.71875],[-15.46875,70.3125]]]},"properties":{"n":1}},{"type":"Feature","geometry":{"type":"Polygon","coordinates":[[[-12.65625,67.5],[-11.25,67.5],[-11.25,68.90625],[-12.65625,68.90625],[-12.65625,67.5]]]},"properties":{"n":1}},{"type":"Feature","geometry":{"type":"Polygon","coordinates":[[[-15.46875,68.90625],[-14.0625,68.90625],[-14.0625,70.3125],[-15.46875,70.3125],[-15.46875,68.90625]]]},"properties":{"n":1}},{"type":"Feature","geometry":{"type":"Polygon","coordinates":[[[-7.03125,61.875],[-5.625,61.875],[-5.625,63.28125],[-7.03125,63.28125],[-7.03125,61.875]]]},"properties":{"n":1}},{"type":"Feature","geometry":{"type":"Polygon","coordinates":[[[-8.4375,61.875],[-7.03125,61.875],[-7.03125,63.28125],[-8.4375,63.28125],[-8.4375,61.875]]]},"properties":{"n":1}},{"type":"Feature","geometry":{"type":"Polygon","coordinates":[[[-11.25,61.875],[-9.84375,61.875],[-9.84375,63.28125],[-11.25,63.28125],[-11.25,61.875]]]},"properties":{"n":1}},{"type":"Feature","geometry":{"type":"Polygon","coordinates":[[[-4.21875,56.25],[-2.8125,56.25],[-2.8125,57.65625],[-4.21875,57.65625],[-4.21875,56.25]]]},"properties":{"n":1}},{"type":"Feature","geometry":{"type":"Polygon","coordinates":[[[-9.84375,60.46875],[-8.4375,60.46875],[-8.4375,61.875],[-9.84375,61.875],[-9.84375,60.46875]]]},"properties":{"n":1}},{"type":"Feature","geometry":{"type":"Polygon","coordinates":[[[-11.25,60.46875],[-9.84375,60.46875],[-9.84375,61.875],[-11.25,61.875],[-11.25,60.46875]]]},"properties":{"n":1}},{"type":"Feature","geometry":{"type":"Polygon","coordinates":[[[-9.84375,59.0625],[-8.4375,59.0625],[-8.4375,60.46875],[-9.84375,60.46875],[-9.84375,59.0625]]]},"properties":{"n":1}},{"type":"Feature","geometry":{"type":"Polygon","coordinates":[[[-11.25,59.0625],[-9.84375,59.0625],[-9.84375,60.46875],[-11.25,60.46875],[-11.25,59.0625]]]},"properties":{"n":1}},{"type":"Feature","geometry":{"type":"Polygon","coordinates":[[[-14.0625,66.09375],[-12.65625,66.09375],[-12.65625,67.5],[-14.0625,67.5],[-14.0625,66.09375]]]},"properties":{"n":1}},{"type":"Feature","geometry":{"type":"Polygon","coordinates":[[[-14.0625,64.6875],[-12.65625,64.6875],[-12.65625,66.09375],[-14.0625,66.09375],[-14.0625,64.6875]]]},"properties":{"n":1}},{"type":"Feature","geometry":{"type":"Polygon","coordinates":[[[-12.65625,61.875],[-11.25,61.875],[-11.25,63.28125],[-12.65625,63.28125],[-12.65625,61.875]]]},"properties":{"n":1}},{"type":"Feature","geometry":{"type":"Polygon","coordinates":[[[-14.0625,61.875],[-12.65625,61.875],[-12.65625,63.28125],[-14.0625,63.28125],[-14.0625,61.875]]]},"properties":{"n":1}},{"type":"Feature","geometry":{"type":"Polygon","coordinates":[[[-12.65625,60.46875],[-11.25,60.46875],[-11.25,61.875],[-12.65625,61.875],[-12.65625,60.46875]]]},"properties":{"n":1}},{"type":"Feature","geometry":{"type":"Polygon","coordinates":[[[-2.8125,47.8125],[-1.40625,47.8125],[-1.40625,49.21875],[-2.8125,49.21875],[-2.8125,47.8125]]]},"properties":{"n":1}},{"type":"Feature","geometry":{"type":"Polygon","coordinates":[[[-4.21875,46.40625],[-2.8125,46.40625],[-2.8125,47.8125],[-4.21875,47.8125],[-4.21875,46.40625]]]},"properties":{"n":1}},{"type":"Feature","geometry":{"type":"Polygon","coordinates":[[[-8.4375,49.21875],[-7.03125,49.21875],[-7.03125,50.625],[-8.4375,50.625],[-8.4375,49.21875]]]},"properties":{"n":1}},{"type":"Feature","geometry":{"type":"Polygon","coordinates":[[[-8.4375,47.8125],[-7.03125,47.8125],[-7.03125,49.21875],[-8.4375,49.21875],[-8.4375,47.8125]]]},"properties":{"n":1}},{"type":"Feature","geometry":{"type":"Polygon","coordinates":[[[-12.65625,53.4375],[-11.25,53.4375],[-11.25,54.84375],[-12.65625,54.84375],[-12.65625,53.4375]]]},"properties":{"n":1}},{"type":"Feature","geometry":{"type":"Polygon","coordinates":[[[-23.90625,66.09375],[-22.5,66.09375],[-22.5,67.5],[-23.90625,67.5],[-23.90625,66.09375]]]},"properties":{"n":1}},{"type":"Feature","geometry":{"type":"Polygon","coordinates":[[[-45,59.0625],[-43.59375,59.0625],[-43.59375,60.46875],[-45,60.46875],[-45,59.0625]]]},"properties":{"n":1}},{"type":"Feature","geometry":{"type":"Polygon","coordinates":[[[-78.75,71.71875],[-77.34375,71.71875],[-77.34375,73.125],[-78.75,73.125],[-78.75,71.71875]]]},"properties":{"n":1}},{"type":"Feature","geometry":{"type":"Polygon","coordinates":[[[-63.28125,64.6875],[-61.875,64.6875],[-61.875,66.09375],[-63.28125,66.09375],[-63.28125,64.6875]]]},"properties":{"n":1}},{"type":"Feature","geometry":{"type":"Polygon","coordinates":[[[-63.28125,61.875],[-61.875,61.875],[-61.875,63.28125],[-63.28125,63.28125],[-63.28125,61.875]]]},"properties":{"n":1}},{"type":"Feature","geometry":{"type":"Polygon","coordinates":[[[-50.625,50.625],[-49.21875,50.625],[-49.21875,52.03125],[-50.625,52.03125],[-50.625,50.625]]]},"properties":{"n":1}},{"type":"Feature","geometry":{"type":"Polygon","coordinates":[[[-52.03125,52.03125],[-50.625,52.03125],[-50.625,53.4375],[-52.03125,53.4375],[-52.03125,52.03125]]]},"properties":{"n":1}},{"type":"Feature","geometry":{"type":"Polygon","coordinates":[[[-78.75,54.84375],[-77.34375,54.84375],[-77.34375,56.25],[-78.75,56.25],[-78.75,54.84375]]]},"properties":{"n":1}},{"type":"Feature","geometry":{"type":"Polygon","coordinates":[[[-80.15625,52.03125],[-78.75,52.03125],[-78.75,53.4375],[-80.15625,53.4375],[-80.15625,52.03125]]]},"properties":{"n":1}},{"type":"Feature","geometry":{"type":"Polygon","coordinates":[[[-9.84375,39.375],[-8.4375,39.375],[-8.4375,40.78125],[-9.84375,40.78125],[-9.84375,39.375]]]},"properties":{"n":1}},{"type":"Feature","geometry":{"type":"Polygon","coordinates":[[[-57.65625,40.78125],[-56.25,40.78125],[-56.25,42.1875],[-57.65625,42.1875],[-57.65625,40.78125]]]},"properties":{"n":1}},{"type":"Feature","geometry":{"type":"Polygon","coordinates":[[[-63.28125,39.375],[-61.875,39.375],[-61.875,40.78125],[-63.28125,40.78125],[-63.28125,39.375]]]},"properties":{"n":1}},{"type":"Feature","geometry":{"type":"Polygon","coordinates":[[[-68.90625,37.96875],[-67.5,37.96875],[-67.5,39.375],[-68.90625,39.375],[-68.90625,37.96875]]]},"properties":{"n":1}},{"type":"Feature","geometry":{"type":"Polygon","coordinates":[[[-73.125,36.5625],[-71.71875,36.5625],[-71.71875,37.96875],[-73.125,37.96875],[-73.125,36.5625]]]},"properties":{"n":1}},{"type":"Feature","geometry":{"type":"Polygon","coordinates":[[[-80.15625,28.125],[-78.75,28.125],[-78.75,29.53125],[-80.15625,29.53125],[-80.15625,28.125]]]},"properties":{"n":1}},{"type":"Feature","geometry":{"type":"Polygon","coordinates":[[[-66.09375,18.28125],[-64.6875,18.28125],[-64.6875,19.6875],[-66.09375,19.6875],[-66.09375,18.28125]]]},"properties":{"n":1}},{"type":"Feature","geometry":{"type":"Polygon","coordinates":[[[-73.125,18.28125],[-71.71875,18.28125],[-71.71875,19.6875],[-73.125,19.6875],[-73.125,18.28125]]]},"properties":{"n":1}},{"type":"Feature","geometry":{"type":"Polygon","coordinates":[[[-94.21875,60.46875],[-92.8125,60.46875],[-92.8125,61.875],[-94.21875,61.875],[-94.21875,60.46875]]]},"properties":{"n":1}},{"type":"Feature","geometry":{"type":"Polygon","coordinates":[[[-130.78125,53.4375],[-129.375,53.4375],[-129.375,54.84375],[-130.78125,54.84375],[-130.78125,53.4375]]]},"properties":{"n":1}},{"type":"Feature","geometry":{"type":"Polygon","coordinates":[[[-132.1875,53.4375],[-130.78125,53.4375],[-130.78125,54.84375],[-132.1875,54.84375],[-132.1875,53.4375]]]},"properties":{"n":1}},{"type":"Feature","geometry":{"type":"Polygon","coordinates":[[[-139.21875,68.90625],[-137.8125,68.90625],[-137.8125,70.3125],[-139.21875,70.3125],[-139.21875,68.90625]]]},"properties":{"n":1}},{"type":"Feature","geometry":{"type":"Polygon","coordinates":[[[-157.5,70.3125],[-156.09375,70.3125],[-156.09375,71.71875],[-157.5,71.71875],[-157.5,70.3125]]]},"properties":{"n":1}},{"type":"Feature","geometry":{"type":"Polygon","coordinates":[[[-167.34375,68.90625],[-165.9375,68.90625],[-165.9375,70.3125],[-167.34375,70.3125],[-167.34375,68.90625]]]},"properties":{"n":1}},{"type":"Feature","geometry":{"type":"Polygon","coordinates":[[[-153.28125,57.65625],[-151.875,57.65625],[-151.875,59.0625],[-153.28125,59.0625],[-153.28125,57.65625]]]},"properties":{"n":1}},{"type":"Feature","geometry":{"type":"Polygon","coordinates":[[[-153.28125,56.25],[-151.875,56.25],[-151.875,57.65625],[-153.28125,57.65625],[-153.28125,56.25]]]},"properties":{"n":1}},{"type":"Feature","geometry":{"type":"Polygon","coordinates":[[[-154.6875,56.25],[-153.28125,56.25],[-153.28125,57.65625],[-154.6875,57.65625],[-154.6875,56.25]]]},"properties":{"n":1}},{"type":"Feature","geometry":{"type":"Polygon","coordinates":[[[-177.1875,60.46875],[-175.78125,60.46875],[-175.78125,61.875],[-177.1875,61.875],[-177.1875,60.46875]]]},"properties":{"n":1}},{"type":"Feature","geometry":{"type":"Polygon","coordinates":[[[-177.1875,50.625],[-175.78125,50.625],[-175.78125,52.03125],[-177.1875,52.03125],[-177.1875,50.625]]]},"properties":{"n":1}},{"type":"Feature","geometry":{"type":"Polygon","coordinates":[[[-95.625,28.125],[-94.21875,28.125],[-94.21875,29.53125],[-95.625,29.53125],[-95.625,28.125]]]},"properties":{"n":1}},{"type":"Feature","geometry":{"type":"Polygon","coordinates":[[[-123.75,37.96875],[-122.34375,37.96875],[-122.34375,39.375],[-123.75,39.375],[-123.75,37.96875]]]},"properties":{"n":1}}]}